energy_index,E_center_MeV,sim_particles,event_count,status,budget_mode,primary_energy_MeV_sum,deposited_energy_MeV_sum,backscatter_energy_MeV_sum,escaped_forward_energy_MeV_sum,escaped_lateral_energy_MeV_sum,escaped_electron_energy_MeV_sum,escaped_photon_energy_MeV_sum,backscatter_electron_energy_MeV_sum,backscatter_photon_energy_MeV_sum,escaped_forward_electron_energy_MeV_sum,escaped_forward_photon_energy_MeV_sum,escaped_lateral_electron_energy_MeV_sum,escaped_lateral_photon_energy_MeV_sum,deflected_energy_MeV_sum,deposited_fraction,backscatter_fraction,escaped_forward_fraction,escaped_lateral_fraction,deflected_fraction,mean_primary_penetration_cm,mean_secondary_penetration_cm,mean_secondary_ke_mev
0,0.0100577306,10000,10000,ok_event_tree,event_tree,100.577,85.9852805,14.5917195,0,0,14.5917195,0,14.5917195,0,0,0,0,0,14.5917195,0.854919917,0.145080083,0,0,0.145080083,0.000228566289,0.000230937912,1.0085991e-05
1,0.0101741937,10000,10000,ok_event_tree,event_tree,101.742,87.508816,14.233184,0,0,14.233184,0,14.233184,0,0,0,0,0,14.233184,0.860105129,0.139894871,0,0,0.139894871,0.000234373995,0.0002369819,1.01354466e-05
2,0.0102920053,10000,10000,ok_event_tree,event_tree,102.92,87.9312617,14.9887383,0,0,14.9887383,0,14.9887383,0,0,0,0,0,14.9887383,0.854365155,0.145634845,0,0,0.145634845,0.000238132284,0.000240810871,1.00835448e-05
3,0.0104111811,10000,10000,ok_event_tree,event_tree,104.112,90.979776,13.132224,0,0,13.132224,0,13.132224,0,0,0,0,0,13.132224,0.873864454,0.126135546,0,0,0.126135546,0.000246081476,0.000247997121,1.02314649e-05
4,0.0105317369,10000,10000,ok_event_tree,event_tree,105.317,90.2933977,15.0236023,0,0,15.0236023,0,15.0236023,0,0,0,0,0,15.0236023,0.857348744,0.142651256,0,0,0.142651256,0.000247896171,0.000250131219,1.00762521e-05
5,0.0106536886,10000,10000,ok_event_tree,event_tree,106.537,91.6283505,14.9086495,0,0,14.9086495,0,14.9086495,0,0,0,0,0,14.9086495,0.860061298,0.139938702,0,0,0.139938702,0.000249009023,0.0002512222,1.03331475e-05
6,0.0107770525,10000,10000,ok_event_tree,event_tree,107.771,92.9528186,14.8181814,0,0,14.8181814,0,14.8181814,0,0,0,0,0,14.8181814,0.862503072,0.137496928,0,0,0.137496928,0.000259764733,0.000261787706,1.02049804e-05
7,0.0109018449,10000,10000,ok_event_tree,event_tree,109.018,91.7331287,17.2848713,0,0,17.2848713,0,17.2848713,0,0,0,0,0,17.2848713,0.841449382,0.158550618,0,0,0.158550618,0.00025350294,0.000256071014,1.03434238e-05
8,0.0110280823,10000,10000,ok_event_tree,event_tree,110.281,95.0477061,15.2332939,0,0,15.2332939,0,15.2332939,0,0,0,0,0,15.2332939,0.861868373,0.138131627,0,0,0.138131627,0.000270251823,0.000271979585,1.01362243e-05
9,0.0111557815,10000,10000,ok_event_tree,event_tree,111.558,95.8514362,15.7065638,0,0,15.7065638,0,15.7065638,0,0,0,0,0,15.7065638,0.859207194,0.140792806,0,0,0.140792806,0.000271079018,0.000272941075,1.04029463e-05
10,0.0112849594,10000,10000,ok_event_tree,event_tree,112.85,97.09007,15.75993,0,0,15.75993,0,15.75993,0,0,0,0,0,15.75993,0.860346211,0.139653789,0,0,0.139653789,0.000281624346,0.00028378262,1.03884263e-05
11,0.011415633,10000,10000,ok_event_tree,event_tree,114.156,97.0145946,17.1414054,0,0,17.1414054,0,17.1414054,0,0,0,0,0,17.1414054,0.849842274,0.150157726,0,0,0.150157726,0.000278822103,0.000281094422,1.04043638e-05
12,0.0115478198,10000,10000,ok_event_tree,event_tree,115.478,99.7500359,15.7279641,0,0,15.7279641,0,15.7279641,0,0,0,0,0,15.7279641,0.863801208,0.136198792,0,0,0.136198792,0.000296249731,0.000298413998,1.04497791e-05
13,0.0116815373,10000,10000,ok_event_tree,event_tree,116.815,100.252173,16.5628266,0,0,16.5628266,0,16.5628266,0,0,0,0,0,16.5628266,0.858213187,0.141786813,0,0,0.141786813,0.000294168011,0.000296053753,1.0391672e-05
14,0.0118168031,10000,10000,ok_event_tree,event_tree,118.168,101.870714,16.2972859,0,0,16.2972859,0,16.2972859,0,0,0,0,0,16.2972859,0.862083763,0.137916237,0,0,0.137916237,0.000303367692,0.00030532655,1.07421013e-05
15,0.0119536353,10000,10000,ok_event_tree,event_tree,119.536,102.414856,17.1211442,0,0,17.1211442,0,17.1211442,0,0,0,0,0,17.1211442,0.856769976,0.143230024,0,0,0.143230024,0.000312001941,0.000313906296,1.04855942e-05
16,0.0120920518,10000,10000,ok_event_tree,event_tree,120.921,104.364661,16.5563394,0,0,16.5563394,0,16.5563394,0,0,0,0,0,16.5563394,0.863081356,0.136918644,0,0,0.136918644,0.000312905423,0.000314675553,1.05523938e-05
17,0.0122320712,10000,10000,ok_event_tree,event_tree,122.321,104.740953,17.5800466,0,0,17.5800466,0,17.5800466,0,0,0,0,0,17.5800466,0.856279408,0.143720592,0,0,0.143720592,0.00031889317,0.000321433014,1.06499079e-05
18,0.0123737119,10000,10000,ok_event_tree,event_tree,123.737,106.291211,17.4457893,0,0,17.4457893,0,17.4457893,0,0,0,0,0,17.4457893,0.859009114,0.140990886,0,0,0.140990886,0.000325146572,0.000326445751,1.08057112e-05
19,0.0125169927,10000,10000,ok_event_tree,event_tree,125.17,106.582765,18.587235,0,0,18.587235,0,18.587235,0,0,0,0,0,18.587235,0.851504074,0.148495926,0,0,0.148495926,0.000327184428,0.000329346007,1.09227316e-05
20,0.0126619327,10000,10000,ok_event_tree,event_tree,126.619,108.257403,18.3615972,0,0,18.3615972,0,18.3615972,0,0,0,0,0,18.3615972,0.854985451,0.145014549,0,0,0.145014549,0.000338973328,0.000341137285,1.09551114e-05
21,0.0128085509,10000,10000,ok_event_tree,event_tree,128.086,110.615148,17.4708515,0,0,17.4708515,0,17.4708515,0,0,0,0,0,17.4708515,0.863600616,0.136399384,0,0,0.136399384,0.000349791397,0.000351106397,1.08242566e-05
22,0.012956867,10000,10000,ok_event_tree,event_tree,129.569,111.044515,18.524485,0,0,18.524485,0,18.524485,0,0,0,0,0,18.524485,0.857029961,0.142970039,0,0,0.142970039,0.000355868808,0.000357837384,1.07584162e-05
23,0.0131069004,10000,10000,ok_event_tree,event_tree,131.069,114.140153,16.9283833,0,0,16.9283833,0,16.9283833,0,0,0,0,0,16.9283833,0.870840189,0.129156271,0,0,0.129156271,0.000366237236,0.000367629853,1.08062074e-05
24,0.0132586712,10000,10000,ok_event_tree,event_tree,132.587,113.525625,19.0613754,0,0,19.0613754,0,19.0613754,0,0,0,0,0,19.0613754,0.85623496,0.14376504,0,0,0.14376504,0.000370532776,0.00037197928,1.08741816e-05
25,0.0134121994,10000,10000,ok_event_tree,event_tree,134.122,114.28177,19.8402303,0,0,19.8402303,0,19.8402303,0,0,0,0,0,19.8402303,0.85207326,0.14792674,0,0,0.14792674,0.000380068068,0.000381488115,1.0872001e-05
26,0.0135675053,10000,10000,ok_event_tree,event_tree,135.675,117.107116,18.5678838,0,0,18.5678838,0,18.5678838,0,0,0,0,0,18.5678838,0.863144398,0.136855602,0,0,0.136855602,0.000384722787,0.000386237477,1.09639242e-05
27,0.0137246096,10000,10000,ok_event_tree,event_tree,137.246,117.867287,19.3787132,0,0,19.3787132,0,19.3787132,0,0,0,0,0,19.3787132,0.858803075,0.141196925,0,0,0.141196925,0.000393978127,0.000396181672,1.11641996e-05
28,0.0138835331,10000,10000,ok_event_tree,event_tree,138.835,120.030662,18.8043376,0,0,18.8043376,0,18.8043376,0,0,0,0,0,18.8043376,0.864556217,0.135443783,0,0,0.135443783,0.000402185109,0.000404919193,1.11294395e-05
29,0.0140442968,10000,10000,ok_event_tree,event_tree,140.443,122.14658,18.2964198,0,0,18.2964198,0,18.2964198,0,0,0,0,0,18.2964198,0.869723519,0.130276481,0,0,0.130276481,0.000406976119,0.000408600263,1.11372966e-05
30,0.0142069221,10000,10000,ok_event_tree,event_tree,142.069,121.183202,20.885798,0,0,20.885798,0,20.885798,0,0,0,0,0,20.885798,0.852988351,0.147011649,0,0,0.147011649,0.000418403318,0.000419508613,1.10691756e-05
31,0.0143714305,10000,10000,ok_event_tree,event_tree,143.714,121.417583,22.2964165,0,0,22.2964165,0,22.2964165,0,0,0,0,0,22.2964165,0.84485564,0.15514436,0,0,0.15514436,0.00041469944,0.000416208504,1.11372746e-05
32,0.0145378439,10000,10000,ok_event_tree,event_tree,145.378,124.805175,20.572825,0,0,20.572825,0,20.572825,0,0,0,0,0,20.572825,0.858487357,0.141512643,0,0,0.141512643,0.00043698473,0.000438541154,1.10014862e-05
33,0.0147061842,10000,10000,ok_event_tree,event_tree,147.062,127.452283,19.6097174,0,0,19.6097174,0,19.6097174,0,0,0,0,0,19.6097174,0.866656802,0.133343198,0,0,0.133343198,0.000450752702,0.000452377092,1.11155285e-05
34,0.0148764737,10000,10000,ok_event_tree,event_tree,148.765,128.627102,20.1378746,0,0,20.1378746,0,20.1378746,0,0,0,0,0,20.1378746,0.864632827,0.135367019,0,0,0.135367019,0.000454479381,0.000455683256,1.12628294e-05
35,0.0150487352,10000,10000,ok_event_tree,event_tree,150.487,127.750665,22.7363348,0,0,22.7363348,0,22.7363348,0,0,0,0,0,22.7363348,0.848914957,0.151085043,0,0,0.151085043,0.000455826891,0.000457187035,1.11672996e-05
36,0.0152229913,10000,10000,ok_event_tree,event_tree,152.23,129.555247,22.6747525,0,0,22.6747525,0,22.6747525,0,0,0,0,0,22.6747525,0.851049382,0.148950618,0,0,0.148950618,0.000464689323,0.000466293509,1.1372692e-05
37,0.0153992653,10000,10000,ok_event_tree,event_tree,153.993,132.081657,21.9113433,0,0,21.9113433,0,21.9113433,0,0,0,0,0,21.9113433,0.857712082,0.142287918,0,0,0.142287918,0.000484052565,0.000484982524,1.09878745e-05
38,0.0155775803,10000,10000,ok_event_tree,event_tree,155.776,134.524547,21.2514528,0,0,21.2514528,0,21.2514528,0,0,0,0,0,21.2514528,0.863576849,0.136423151,0,0,0.136423151,0.000498111814,0.000498895076,1.12663857e-05
39,0.0157579602,10000,10000,ok_event_tree,event_tree,157.58,134.653555,22.9264452,0,0,22.9264452,0,22.9264452,0,0,0,0,0,22.9264452,0.854509169,0.145490831,0,0,0.145490831,0.000502776036,0.000504079927,1.14209697e-05
40,0.0159404288,10000,10000,ok_event_tree,event_tree,159.404,137.726369,21.6776307,0,0,21.6776307,0,21.6776307,0,0,0,0,0,21.6776307,0.864008239,0.135991761,0,0,0.135991761,0.000516703008,0.000517976419,1.12821512e-05
41,0.0161250103,10000,10000,ok_event_tree,event_tree,161.25,137.89513,23.3548699,0,0,23.3548699,0,23.3548699,0,0,0,0,0,23.3548699,0.855163598,0.144836402,0,0,0.144836402,0.00051126359,0.000512362083,1.14813363e-05
42,0.0163117291,10000,10000,ok_event_tree,event_tree,163.117,140.064225,23.0527754,0,0,23.0527754,0,23.0527754,0,0,0,0,0,23.0527754,0.858673373,0.141326627,0,0,0.141326627,0.000532437428,0.00053350206,1.1535e-05
43,0.01650061,10000,10000,ok_event_tree,event_tree,165.006,141.960726,23.0452741,0,0,23.0452741,0,23.0452741,0,0,0,0,0,23.0452741,0.860336751,0.139663249,0,0,0.139663249,0.000555888248,0.000557234988,1.13377442e-05
44,0.0166916781,10000,10000,ok_event_tree,event_tree,166.917,144.174444,22.7425557,0,0,22.7425557,0,22.7425557,0,0,0,0,0,22.7425557,0.863749314,0.136250686,0,0,0.136250686,0.000551187372,0.000551972309,1.14998706e-05
45,0.0168849586,10000,10000,ok_event_tree,event_tree,168.85,144.487185,24.3628149,0,0,24.3628149,0,24.3628149,0,0,0,0,0,24.3628149,0.855713267,0.144286733,0,0,0.144286733,0.000560348264,0.000561259522,1.1506145e-05
46,0.0170804772,10000,10000,ok_event_tree,event_tree,170.805,146.822532,23.9824676,0,0,23.9824676,0,23.9824676,0,0,0,0,0,23.9824676,0.859591536,0.140408464,0,0,0.140408464,0.000570784279,0.000571639452,1.1487717e-05
47,0.0172782598,10000,10000,ok_event_tree,event_tree,172.783,147.595613,25.1873865,0,0,25.1873865,0,25.1873865,0,0,0,0,0,25.1873865,0.85422532,0.14577468,0,0,0.14577468,0.000585585338,0.000586854658,1.13177296e-05
48,0.0174783326,10000,10000,ok_event_tree,event_tree,174.783,150.216952,24.5660478,0,0,24.5660478,0,24.5660478,0,0,0,0,0,24.5660478,0.8594483,0.1405517,0,0,0.1405517,0.000602487613,0.000603349565,1.17094747e-05
49,0.0176807222,10000,10000,ok_event_tree,event_tree,176.807,151.038046,25.768954,0,0,25.768954,0,25.768954,0,0,0,0,0,25.768954,0.854253768,0.145746232,0,0,0.145746232,0.000597375506,0.000597734667,1.17466482e-05
50,0.0178854553,10000,10000,ok_event_tree,event_tree,178.855,154.615798,24.2392023,0,0,24.2392023,0,24.2392023,0,0,0,0,0,24.2392023,0.86447568,0.13552432,0,0,0.13552432,0.000632564402,0.000632861065,1.14032156e-05
51,0.0180925591,10000,10000,ok_event_tree,event_tree,180.926,154.824013,26.1019867,0,0,26.1019867,0,26.1019867,0,0,0,0,0,26.1019867,0.855731146,0.144268854,0,0,0.144268854,0.000637845485,0.000638454646,1.16711216e-05
52,0.0183020611,10000,10000,ok_event_tree,event_tree,183.021,158.175691,24.845309,0,0,24.845309,0,24.845309,0,0,0,0,0,24.845309,0.864248862,0.135751138,0,0,0.135751138,0.000651222099,0.000651456765,1.15888819e-05
53,0.0185139889,10000,10000,ok_event_tree,event_tree,185.14,160.127637,25.012363,0,0,25.012363,0,25.012363,0,0,0,0,0,25.012363,0.864900276,0.135099724,0,0,0.135099724,0.00067521854,0.000675261144,1.15015605e-05
54,0.0187283708,10000,10000,ok_event_tree,event_tree,187.284,161.682673,25.6013267,0,0,25.6013267,0,25.6013267,0,0,0,0,0,25.6013267,0.863302115,0.136697885,0,0,0.136697885,0.000689718998,0.000689813616,1.17655549e-05
55,0.0189452351,10000,10000,ok_event_tree,event_tree,189.452,164.470217,24.9817835,0,0,24.9817835,0,24.9817835,0,0,0,0,0,24.9817835,0.868136607,0.131863393,0,0,0.131863393,0.000704344867,0.000704340374,1.17361199e-05
56,0.0191646106,10000,10000,ok_event_tree,event_tree,191.646,165.112434,26.5335657,0,0,26.5335657,0,26.5335657,0,0,0,0,0,26.5335657,0.861549076,0.138450924,0,0,0.138450924,0.000702900976,0.00070410204,1.17326065e-05
57,0.0193865264,10000,10000,ok_event_tree,event_tree,193.865,164.912975,28.9520248,0,0,28.9520248,0,28.9520248,0,0,0,0,0,28.9520248,0.850658836,0.149341164,0,0,0.149341164,0.000719697673,0.000720048446,1.15818162e-05
58,0.0196110118,10000,10000,ok_event_tree,event_tree,196.11,167.23421,28.8757895,0,0,28.8757895,0,28.8757895,0,0,0,0,0,28.8757895,0.852757179,0.147242821,0,0,0.147242821,0.000720629822,0.000720680907,1.17194039e-05
59,0.0198380966,10000,10000,ok_event_tree,event_tree,198.381,170.343646,28.0373541,0,0,28.0373541,0,28.0373541,0,0,0,0,0,28.0373541,0.858669156,0.141330844,0,0,0.141330844,0.000749605664,0.000750287845,1.20068805e-05
60,0.0200678109,10000,10000,ok_event_tree,event_tree,200.678,173.142784,27.5352159,0,0,27.5352159,0,27.5352159,0,0,0,0,0,27.5352159,0.862789066,0.137210934,0,0,0.137210934,0.000766940891,0.00076700652,1.18062727e-05
61,0.0203001852,10000,10000,ok_event_tree,event_tree,203.002,173.465723,29.5362768,0,0,29.5362768,0,29.5362768,0,0,0,0,0,29.5362768,0.854502533,0.145497467,0,0,0.145497467,0.000771649344,0.000772063788,1.18185333e-05
62,0.0205352503,10000,10000,ok_event_tree,event_tree,205.353,173.908474,31.4445259,0,0,31.4445259,0,31.4445259,0,0,0,0,0,31.4445259,0.846875741,0.153124259,0,0,0.153124259,0.000794172043,0.000795667011,1.20717606e-05
63,0.0207730373,10000,10000,ok_event_tree,event_tree,207.73,177.557229,30.1727707,0,0,30.1727707,0,30.1727707,0,0,0,0,0,30.1727707,0.854750057,0.145249943,0,0,0.145249943,0.000812451106,0.000812524766,1.17946479e-05
64,0.0210135777,10000,10000,ok_event_tree,event_tree,210.136,180.43235,29.7036503,0,0,29.7036503,0,29.7036503,0,0,0,0,0,29.7036503,0.85864559,0.14135441,0,0,0.14135441,0.000829390832,0.000830747969,1.22139751e-05
65,0.0212569035,10000,10000,ok_event_tree,event_tree,212.569,181.88879,30.6802096,0,0,30.6802096,0,30.6802096,0,0,0,0,0,30.6802096,0.855669408,0.144330592,0,0,0.144330592,0.000845580597,0.000847191556,1.21294369e-05
66,0.0215030468,10000,10000,ok_event_tree,event_tree,215.03,184.574839,30.4551611,0,0,30.4551611,0,30.4551611,0,0,0,0,0,30.4551611,0.85836785,0.14163215,0,0,0.14163215,0.000860154759,0.000860980206,1.25007731e-05
67,0.0217520403,10000,10000,ok_event_tree,event_tree,217.52,189.8137,27.7062997,0,0,27.7062997,0,27.7062997,0,0,0,0,0,27.7062997,0.872626426,0.127373574,0,0,0.127373574,0.000898175099,0.000898201872,1.22147075e-05
68,0.0220039171,10000,10000,ok_event_tree,event_tree,220.039,187.173668,32.865332,0,0,32.865332,0,32.865332,0,0,0,0,0,32.865332,0.850638605,0.149361395,0,0,0.149361395,0.000893316284,0.000893236237,1.26498028e-05
69,0.0222587104,10000,10000,ok_event_tree,event_tree,222.587,191.045499,31.5415009,0,0,31.5415009,0,31.5415009,0,0,0,0,0,31.5415009,0.858295853,0.141704147,0,0,0.141704147,0.000904862272,0.000905003444,1.27490737e-05
70,0.0225164542,10000,10000,ok_event_tree,event_tree,225.165,193.381284,31.7836796,0,0,31.7836796,0,31.7836796,0,0,0,0,0,31.7836796,0.858842554,0.141157283,0,0,0.141157283,0.000932560699,0.000933451488,1.24756327e-05
71,0.0227771824,10000,10000,ok_event_tree,event_tree,227.772,196.515935,31.2560655,0,0,31.2560655,0,31.2560655,0,0,0,0,0,31.2560655,0.862774768,0.137225232,0,0,0.137225232,0.000965241475,0.000965071644,1.27911734e-05
72,0.0230409298,10000,10000,ok_event_tree,event_tree,230.409,197.156888,33.2521116,0,0,33.2521116,0,33.2521116,0,0,0,0,0,33.2521116,0.855682236,0.144317764,0,0,0.144317764,0.000960661386,0.00096065069,1.27633315e-05
73,0.0233077312,10000,10000,ok_event_tree,event_tree,233.077,202.060259,31.0167411,0,0,31.0167411,0,31.0167411,0,0,0,0,0,31.0167411,0.866924917,0.133075083,0,0,0.133075083,0.00100578097,0.00100576878,1.26583535e-05
74,0.023577622,10000,10000,ok_event_tree,event_tree,235.776,202.520077,33.2559231,0,0,33.2559231,0,33.2559231,0,0,0,0,0,33.2559231,0.858951195,0.141048805,0,0,0.141048805,0.00100117148,0.00100214112,1.32521199e-05
75,0.023850638,10000,10000,ok_event_tree,event_tree,238.506,205.924276,32.5817236,0,0,32.5817236,0,32.5817236,0,0,0,0,0,32.5817236,0.863392436,0.136607564,0,0,0.136607564,0.00102991913,0.00102936413,1.2883958e-05
76,0.0241268153,10000,10000,ok_event_tree,event_tree,241.268,209.481424,31.7865764,0,0,31.7865764,0,31.7865764,0,0,0,0,0,31.7865764,0.868252,0.131748,0,0,0.131748,0.00106821137,0.00106858781,1.2906255e-05
77,0.0244061907,10000,10000,ok_event_tree,event_tree,244.062,210.762792,33.2992083,0,0,33.2992083,0,33.2992083,0,0,0,0,0,33.2992083,0.863562503,0.136437497,0,0,0.136437497,0.00108586497,0.00108589356,1.32320293e-05
78,0.024688801,10000,10000,ok_event_tree,event_tree,246.888,213.609582,33.2784178,0,0,33.2784178,0,33.2784178,0,0,0,0,0,33.2784178,0.865208444,0.134791556,0,0,0.134791556,0.00109062337,0.00109103334,1.30539886e-05
79,0.0249746839,10000,10000,ok_event_tree,event_tree,249.747,215.704439,34.0425611,0,0,34.0425611,0,34.0425611,0,0,0,0,0,34.0425611,0.863691812,0.136308188,0,0,0.136308188,0.00111684131,0.00111721659,1.3346007e-05
80,0.0252638771,10000,10000,ok_event_tree,event_tree,252.639,215.819679,36.8193206,0,0,36.8193206,0,36.8193206,0,0,0,0,0,36.8193206,0.854261137,0.145738863,0,0,0.145738863,0.00112616077,0.00112625654,1.30048541e-05
81,0.025556419,10000,10000,ok_event_tree,event_tree,255.564,219.590505,35.973495,0,0,35.973495,0,35.973495,0,0,0,0,0,35.973495,0.859238801,0.140761199,0,0,0.140761199,0.00116886054,0.00116830403,1.31666879e-05
82,0.0258523484,10000,10000,ok_event_tree,event_tree,258.523,226.881152,31.6418476,0,0,31.6418476,0,31.6418476,0,0,0,0,0,31.6418476,0.87760529,0.12239471,0,0,0.12239471,0.00120820283,0.0012072348,1.34959205e-05
83,0.0261517045,10000,10000,ok_event_tree,event_tree,261.517,224.755805,36.7611952,0,0,36.7611952,0,36.7611952,0,0,0,0,0,36.7611952,0.859430954,0.140569046,0,0,0.140569046,0.00122004449,0.00122130762,1.32211309e-05
84,0.0264545269,10000,10000,ok_event_tree,event_tree,264.545,229.845589,34.6994111,0,0,34.6994111,0,34.6994111,0,0,0,0,0,34.6994111,0.868833616,0.131166384,0,0,0.131166384,0.00124874662,0.00124855875,1.35545706e-05
85,0.0267608559,10000,10000,ok_event_tree,event_tree,267.609,230.246149,37.3628512,0,0,37.3628512,0,37.3628512,0,0,0,0,0,37.3628512,0.860382681,0.139617319,0,0,0.139617319,0.00125816054,0.00125765452,1.34107759e-05
86,0.027070732,10000,10000,ok_event_tree,event_tree,270.707,234.040077,36.6669227,0,0,36.6669227,0,36.6669227,0,0,0,0,0,36.6669227,0.864551258,0.135448742,0,0,0.135448742,0.00128849213,0.00128840177,1.36614287e-05
87,0.0273841963,10000,10000,ok_event_tree,event_tree,273.842,236.904327,36.9376731,0,0,36.9376731,0,36.9376731,0,0,0,0,0,36.9376731,0.865113193,0.134886807,0,0,0.134886807,0.00132827152,0.00132748583,1.33634614e-05
88,0.0277012904,10000,10000,ok_event_tree,event_tree,277.013,239.67869,37.33431,0,0,37.33431,0,37.33431,0,0,0,0,0,37.33431,0.865225423,0.134774577,0,0,0.134774577,0.00134911714,0.0013490124,1.36465649e-05
89,0.0280220562,10000,10000,ok_event_tree,event_tree,280.221,241.021784,39.1992159,0,0,39.1992159,0,39.1992159,0,0,0,0,0,39.1992159,0.860113211,0.139886789,0,0,0.139886789,0.00136178309,0.00136133849,1.35161793e-05
90,0.0283465363,10000,10000,ok_event_tree,event_tree,283.465,245.472861,37.9921387,0,0,37.9921387,0,37.9921387,0,0,0,0,0,37.9921387,0.865972382,0.134027618,0,0,0.134027618,0.00140997094,0.00140883257,1.37697192e-05
91,0.0286747738,10000,10000,ok_event_tree,event_tree,286.748,247.514345,39.2336551,0,0,39.2336551,0,39.2336551,0,0,0,0,0,39.2336551,0.863177232,0.136822768,0,0,0.136822768,0.00142769406,0.00142806197,1.38750189e-05
92,0.029006812,10000,10000,ok_event_tree,event_tree,290.068,250.172194,39.8958063,0,0,39.8958063,0,39.8958063,0,0,0,0,0,39.8958063,0.862460505,0.137539495,0,0,0.137539495,0.00146081656,0.00146065343,1.37692672e-05
93,0.029342695,10000,10000,ok_event_tree,event_tree,293.427,255.131501,38.2954986,0,0,38.2954986,0,38.2954986,0,0,0,0,0,38.2954986,0.869488838,0.130511162,0,0,0.130511162,0.00151054184,0.00151027472,1.37344914e-05
94,0.0296824674,10000,10000,ok_event_tree,event_tree,296.825,256.432496,40.3925042,0,0,40.3925042,0,40.3925042,0,0,0,0,0,40.3925042,0.86391812,0.13608188,0,0,0.13608188,0.0015236605,0.00152310415,1.40406034e-05
95,0.0300261742,10000,10000,ok_event_tree,event_tree,300.262,254.181468,46.0805317,0,0,46.0805317,0,46.0805317,0,0,0,0,0,46.0805317,0.846532256,0.153467744,0,0,0.153467744,0.00153291655,0.00153318077,1.40494743e-05
96,0.0303738609,10000,10000,ok_event_tree,event_tree,303.739,263.675695,40.0633046,0,0,40.0633046,0,40.0633046,0,0,0,0,0,40.0633046,0.86809957,0.13190043,0,0,0.13190043,0.00158834216,0.00158861298,1.39049741e-05
97,0.0307255737,10000,10000,ok_event_tree,event_tree,307.256,263.828495,43.4275047,0,0,43.4275047,0,43.4275047,0,0,0,0,0,43.4275047,0.85866019,0.14133981,0,0,0.14133981,0.00160529446,0.00160454075,1.41472731e-05
98,0.031081359,10000,10000,ok_event_tree,event_tree,310.814,265.070212,45.7437876,0,0,45.7437876,0,45.7437876,0,0,0,0,0,45.7437876,0.852825846,0.147174154,0,0,0.147174154,0.0016438114,0.00164328404,1.43005897e-05
99,0.0314412642,10000,10000,ok_event_tree,event_tree,314.413,272.95051,41.4624896,0,0,41.4624896,0,41.4624896,0,0,0,0,0,41.4624896,0.868127305,0.131872695,0,0,0.131872695,0.00170660758,0.00170506258,1.41369644e-05
100,0.0318053369,10000,10000,ok_event_tree,event_tree,318.053,274.831868,43.2211323,0,0,43.2211323,0,43.2211323,0,0,0,0,0,43.2211323,0.864107138,0.135892862,0,0,0.135892862,0.00170552566,0.00170462222,1.43181502e-05
101,0.0321736253,10000,10000,ok_event_tree,event_tree,321.736,279.292786,42.4432145,0,0,42.4432145,0,42.4432145,0,0,0,0,0,42.4432145,0.868080617,0.131919383,0,0,0.131919383,0.00178282499,0.0017820845,1.45269935e-05
102,0.0325461783,10000,10000,ok_event_tree,event_tree,325.462,283.501218,41.9607823,0,0,41.9607823,0,41.9607823,0,0,0,0,0,41.9607823,0.871073175,0.128926825,0,0,0.128926825,0.00179168775,0.00179059286,1.46469592e-05
103,0.0329230453,10000,10000,ok_event_tree,event_tree,329.23,283.268835,45.9611648,0,0,45.9611648,0,45.9611648,0,0,0,0,0,45.9611648,0.860398005,0.139601995,0,0,0.139601995,0.00179458653,0.00179317682,1.46529507e-05
104,0.0333042762,10000,10000,ok_event_tree,event_tree,333.043,286.673805,46.3691953,0,0,46.3691953,0,46.3691953,0,0,0,0,0,46.3691953,0.860771146,0.139228854,0,0,0.139228854,0.00185172441,0.00185038487,1.4715614e-05
105,0.0336899216,10000,10000,ok_event_tree,event_tree,336.899,290.451824,46.4471761,0,0,46.4471761,0,46.4471761,0,0,0,0,0,46.4471761,0.862133232,0.137866768,0,0,0.137866768,0.0018934489,0.00189226176,1.51073784e-05
106,0.0340800325,10000,10000,ok_event_tree,event_tree,340.8,292.719846,48.0801544,0,0,48.0801544,0,48.0801544,0,0,0,0,0,48.0801544,0.858919735,0.141080265,0,0,0.141080265,0.00191605516,0.00191570814,1.52077562e-05
107,0.0344746607,10000,10000,ok_event_tree,event_tree,344.747,296.787137,47.9598631,0,0,47.9598631,0,47.9598631,0,0,0,0,0,47.9598631,0.860883886,0.139116114,0,0,0.139116114,0.00195249424,0.00195130967,1.49916044e-05
108,0.0348738584,10000,10000,ok_event_tree,event_tree,348.739,301.203869,47.5351314,0,0,47.5351314,0,47.5351314,0,0,0,0,0,47.5351314,0.863694249,0.136305751,0,0,0.136305751,0.00202210286,0.00202069187,1.52918055e-05
109,0.0352776787,10000,10000,ok_event_tree,event_tree,352.777,306.940829,45.8361706,0,0,45.8361706,0,45.8361706,0,0,0,0,0,45.8361706,0.870070411,0.129929589,0,0,0.129929589,0.00203510701,0.00203387593,1.52155183e-05
110,0.0356861749,10000,10000,ok_event_tree,event_tree,356.862,307.642667,49.2193327,0,0,49.2193327,0,49.2193327,0,0,0,0,0,49.2193327,0.862077406,0.137922594,0,0,0.137922594,0.00208803834,0.00208733386,1.57713156e-05
111,0.0360994014,10000,10000,ok_event_tree,event_tree,360.994,311.76988,49.2241199,0,0,49.2241199,0,49.2241199,0,0,0,0,0,49.2241199,0.863642831,0.136357169,0,0,0.136357169,0.00213606198,0.00213341224,1.53137371e-05
112,0.0365174127,10000,10000,ok_event_tree,event_tree,365.174,310.905476,54.2685243,0,0,54.2685243,0,54.2685243,0,0,0,0,0,54.2685243,0.851389956,0.148610044,0,0,0.148610044,0.00211641517,0.0021155065,1.51919643e-05
113,0.0369402644,10000,10000,ok_event_tree,event_tree,369.403,321.950169,47.4528315,0,0,47.4528315,0,47.4528315,0,0,0,0,0,47.4528315,0.871541835,0.128458165,0,0,0.128458165,0.00223011277,0.00223003522,1.54792682e-05
114,0.0373680125,10000,10000,ok_event_tree,event_tree,373.68,319.741724,53.9382764,0,0,53.9382764,0,53.9382764,0,0,0,0,0,53.9382764,0.855656507,0.144343493,0,0,0.144343493,0.00220447404,0.00220295051,1.5629131e-05
115,0.0378007137,10000,10000,ok_event_tree,event_tree,378.007,326.709593,51.2974071,0,0,51.2974071,0,51.2974071,0,0,0,0,0,51.2974071,0.864295087,0.135704913,0,0,0.135704913,0.00234450793,0.00234134592,1.58325699e-05
116,0.0382384254,10000,10000,ok_event_tree,event_tree,382.384,326.270666,56.1133339,0,0,56.1133339,0,56.1133339,0,0,0,0,0,56.1133339,0.85325397,0.14674603,0,0,0.14674603,0.00232024372,0.00231851584,1.57618384e-05
117,0.0386812055,10000,10000,ok_event_tree,event_tree,386.812,336.197401,50.6145986,0,0,50.6145986,0,50.6145986,0,0,0,0,0,50.6145986,0.869149358,0.130850642,0,0,0.130850642,0.00245196865,0.00245157626,1.57541719e-05
118,0.0391291127,10000,10000,ok_event_tree,event_tree,391.291,337.363175,53.9278254,0,0,53.9278254,0,53.9278254,0,0,0,0,0,53.9278254,0.862179745,0.137820255,0,0,0.137820255,0.00246529705,0.00246479669,1.59166968e-05
119,0.0395822065,10000,10000,ok_event_tree,event_tree,395.822,340.263564,55.5584356,0,0,55.5584356,0,55.5584356,0,0,0,0,0,55.5584356,0.859637828,0.140362172,0,0,0.140362172,0.00252556212,0.00252544211,1.59163187e-05
120,0.0400405468,10000,10000,ok_event_tree,event_tree,400.405,346.27711,54.1278896,0,0,54.1278896,0,54.1278896,0,0,0,0,0,54.1278896,0.864817149,0.135182851,0,0,0.135182851,0.00256868915,0.00256737803,1.6340499e-05
121,0.0405041945,10000,10000,ok_event_tree,event_tree,405.042,349.384416,55.6575835,0,0,55.6575835,0,55.6575835,0,0,0,0,0,55.6575835,0.862588118,0.137411882,0,0,0.137411882,0.00264458588,0.00264504314,1.6529023e-05
122,0.040973211,10000,10000,ok_event_tree,event_tree,409.732,350.759515,58.972485,0,0,58.972485,0,58.972485,0,0,0,0,0,58.972485,0.85607059,0.14392941,0,0,0.14392941,0.00258893548,0.00258743213,1.62974524e-05
123,0.0414476584,10000,10000,ok_event_tree,event_tree,414.477,360.848235,53.6287649,0,0,53.6287649,0,53.6287649,0,0,0,0,0,53.6287649,0.870610999,0.129389001,0,0,0.129389001,0.0027781854,0.00277713281,1.569898e-05
124,0.0419275997,10000,10000,ok_event_tree,event_tree,419.276,362.01442,57.2615796,0,0,57.2615796,0,57.2615796,0,0,0,0,0,57.2615796,0.863427481,0.136572519,0,0,0.136572519,0.00275896992,0.00275741972,1.64664236e-05
125,0.0424130984,10000,10000,ok_event_tree,event_tree,424.131,367.914087,56.2169134,0,0,56.2169134,0,56.2169134,0,0,0,0,0,56.2169134,0.867453892,0.132546108,0,0,0.132546108,0.00283927699,0.00283916559,1.67063126e-05
126,0.0429042189,10000,10000,ok_event_tree,event_tree,429.042,370.621507,58.4204929,0,0,58.4204929,0,58.4204929,0,0,0,0,0,58.4204929,0.863835026,0.136164974,0,0,0.136164974,0.00292221413,0.00292001931,1.64254489e-05
127,0.0434010264,10000,10000,ok_event_tree,event_tree,434.01,375.785616,58.2243843,0,0,58.2243843,0,58.2243843,0,0,0,0,0,58.2243843,0.865845524,0.134154476,0,0,0.134154476,0.00294181956,0.00293991729,1.66557213e-05
128,0.0439035866,10000,18460,ok_event_tree,event_tree,810.460456,697.036967,113.423489,0,0,113.423489,0,113.423489,0,0,0,0,0,113.423489,0.860050558,0.139949442,0,0,0.139949442,0.0029916204,0.00299117048,1.65122471e-05
129,0.0444119661,10000,10090,ok_event_tree,event_tree,448.11708,386.378909,61.7381711,0,0,61.7381711,0,61.7381711,0,0,0,0,0,61.7381711,0.862227588,0.137772412,0,0,0.137772412,0.00304459582,0.00304707566,1.68700501e-05
130,0.0449262325,10000,10540,ok_event_tree,event_tree,473.522148,403.8955,69.6266475,0,0,69.6266475,0,69.6266475,0,0,0,0,0,69.6266475,0.852960104,0.147039896,0,0,0.147039896,0.00309667853,0.00309357935,1.67158375e-05
131,0.0454464537,10000,10090,ok_event_tree,event_tree,458.555185,398.800554,59.7546312,0,0,59.7546312,0,59.7546312,0,0,0,0,0,59.7546312,0.869689335,0.130310665,0,0,0.130310665,0.00324996329,0.00324951511,1.67026894e-05
132,0.0459726989,10000,10090,ok_event_tree,event_tree,463.864543,403.200704,60.6638391,0,0,60.6638391,0,60.6638391,0,0,0,0,0,60.6638391,0.869220789,0.130779211,0,0,0.130779211,0.00327122383,0.00326855425,1.73476915e-05
133,0.0465050376,10000,10090,ok_event_tree,event_tree,469.23545,409.203298,60.032152,0,0,60.032152,0,60.032152,0,0,0,0,0,60.032152,0.872063903,0.127936097,0,0,0.127936097,0.00336695785,0.0033664061,1.72845138e-05
134,0.0470435406,10000,10090,ok_event_tree,event_tree,474.668915,408.267706,66.4012089,0,0,66.4012089,0,66.4012089,0,0,0,0,0,66.4012089,0.860110475,0.139889525,0,0,0.139889525,0.00339901685,0.00340117453,1.7419474e-05
135,0.0475882791,10000,10090,ok_event_tree,event_tree,480.165947,412.228491,67.9374562,0,0,67.9374562,0,67.9374562,0,0,0,0,0,67.9374562,0.858512548,0.141487452,0,0,0.141487452,0.00339690018,0.00339435622,1.77716539e-05
136,0.0481393254,10000,10090,ok_event_tree,event_tree,485.725537,415.642415,70.0831219,0,0,70.0831219,0,70.0831219,0,0,0,0,0,70.0831219,0.855714562,0.144285438,0,0,0.144285438,0.00349527339,0.00349307371,1.82203131e-05
137,0.0486967525,10000,10090,ok_event_tree,event_tree,491.350712,425.592698,65.7580143,0,0,65.7580143,0,65.7580143,0,0,0,0,0,65.7580143,0.866168884,0.133831116,0,0,0.133831116,0.00365552248,0.00365242472,1.74767455e-05
138,0.0492606343,10000,10000,ok_event_tree,event_tree,492.606,423.768673,68.8373267,0,0,68.8373267,0,68.8373267,0,0,0,0,0,68.8373267,0.860258855,0.139741145,0,0,0.139741145,0.00363983809,0.00363987393,1.84566048e-05
139,0.0498310456,10000,10000,ok_event_tree,event_tree,498.31,430.228003,68.0819969,0,0,68.0819969,0,68.0819969,0,0,0,0,0,68.0819969,0.863374211,0.136625789,0,0,0.136625789,0.00378190922,0.00377896326,1.80143119e-05
140,0.0504080619,10000,10000,ok_event_tree,event_tree,504.081,437.451735,66.6292654,0,0,66.6292654,0,66.6292654,0,0,0,0,0,66.6292654,0.86782032,0.13217968,0,0,0.13217968,0.0038385584,0.0038376277,1.88403709e-05
141,0.0509917598,10000,10000,ok_event_tree,event_tree,509.918,442.976515,66.9414852,0,0,66.9414852,0,66.9414852,0,0,0,0,0,66.9414852,0.868721078,0.131278922,0,0,0.131278922,0.00392158539,0.00391857428,1.85243839e-05
142,0.0515822165,10000,10000,ok_event_tree,event_tree,515.822,445.639504,70.1824964,0,0,70.1824964,0,70.1824964,0,0,0,0,0,70.1824964,0.863940475,0.136059525,0,0,0.136059525,0.00396846285,0.00396784821,1.84017105e-05
143,0.0521795104,10000,10000,ok_event_tree,event_tree,521.795,452.297748,69.497252,0,0,69.497252,0,69.497252,0,0,0,0,0,69.497252,0.866811196,0.133188804,0,0,0.133188804,0.00406483918,0.00406283661,1.88170153e-05
144,0.0527837207,10000,10000,ok_event_tree,event_tree,527.837,456.990559,70.8464406,0,0,70.8464406,0,70.8464406,0,0,0,0,0,70.8464406,0.8657797,0.1342203,0,0,0.1342203,0.00414592344,0.00414627579,1.89780644e-05
145,0.0533949274,10000,10000,ok_event_tree,event_tree,533.949,464.207603,69.7413974,0,0,69.7413974,0,69.7413974,0,0,0,0,0,69.7413974,0.869385658,0.130614342,0,0,0.130614342,0.00429566086,0.0042942098,1.90811399e-05
146,0.0540132115,10000,10000,ok_event_tree,event_tree,540.132,466.04275,74.0892497,0,0,74.0892497,0,74.0892497,0,0,0,0,0,74.0892497,0.862831216,0.137168784,0,0,0.137168784,0.00435885126,0.0043588939,1.9402911e-05
147,0.054638655,10000,10000,ok_event_tree,event_tree,546.387,474.663499,71.7235006,0,0,71.7235006,0,71.7235006,0,0,0,0,0,71.7235006,0.868731319,0.131268681,0,0,0.131268681,0.00444702994,0.00444524256,1.9342414e-05
148,0.0552713408,10000,10000,ok_event_tree,event_tree,552.713,474.177259,78.5357406,0,0,78.5357406,0,78.5357406,0,0,0,0,0,78.5357406,0.857908642,0.142091358,0,0,0.142091358,0.00446867332,0.00446790014,1.95066735e-05
149,0.0559113528,10000,10000,ok_event_tree,event_tree,559.114,482.724329,76.3896713,0,0,76.3896713,0,76.3896713,0,0,0,0,0,76.3896713,0.86337371,0.13662629,0,0,0.13662629,0.00462486574,0.00462226134,1.94204698e-05
150,0.0565587757,10000,10000,ok_event_tree,event_tree,565.588,487.997472,77.5905279,0,0,77.5905279,0,77.5905279,0,0,0,0,0,77.5905279,0.862814402,0.137185598,0,0,0.137185598,0.00468372653,0.00468617696,1.95364156e-05
151,0.0572136955,10000,10000,ok_event_tree,event_tree,572.137,492.303061,79.8339387,0,0,79.8339387,0,79.8339387,0,0,0,0,0,79.8339387,0.860463598,0.139536402,0,0,0.139536402,0.00476594039,0.00476407932,1.93577583e-05
152,0.0578761988,10000,10000,ok_event_tree,event_tree,578.762,500.712228,78.0497724,0,0,78.0497724,0,78.0497724,0,0,0,0,0,78.0497724,0.865143578,0.134856422,0,0,0.134856422,0.00486622046,0.00486320369,1.99287708e-05
153,0.0585463736,10000,10000,ok_event_tree,event_tree,585.464,508.781467,76.6825331,0,0,76.6825331,0,76.6825331,0,0,0,0,0,76.6825331,0.869022633,0.130977367,0,0,0.130977367,0.00501654677,0.00501676526,2.02914738e-05
154,0.0592243087,10000,10000,ok_event_tree,event_tree,592.243,512.882336,79.3606636,0,0,79.3606636,0,79.3606636,0,0,0,0,0,79.3606636,0.865999828,0.134000172,0,0,0.134000172,0.00508081512,0.00508091217,1.9923848e-05
155,0.0599100939,10000,10000,ok_event_tree,event_tree,599.101,518.483989,80.6170109,0,0,80.6170109,0,80.6170109,0,0,0,0,0,80.6170109,0.865436694,0.134563306,0,0,0.134563306,0.00521472817,0.00521669414,2.05437399e-05
156,0.0606038201,10000,10000,ok_event_tree,event_tree,606.038,522.638322,83.3996779,0,0,83.3996779,0,83.3996779,0,0,0,0,0,83.3996779,0.862385398,0.137614602,0,0,0.137614602,0.00528086272,0.00527799226,2.0111319e-05
157,0.0613055792,10000,10000,ok_event_tree,event_tree,613.056,529.511285,83.5447145,0,0,83.5447145,0,83.5447145,0,0,0,0,0,83.5447145,0.863724171,0.136275829,0,0,0.136275829,0.00543893534,0.00543781434,2.06303939e-05
158,0.0620154644,10000,10000,ok_event_tree,event_tree,620.155,541.048008,79.1069916,0,0,79.1069916,0,79.1069916,0,0,0,0,0,79.1069916,0.872439968,0.127560032,0,0,0.127560032,0.00561323023,0.00561114793,2.05764602e-05
159,0.0627335696,10000,10000,ok_event_tree,event_tree,627.336,542.138073,85.197927,0,0,85.197927,0,85.197927,0,0,0,0,0,85.197927,0.864190917,0.135809083,0,0,0.135809083,0.00563357115,0.00563038178,2.10546428e-05
160,0.0634599901,10000,10000,ok_event_tree,event_tree,634.6,546.976902,87.6230977,0,0,87.6230977,0,87.6230977,0,0,0,0,0,87.6230977,0.861923893,0.138076107,0,0,0.138076107,0.00567902598,0.00567947462,2.08215613e-05
161,0.0641948222,10000,10000,ok_event_tree,event_tree,641.948,555.688757,86.2592432,0,0,86.2592432,0,86.2592432,0,0,0,0,0,86.2592432,0.865628924,0.134371076,0,0,0.134371076,0.00592709367,0.00592729763,2.07823618e-05
162,0.0649381632,10000,10000,ok_event_tree,event_tree,649.382,559.617399,89.7646007,0,0,89.7646007,0,89.7646007,0,0,0,0,0,89.7646007,0.861769189,0.138230811,0,0,0.138230811,0.00597569391,0.00597693264,2.11303713e-05
163,0.0656901116,10000,10000,ok_event_tree,event_tree,656.901,572.205966,84.6950344,0,0,84.6950344,0,84.6950344,0,0,0,0,0,84.6950344,0.8710688,0.1289312,0,0,0.1289312,0.00616496061,0.00616389302,2.15948935e-05
164,0.0664507673,10000,10000,ok_event_tree,event_tree,664.508,575.371811,89.1361888,0,0,89.1361888,0,89.1361888,0,0,0,0,0,89.1361888,0.865861376,0.134138624,0,0,0.134138624,0.00615159679,0.00615125063,2.23131057e-05
165,0.0672202309,10000,10000,ok_event_tree,event_tree,672.202,581.446526,90.7554743,0,0,90.7554743,0,90.7554743,0,0,0,0,0,90.7554743,0.864987795,0.135012205,0,0,0.135012205,0.00627593253,0.00627331252,2.11912394e-05
166,0.0679986045,10000,10000,ok_event_tree,event_tree,679.986,586.131575,93.8544247,0,0,93.8544247,0,93.8544247,0,0,0,0,0,93.8544247,0.861975946,0.138024054,0,0,0.138024054,0.00642978182,0.00643078954,2.18357487e-05
167,0.0687859912,10000,10000,ok_event_tree,event_tree,687.86,596.56979,91.2902104,0,0,91.2902104,0,91.2902104,0,0,0,0,0,91.2902104,0.867283734,0.132716266,0,0,0.132716266,0.00657081585,0.00656798116,2.17381367e-05
168,0.0695824955,10000,10000,ok_event_tree,event_tree,695.825,603.767778,92.057222,0,0,92.057222,0,92.057222,0,0,0,0,0,92.057222,0.867700612,0.132299388,0,0,0.132299388,0.00674323856,0.00674165842,2.17904393e-05
169,0.0703882228,10000,10000,ok_event_tree,event_tree,703.882,605.312309,98.5696911,0,0,98.5696911,0,98.5696911,0,0,0,0,0,98.5696911,0.859962762,0.140037238,0,0,0.140037238,0.00679497202,0.00679375303,2.22098728e-05
170,0.07120328,10000,10000,ok_event_tree,event_tree,712.033,613.445235,98.5877652,0,0,98.5877652,0,98.5877652,0,0,0,0,0,98.5877652,0.861540455,0.138459545,0,0,0.138459545,0.00700234575,0.00700097364,2.2302682e-05
171,0.0720277751,10000,10000,ok_event_tree,event_tree,720.278,623.095304,97.1826955,0,0,97.1826955,0,97.1826955,0,0,0,0,0,97.1826955,0.86507613,0.13492387,0,0,0.13492387,0.00722431085,0.0072223296,2.20719635e-05
172,0.0728618175,10000,8560,ok_event_tree,event_tree,623.697008,540.219745,83.477263,0,0,83.477263,0,83.477263,0,0,0,0,0,83.477263,0.866157346,0.133842654,0,0,0.133842654,0.00726288418,0.00726329944,2.27216894e-05
173,0.0737055175,10000,10000,ok_event_tree,event_tree,737.055,634.100514,102.954486,0,0,102.954486,0,102.954486,0,0,0,0,0,102.954486,0.860316413,0.139683587,0,0,0.139683587,0.00733137263,0.0073292436,2.23646483e-05
174,0.0745589872,10000,10000,ok_event_tree,event_tree,745.59,646.184626,99.4053745,0,0,99.4053745,0,99.4053745,0,0,0,0,0,99.4053745,0.866675553,0.133324447,0,0,0.133324447,0.00762992312,0.00762922545,2.21762225e-05
175,0.0754223396,10000,10000,ok_event_tree,event_tree,754.223,650.958684,103.264316,0,0,103.264316,0,103.264316,0,0,0,0,0,103.264316,0.863085167,0.136914833,0,0,0.136914833,0.00773602209,0.00773529577,2.17379157e-05
176,0.0762956891,10000,10000,ok_event_tree,event_tree,762.957,660.701376,102.255624,0,0,102.255624,0,102.255624,0,0,0,0,0,102.255624,0.865974592,0.134025408,0,0,0.134025408,0.00785766194,0.00785720202,2.14999722e-05
177,0.0771791516,10000,10000,ok_event_tree,event_tree,771.792,665.867493,105.924507,0,0,105.924507,0,105.924507,0,0,0,0,0,105.924507,0.862755112,0.137244888,0,0,0.137244888,0.00796771089,0.00796850084,2.31499358e-05
178,0.078072844,10000,10000,ok_event_tree,event_tree,780.728,677.510899,103.217064,0,0,103.217064,0,103.217064,0,0,0,0,0,103.217064,0.867793776,0.132206177,0,0,0.132206177,0.00826920849,0.00826908614,2.13792714e-05
179,0.0789768849,10000,10000,ok_event_tree,event_tree,789.769,682.852881,106.916119,0,0,106.916119,0,106.916119,0,0,0,0,0,106.916119,0.864623556,0.135376444,0,0,0.135376444,0.00823931817,0.00823897252,2.29939997e-05
180,0.0798913942,10000,10000,ok_event_tree,event_tree,798.914,690.204667,108.709333,0,0,108.709333,0,108.709333,0,0,0,0,0,108.709333,0.863928616,0.136071384,0,0,0.136071384,0.00853886923,0.00853934786,2.31873353e-05
181,0.0808164929,10000,10000,ok_event_tree,event_tree,808.165,696.999261,111.165739,0,0,111.165739,0,111.165739,0,0,0,0,0,111.165739,0.86244673,0.13755327,0,0,0.13755327,0.00867290072,0.00867112025,2.28459864e-05
182,0.0817523038,10000,10000,ok_event_tree,event_tree,817.523,713.178669,104.344331,0,0,104.344331,0,104.344331,0,0,0,0,0,104.344331,0.872365265,0.127634735,0,0,0.127634735,0.0088988776,0.00890180318,2.32971033e-05
183,0.0826989509,10000,10000,ok_event_tree,event_tree,826.99,716.07425,110.91575,0,0,110.91575,0,110.91575,0,0,0,0,0,110.91575,0.86588018,0.13411982,0,0,0.13411982,0.00905037884,0.0090495322,2.2693902e-05
184,0.0836565596,10000,10000,ok_event_tree,event_tree,836.566,730.376613,106.189387,0,0,106.189387,0,106.189387,0,0,0,0,0,106.189387,0.873065141,0.126934859,0,0,0.126934859,0.00926406047,0.00926350332,2.34179427e-05
185,0.0846252569,10000,10000,ok_event_tree,event_tree,846.253,735.491901,110.761099,0,0,110.761099,0,110.761099,0,0,0,0,0,110.761099,0.869115856,0.130884144,0,0,0.130884144,0.00933782122,0.00934229887,2.3913733e-05
186,0.0856051712,10000,10000,ok_event_tree,event_tree,856.052,740.822243,115.229757,0,0,115.229757,0,115.229757,0,0,0,0,0,115.229757,0.865393975,0.134606025,0,0,0.134606025,0.009482593,0.00948290197,2.43425864e-05
187,0.0865964323,10000,10000,ok_event_tree,event_tree,865.964,744.202005,121.761995,0,0,121.761995,0,121.761995,0,0,0,0,0,121.761995,0.85939139,0.14060861,0,0,0.14060861,0.0097235307,0.00972288665,2.36664149e-05
188,0.0875991718,10000,10000,ok_event_tree,event_tree,875.992,763.063204,112.928796,0,0,112.928796,0,112.928796,0,0,0,0,0,112.928796,0.871084672,0.128915328,0,0,0.128915328,0.00989930272,0.00989846259,2.45632394e-05
189,0.0886135224,10000,10000,ok_event_tree,event_tree,886.135,764.228634,121.906366,0,0,121.906366,0,121.906366,0,0,0,0,0,121.906366,0.862429126,0.137570874,0,0,0.137570874,0.0100454492,0.0100446407,2.46773402e-05
190,0.0896396186,10000,10000,ok_event_tree,event_tree,896.396,769.648254,126.747746,0,0,126.747746,0,126.747746,0,0,0,0,0,126.747746,0.858602955,0.141397045,0,0,0.141397045,0.0102347879,0.0102424754,2.43665976e-05
191,0.0906775965,10000,10000,ok_event_tree,event_tree,906.776,791.029202,115.746798,0,0,115.746798,0,115.746798,0,0,0,0,0,115.746798,0.872353483,0.127646517,0,0,0.127646517,0.0104662587,0.0104688177,2.48218693e-05
192,0.0917275935,10000,10000,ok_event_tree,event_tree,917.276,805.291421,111.984579,0,0,111.984579,0,111.984579,0,0,0,0,0,111.984579,0.877916158,0.122083842,0,0,0.122083842,0.010938518,0.0109453979,2.48043782e-05
193,0.092789749,10000,10000,ok_event_tree,event_tree,927.897,810.594406,117.302594,0,0,117.302594,0,117.302594,0,0,0,0,0,117.302594,0.873582312,0.126417688,0,0,0.126417688,0.0110918804,0.0110921029,2.48879861e-05
194,0.0938642037,10000,10000,ok_event_tree,event_tree,938.642,809.948788,128.693212,0,0,128.693212,0,128.693212,0,0,0,0,0,128.693212,0.862894254,0.137105746,0,0,0.137105746,0.0110713241,0.0110720902,2.47807529e-05
195,0.0949510999,10000,10000,ok_event_tree,event_tree,949.511,818.884581,130.626419,0,0,130.626419,0,130.626419,0,0,0,0,0,130.626419,0.862427693,0.137572307,0,0,0.137572307,0.0112729218,0.0112771016,2.56294715e-05
196,0.0960505818,10000,10000,ok_event_tree,event_tree,960.506,832.060869,128.445131,0,0,128.445131,0,128.445131,0,0,0,0,0,128.445131,0.866273474,0.133726526,0,0,0.133726526,0.0114286208,0.011433097,2.55465392e-05
197,0.0971627952,10000,10000,ok_event_tree,event_tree,971.628,837.193717,134.434283,0,0,134.434283,0,134.434283,0,0,0,0,0,134.434283,0.861640172,0.138359828,0,0,0.138359828,0.0117941233,0.0117982973,2.65410251e-05
198,0.0982878873,10000,10000,ok_event_tree,event_tree,982.879,852.892377,129.986623,0,0,129.986623,0,129.986623,0,0,0,0,0,129.986623,0.867749109,0.132250891,0,0,0.132250891,0.0120789967,0.0120827937,2.58340419e-05
199,0.0994260074,10000,10000,ok_event_tree,event_tree,994.26,863.056095,131.203905,0,0,131.203905,0,131.203905,0,0,0,0,0,131.203905,0.868038637,0.131961363,0,0,0.131961363,0.0120249975,0.012029347,2.58881277e-05
200,0.100577306,1000,1000,ok_event_tree,event_tree,100.577,89.9590679,10.6179321,0,0,10.6179321,0,10.6179321,0,0,0,0,0,10.6179321,0.894429819,0.105570181,0,0,0.105570181,0.0134867543,0.013483098,2.38081625e-05
201,0.101741937,1000,1000,ok_event_tree,event_tree,101.742,86.2187119,15.5232881,0,0,15.5232881,0,15.5232881,0,0,0,0,0,15.5232881,0.847424976,0.152575024,0,0,0.152575024,0.0116974949,0.0116973926,2.46237199e-05
202,0.102920053,1000,1000,ok_event_tree,event_tree,102.92,90.6071708,12.3128292,0,0,12.3128292,0,12.3128292,0,0,0,0,0,12.3128292,0.880365049,0.119634951,0,0,0.119634951,0.013287841,0.0132877001,2.40697383e-05
203,0.104111811,1000,1000,ok_event_tree,event_tree,104.112,92.0410491,12.0709509,0,0,12.0709509,0,12.0709509,0,0,0,0,0,12.0709509,0.884058025,0.115941975,0,0,0.115941975,0.0125612148,0.0125576873,2.90078135e-05
204,0.105317369,1000,1000,ok_event_tree,event_tree,105.317,90.8143042,14.5026958,0,0,14.5026958,0,14.5026958,0,0,0,0,0,14.5026958,0.862294826,0.137705174,0,0,0.137705174,0.0134504656,0.0134656896,2.34580652e-05
205,0.106536886,1000,1000,ok_event_tree,event_tree,106.537,93.1132208,13.4237792,0,0,13.4237792,0,13.4237792,0,0,0,0,0,13.4237792,0.8739989,0.1260011,0,0,0.1260011,0.0140412657,0.0140376105,2.65206215e-05
206,0.107770525,1000,1000,ok_event_tree,event_tree,107.771,96.3555124,11.4154876,0,0,11.4154876,0,11.4154876,0,0,0,0,0,11.4154876,0.894076444,0.105923556,0,0,0.105923556,0.0152279775,0.0152292814,2.90513511e-05
207,0.109018449,1000,1000,ok_event_tree,event_tree,109.018,98.4261358,10.5918642,0,0,10.5918642,0,10.5918642,0,0,0,0,0,10.5918642,0.902842978,0.0971570219,0,0,0.0971570219,0.0149081536,0.014896454,2.88896031e-05
208,0.110280823,1000,1000,ok_event_tree,event_tree,110.281,93.8412238,16.4397762,0,0,16.4397762,0,16.4397762,0,0,0,0,0,16.4397762,0.8509283,0.1490717,0,0,0.1490717,0.0140370046,0.0140474902,2.89159895e-05
209,0.111557815,1000,1000,ok_event_tree,event_tree,111.558,97.6346647,13.9233353,0,0,13.9233353,0,13.9233353,0,0,0,0,0,13.9233353,0.875191961,0.124808039,0,0,0.124808039,0.0148209826,0.0148183242,2.87838414e-05
210,0.112849594,1000,1000,ok_event_tree,event_tree,112.85,97.4647184,15.3852816,0,0,15.3852816,0,15.3852816,0,0,0,0,0,15.3852816,0.863666092,0.136333908,0,0,0.136333908,0.0137540902,0.0137420012,2.97451237e-05
211,0.11415633,1000,1000,ok_event_tree,event_tree,114.156,101.765719,12.3902809,0,0,12.3902809,0,12.3902809,0,0,0,0,0,12.3902809,0.891461852,0.108538148,0,0,0.108538148,0.0167006166,0.0166933985,2.64061166e-05
212,0.115478198,1000,1000,ok_event_tree,event_tree,115.478,103.207392,12.2706081,0,0,12.2706081,0,12.2706081,0,0,0,0,0,12.2706081,0.893740729,0.106259271,0,0,0.106259271,0.0168270577,0.016868853,3.0817878e-05
213,0.116815373,1000,1000,ok_event_tree,event_tree,116.815,102.766938,14.0480618,0,0,14.0480618,0,14.0480618,0,0,0,0,0,14.0480618,0.879740943,0.120259057,0,0,0.120259057,0.0167680414,0.0167926539,2.91686371e-05
214,0.118168031,1000,1000,ok_event_tree,event_tree,118.168,105.368713,12.799287,0,0,12.799287,0,12.799287,0,0,0,0,0,12.799287,0.891685677,0.108314323,0,0,0.108314323,0.017219896,0.0172330371,3.30226005e-05
215,0.119536353,1000,1000,ok_event_tree,event_tree,119.536,105.741359,13.7946409,0,0,13.7946409,0,13.7946409,0,0,0,0,0,13.7946409,0.88459844,0.11540156,0,0,0.11540156,0.01746439,0.0174742498,2.91907292e-05
216,0.120920518,1000,1000,ok_event_tree,event_tree,120.921,107.85468,13.0663205,0,0,13.0663205,0,13.0663205,0,0,0,0,0,13.0663205,0.891943331,0.108056669,0,0,0.108056669,0.0179451027,0.0179388382,2.69156025e-05
217,0.122320712,1000,1000,ok_event_tree,event_tree,122.321,103.085613,19.2353875,0,0,19.2353875,0,19.2353875,0,0,0,0,0,19.2353875,0.842746646,0.157253354,0,0,0.157253354,0.0176455264,0.0176572456,3.05309194e-05
218,0.123737119,1000,1000,ok_event_tree,event_tree,123.737,109.577055,14.1599448,0,0,14.1599448,0,14.1599448,0,0,0,0,0,14.1599448,0.885564182,0.114435818,0,0,0.114435818,0.0180219724,0.0180344799,3.06160582e-05
219,0.125169927,1000,1000,ok_event_tree,event_tree,125.17,100.481417,24.6885835,0,0,24.6885835,0,24.6885835,0,0,0,0,0,24.6885835,0.802759579,0.197240421,0,0,0.197240421,0.0172190361,0.0172492542,2.82377362e-05
220,0.126619327,1000,1000,ok_event_tree,event_tree,126.619,113.397846,13.2211536,0,0,13.2211536,0,13.2211536,0,0,0,0,0,13.2211536,0.895583178,0.104416822,0,0,0.104416822,0.0188682781,0.0188680981,3.2707565e-05
221,0.128085509,1000,1000,ok_event_tree,event_tree,128.086,110.530163,17.5558371,0,0,17.5558371,0,17.5558371,0,0,0,0,0,17.5558371,0.862937112,0.137062888,0,0,0.137062888,0.0192543059,0.0192689994,3.13627971e-05
222,0.12956867,1000,1000,ok_event_tree,event_tree,129.569,110.124259,19.4447407,0,0,19.4447407,0,19.4447407,0,0,0,0,0,19.4447407,0.849927524,0.150072476,0,0,0.150072476,0.0193146304,0.0194025392,3.37305121e-05
223,0.131069004,1000,1000,ok_event_tree,event_tree,131.069,111.242297,19.826703,0,0,19.826703,0,19.826703,0,0,0,0,0,19.826703,0.848730798,0.151269202,0,0,0.151269202,0.0190810646,0.0190932094,3.04855352e-05
224,0.132586712,1000,1000,ok_event_tree,event_tree,132.587,119.208907,13.3780927,0,0,13.3780927,0,13.3780927,0,0,0,0,0,13.3780927,0.899099514,0.100900486,0,0,0.100900486,0.0199234112,0.01991921,3.56398123e-05
225,0.134121994,1000,1000,ok_event_tree,event_tree,134.122,118.760236,15.3617643,0,0,15.3617643,0,15.3617643,0,0,0,0,0,15.3617643,0.885464247,0.114535753,0,0,0.114535753,0.0206712288,0.0206874586,3.46853617e-05
226,0.135675053,1000,1000,ok_event_tree,event_tree,135.675,120.491465,15.1835346,0,0,15.1835346,0,15.1835346,0,0,0,0,0,15.1835346,0.888088929,0.111911071,0,0,0.111911071,0.0214249871,0.0214123699,3.14121775e-05
227,0.137246096,1000,1000,ok_event_tree,event_tree,137.246,119.063151,18.1828492,0,0,18.1828492,0,18.1828492,0,0,0,0,0,18.1828492,0.867516363,0.132483637,0,0,0.132483637,0.0187163001,0.0187126767,3.78763595e-05
228,0.138835331,1000,1000,ok_event_tree,event_tree,138.835,121.169478,17.6655219,0,0,17.6655219,0,17.6655219,0,0,0,0,0,17.6655219,0.872758873,0.127241127,0,0,0.127241127,0.02237134,0.0223618915,2.91237241e-05
229,0.140442968,1000,1000,ok_event_tree,event_tree,140.443,126.508309,13.9346912,0,0,13.9346912,0,13.9346912,0,0,0,0,0,13.9346912,0.90078045,0.0992195497,0,0,0.0992195497,0.0228559449,0.0228381089,3.11377775e-05
230,0.142069221,1000,1000,ok_event_tree,event_tree,142.069,125.098842,16.9701575,0,0,16.9701575,0,16.9701575,0,0,0,0,0,16.9701575,0.880549891,0.119450109,0,0,0.119450109,0.0215374079,0.0215406798,3.49236895e-05
231,0.143714305,1000,1000,ok_event_tree,event_tree,143.714,116.249885,27.4641149,0,0,27.4641149,0,27.4641149,0,0,0,0,0,27.4641149,0.808897429,0.191102571,0,0,0.191102571,0.0213246771,0.0213405652,3.54205008e-05
232,0.145378439,1000,1000,ok_event_tree,event_tree,145.378,124.824955,20.5530453,0,0,20.5530453,0,20.5530453,0,0,0,0,0,20.5530453,0.858623414,0.141376586,0,0,0.141376586,0.0214893498,0.0214859534,3.36337924e-05
233,0.147061842,1000,1000,ok_event_tree,event_tree,147.062,127.484357,19.5776286,0,0,19.5776286,0,19.5776286,0,0,0,0,0,19.5776286,0.866874906,0.133124999,0,0,0.133124999,0.0237485603,0.0237526668,3.08306282e-05
234,0.148764737,1000,1000,ok_event_tree,event_tree,148.765,128.891089,19.8739105,0,0,19.8739105,0,19.8739105,0,0,0,0,0,19.8739105,0.866407351,0.133592649,0,0,0.133592649,0.02330805,0.0233186056,3.60853188e-05
235,0.150487352,1000,1000,ok_event_tree,event_tree,150.487,128.532114,21.9548857,0,0,21.9548857,0,21.9548857,0,0,0,0,0,21.9548857,0.854107759,0.145892241,0,0,0.145892241,0.0227293683,0.0227382784,3.48665968e-05
236,0.152229913,1000,1000,ok_event_tree,event_tree,152.23,135.927084,16.302916,0,0,16.302916,0,16.302916,0,0,0,0,0,16.302916,0.892906024,0.107093976,0,0,0.107093976,0.0264786789,0.0264793636,3.33082991e-05
237,0.153992653,1000,1000,ok_event_tree,event_tree,153.993,140.665254,13.3277458,0,0,13.3277458,0,13.3277458,0,0,0,0,0,13.3277458,0.913452262,0.086547738,0,0,0.086547738,0.0274648111,0.0274852767,3.46645019e-05
238,0.155775803,1000,1000,ok_event_tree,event_tree,155.776,127.229595,28.5464052,0,0,28.5464052,0,28.5464052,0,0,0,0,0,28.5464052,0.816747091,0.183252909,0,0,0.183252909,0.0235516127,0.0236370184,4.07009095e-05
239,0.157579602,1000,1000,ok_event_tree,event_tree,157.58,137.130759,20.4492407,0,0,20.4492407,0,20.4492407,0,0,0,0,0,20.4492407,0.870229467,0.129770533,0,0,0.129770533,0.0262222791,0.0262537659,3.35937562e-05
240,0.159404288,1000,1000,ok_event_tree,event_tree,159.404,138.283882,21.1201184,0,0,21.1201184,0,21.1201184,0,0,0,0,0,21.1201184,0.867505719,0.132494281,0,0,0.132494281,0.0261518795,0.0261767434,3.33557892e-05
241,0.161250103,1000,1000,ok_event_tree,event_tree,161.25,143.675479,17.5745214,0,0,17.5745214,0,17.5745214,0,0,0,0,0,17.5745214,0.89101072,0.10898928,0,0,0.10898928,0.0289639344,0.0289534542,3.51231851e-05
242,0.163117291,1000,1000,ok_event_tree,event_tree,163.117,141.802833,21.3141668,0,0,21.3141668,0,21.3141668,0,0,0,0,0,21.3141668,0.869332033,0.130667967,0,0,0.130667967,0.0273449993,0.0273933241,3.31234323e-05
243,0.1650061,1000,1000,ok_event_tree,event_tree,165.006,145.544361,19.4616386,0,0,19.4616386,0,19.4616386,0,0,0,0,0,19.4616386,0.882054964,0.117945036,0,0,0.117945036,0.0296234285,0.0296182538,3.41643608e-05
244,0.166916781,1000,1000,ok_event_tree,event_tree,166.917,150.97239,15.9446097,0,0,15.9446097,0,15.9446097,0,0,0,0,0,15.9446097,0.904475819,0.0955241806,0,0,0.0955241806,0.0274410231,0.0274764058,4.08321928e-05
245,0.168849586,1000,1000,ok_event_tree,event_tree,168.85,147.716378,21.1336224,0,0,21.1336224,0,21.1336224,0,0,0,0,0,21.1336224,0.874837889,0.125162111,0,0,0.125162111,0.0296025156,0.0296663742,3.6820645e-05
246,0.170804772,1000,1000,ok_event_tree,event_tree,170.805,151.087041,19.7179587,0,0,19.7179587,0,19.7179587,0,0,0,0,0,19.7179587,0.884558657,0.115441343,0,0,0.115441343,0.0303721211,0.0303864175,4.07244828e-05
247,0.172782598,1000,1000,ok_event_tree,event_tree,172.783,147.659701,25.1232988,0,0,25.1232988,0,25.1232988,0,0,0,0,0,25.1232988,0.854596235,0.145403765,0,0,0.145403765,0.029724418,0.029830457,4.68830159e-05
248,0.174783326,1000,1000,ok_event_tree,event_tree,174.783,151.755457,23.0275432,0,0,23.0275432,0,23.0275432,0,0,0,0,0,23.0275432,0.868250669,0.131749331,0,0,0.131749331,0.0319734115,0.0319995788,3.69640499e-05
249,0.176807222,1000,1000,ok_event_tree,event_tree,176.807,163.059992,13.7470079,0,0,13.7470079,0,13.7470079,0,0,0,0,0,13.7470079,0.922248509,0.0777514909,0,0,0.0777514909,0.0350627919,0.035143188,3.81364897e-05
250,0.178854553,1000,1000,ok_event_tree,event_tree,178.855,153.366959,25.4880415,0,0,25.4880415,0,25.4880415,0,0,0,0,0,25.4880415,0.857493268,0.142506732,0,0,0.142506732,0.032538232,0.0325349386,3.78202478e-05
251,0.180925591,1000,1000,ok_event_tree,event_tree,180.926,158.125919,22.8000814,0,0,22.8000814,0,22.8000814,0,0,0,0,0,22.8000814,0.873981178,0.126018822,0,0,0.126018822,0.034030335,0.0340379495,3.76467771e-05
252,0.183020611,1000,1000,ok_event_tree,event_tree,183.021,149.972048,33.0489518,0,0,33.0489518,0,33.0489518,0,0,0,0,0,33.0489518,0.819425357,0.180574643,0,0,0.180574643,0.0320646281,0.032077799,3.76688879e-05
253,0.185139889,1000,1000,ok_event_tree,event_tree,185.14,153.396111,31.7438894,0,0,31.7438894,0,31.7438894,0,0,0,0,0,31.7438894,0.828541162,0.171458838,0,0,0.171458838,0.0306863797,0.0307279637,4.54039573e-05
254,0.187283708,1000,1000,ok_event_tree,event_tree,187.284,163.889157,23.3948431,0,0,23.3948431,0,23.3948431,0,0,0,0,0,23.3948431,0.8750836,0.1249164,0,0,0.1249164,0.0342612019,0.03427955,3.53869521e-05
255,0.189452351,1000,1000,ok_event_tree,event_tree,189.452,168.423796,21.028204,0,0,21.028204,0,21.028204,0,0,0,0,0,21.028204,0.889005109,0.110994891,0,0,0.110994891,0.0354015304,0.0354817109,4.47298982e-05
256,0.191646106,1000,1000,ok_event_tree,event_tree,191.646,170.794575,20.8514252,0,0,20.8514252,0,20.8514252,0,0,0,0,0,20.8514252,0.891198224,0.108801776,0,0,0.108801776,0.0371081477,0.0370955184,3.46777917e-05
257,0.193865264,1000,1000,ok_event_tree,event_tree,193.865,167.864155,26.0008451,0,0,26.0008451,0,26.0008451,0,0,0,0,0,26.0008451,0.865881695,0.134118305,0,0,0.134118305,0.0336356995,0.0336764344,4.42314567e-05
258,0.196110118,1000,1000,ok_event_tree,event_tree,196.11,167.771446,28.3385536,0,0,28.3385536,0,28.3385536,0,0,0,0,0,28.3385536,0.855496642,0.144503358,0,0,0.144503358,0.0361284439,0.0361227393,4.00734871e-05
259,0.198380966,1000,1000,ok_event_tree,event_tree,198.381,173.488548,24.8924522,0,0,24.8924522,0,24.8924522,0,0,0,0,0,24.8924522,0.874521994,0.125478006,0,0,0.125478006,0.039440249,0.0394464235,4.25476184e-05
260,0.200678109,1000,1000,ok_event_tree,event_tree,200.678,178.732603,21.9453967,0,0,21.9453967,0,21.9453967,0,0,0,0,0,21.9453967,0.890643734,0.109356266,0,0,0.109356266,0.0371184447,0.03714105,4.92736937e-05
261,0.203001852,1000,1000,ok_event_tree,event_tree,203.002,177.027605,25.9743947,0,0,25.9743947,0,25.9743947,0,0,0,0,0,25.9743947,0.872048577,0.127951423,0,0,0.127951423,0.0405894406,0.0405969372,4.34076323e-05
262,0.205352503,1000,1000,ok_event_tree,event_tree,205.353,185.293418,20.0595819,0,0,20.0595819,0,20.0595819,0,0,0,0,0,20.0595819,0.902316587,0.0976834128,0,0,0.0976834128,0.0421776083,0.0422034232,4.53265635e-05
263,0.207730373,1000,1000,ok_event_tree,event_tree,207.73,181.265696,26.4643035,0,0,26.4643035,0,26.4643035,0,0,0,0,0,26.4643035,0.8726024,0.1273976,0,0,0.1273976,0.0434183377,0.0434820831,4.17931781e-05
264,0.210135777,1000,1000,ok_event_tree,event_tree,210.136,180.481147,29.6548535,0,0,29.6548535,0,29.6548535,0,0,0,0,0,29.6548535,0.858877806,0.141122194,0,0,0.141122194,0.0398981843,0.0398959629,4.16103111e-05
265,0.212569035,1000,1000,ok_event_tree,event_tree,212.569,192.069244,20.4997561,0,0,20.4997561,0,20.4997561,0,0,0,0,0,20.4997561,0.903561874,0.0964381264,0,0,0.0964381264,0.0434226183,0.0435257078,5.05552127e-05
266,0.215030468,1000,1000,ok_event_tree,event_tree,215.03,188.341606,26.6883937,0,0,26.6883937,0,26.6883937,0,0,0,0,0,26.6883937,0.875885255,0.124114745,0,0,0.124114745,0.0435443713,0.0435343206,4.59009915e-05
267,0.217520403,1000,1000,ok_event_tree,event_tree,217.52,190.0356,27.4843997,0,0,27.4843997,0,27.4843997,0,0,0,0,0,27.4843997,0.873646563,0.126353437,0,0,0.126353437,0.0457607766,0.0458058228,4.77763703e-05
268,0.220039171,1000,1000,ok_event_tree,event_tree,220.039,183.573051,36.4659493,0,0,36.4659493,0,36.4659493,0,0,0,0,0,36.4659493,0.834275064,0.165724936,0,0,0.165724936,0.044423923,0.0444688513,4.12265346e-05
269,0.222587104,1000,1000,ok_event_tree,event_tree,222.587,187.642321,34.9446791,0,0,34.9446791,0,34.9446791,0,0,0,0,0,34.9446791,0.843006649,0.156993351,0,0,0.156993351,0.0438111649,0.0438379747,4.95076364e-05
270,0.225164542,1000,1000,ok_event_tree,event_tree,225.165,195.801874,29.3631256,0,0,29.3631256,0,29.3631256,0,0,0,0,0,29.3631256,0.869592851,0.130407149,0,0,0.130407149,0.0455931694,0.0456361276,5.00061697e-05
271,0.227771824,1000,1000,ok_event_tree,event_tree,227.772,194.639277,33.1327232,0,0,33.1327232,0,33.1327232,0,0,0,0,0,33.1327232,0.854535574,0.145464426,0,0,0.145464426,0.0446772935,0.0447698448,4.83585498e-05
272,0.230409298,1000,1000,ok_event_tree,event_tree,230.409,206.78897,23.6200296,0,0,23.6200296,0,23.6200296,0,0,0,0,0,23.6200296,0.897486515,0.102513485,0,0,0.102513485,0.0488173749,0.0488514647,4.82834757e-05
273,0.233077312,1000,1000,ok_event_tree,event_tree,233.077,213.085695,19.9913048,0,0,19.9913048,0,19.9913048,0,0,0,0,0,19.9913048,0.914228753,0.0857712466,0,0,0.0857712466,0.0463519568,0.0463951149,5.11800805e-05
274,0.23577622,1000,1000,ok_event_tree,event_tree,235.776,205.242878,30.5331216,0,0,30.5331216,0,30.5331216,0,0,0,0,0,30.5331216,0.87049945,0.12950055,0,0,0.12950055,0.0502032026,0.0503142921,5.43858861e-05
275,0.23850638,1000,1000,ok_event_tree,event_tree,238.506,217.453743,21.0522568,0,0,21.0522568,0,21.0522568,0,0,0,0,0,21.0522568,0.9117328,0.0882672,0,0,0.0882672,0.0519873141,0.052125981,5.50888181e-05
276,0.241268153,1000,1000,ok_event_tree,event_tree,241.268,207.917306,33.3506935,0,0,33.3506935,0,33.3506935,0,0,0,0,0,33.3506935,0.861769097,0.138230903,0,0,0.138230903,0.0515629538,0.0516085569,5.16015484e-05
277,0.244061907,1000,1000,ok_event_tree,event_tree,244.062,211.770803,32.2911968,0,0,32.2911968,0,32.2911968,0,0,0,0,0,32.2911968,0.867692648,0.132307352,0,0,0.132307352,0.0521193917,0.0521929499,4.48587279e-05
278,0.24688801,1000,1000,ok_event_tree,event_tree,246.888,213.307108,33.5808924,0,0,33.5808924,0,33.5808924,0,0,0,0,0,33.5808924,0.863983294,0.136016706,0,0,0.136016706,0.0564209481,0.0564581691,4.31160652e-05
279,0.249746839,1000,1000,ok_event_tree,event_tree,249.747,227.199044,22.547956,0,0,22.547956,0,22.547956,0,0,0,0,0,22.547956,0.909716809,0.0902831906,0,0,0.0902831906,0.0572673098,0.0573081661,5.89703099e-05
280,0.252638771,1000,1000,ok_event_tree,event_tree,252.639,220.355029,32.2839706,0,0,32.2839706,0,32.2839706,0,0,0,0,0,32.2839706,0.872213037,0.127786963,0,0,0.127786963,0.0517605416,0.0518732349,5.38508541e-05
281,0.25556419,1000,1000,ok_event_tree,event_tree,255.564,224.948481,30.6155194,0,0,30.6155194,0,30.6155194,0,0,0,0,0,30.6155194,0.8802041,0.1197959,0,0,0.1197959,0.0559964234,0.056088519,5.10499486e-05
282,0.258523484,1000,1000,ok_event_tree,event_tree,258.523,224.366863,34.1561374,0,0,34.1561374,0,34.1561374,0,0,0,0,0,34.1561374,0.867879696,0.132120304,0,0,0.132120304,0.0575807081,0.0575885001,4.46230518e-05
283,0.261517045,1000,1000,ok_event_tree,event_tree,261.517,230.361996,31.1550039,0,0,31.1550039,0,31.1550039,0,0,0,0,0,31.1550039,0.88086815,0.11913185,0,0,0.11913185,0.0585297632,0.058518867,4.93066031e-05
284,0.264545269,1000,1000,ok_event_tree,event_tree,264.545,225.551692,38.9933082,0,0,38.9933082,0,38.9933082,0,0,0,0,0,38.9933082,0.852602362,0.147397638,0,0,0.147397638,0.0594271356,0.0595072279,6.25257015e-05
285,0.267608559,1000,1000,ok_event_tree,event_tree,267.609,233.429108,34.1798921,0,0,34.1798921,0,34.1798921,0,0,0,0,0,34.1798921,0.872276747,0.127723253,0,0,0.127723253,0.0596919754,0.0597133002,4.83727065e-05
286,0.27070732,1000,1000,ok_event_tree,event_tree,270.707,238.385101,32.3218985,0,0,32.3218985,0,32.3218985,0,0,0,0,0,32.3218985,0.880601911,0.119398089,0,0,0.119398089,0.0587215494,0.0592319676,6.84373215e-05
287,0.273841963,1000,1000,ok_event_tree,event_tree,273.842,235.01911,38.8228898,0,0,38.8228898,0,38.8228898,0,0,0,0,0,38.8228898,0.85822887,0.14177113,0,0,0.14177113,0.0628341487,0.0629536009,4.83344133e-05
288,0.277012904,1000,1000,ok_event_tree,event_tree,277.013,244.038906,32.9740935,0,0,32.9740935,0,32.9740935,0,0,0,0,0,32.9740935,0.880965538,0.119034462,0,0,0.119034462,0.0718292103,0.0718188276,4.60938563e-05
289,0.280220562,1000,1000,ok_event_tree,event_tree,280.221,249.301239,30.9197608,0,0,30.9197608,0,30.9197608,0,0,0,0,0,30.9197608,0.889659373,0.110340627,0,0,0.110340627,0.0684158414,0.0684627459,4.70386536e-05
290,0.283465363,1000,1000,ok_event_tree,event_tree,283.465,253.364591,30.1004093,0,0,30.1004093,0,30.1004093,0,0,0,0,0,30.1004093,0.893812607,0.106187393,0,0,0.106187393,0.0669818555,0.0671493096,5.05002329e-05
291,0.286747738,1000,1000,ok_event_tree,event_tree,286.748,246.708967,40.0390333,0,0,40.0390333,0,40.0390333,0,0,0,0,0,40.0390333,0.86036857,0.13963143,0,0,0.13963143,0.064416645,0.0645500153,5.04352692e-05
292,0.29006812,1000,1000,ok_event_tree,event_tree,290.068,254.331484,35.7365157,0,0,35.7365157,0,35.7365157,0,0,0,0,0,35.7365157,0.876799524,0.123200476,0,0,0.123200476,0.0704692212,0.0705295568,5.10590727e-05
293,0.29342695,1000,1000,ok_event_tree,event_tree,293.427,256.037259,37.3897412,0,0,37.3897412,0,37.3897412,0,0,0,0,0,37.3897412,0.872575662,0.127424338,0,0,0.127424338,0.0645859956,0.0646326921,5.37708127e-05
294,0.296824674,1000,1000,ok_event_tree,event_tree,296.825,269.088079,27.7369207,0,0,27.7369207,0,27.7369207,0,0,0,0,0,27.7369207,0.906554634,0.0934453658,0,0,0.0934453658,0.0718873863,0.0719177439,5.7116147e-05
295,0.300261742,1000,1000,ok_event_tree,event_tree,300.262,273.456592,26.805408,0,0,26.805408,0,26.805408,0,0,0,0,0,26.805408,0.910726606,0.0892733944,0,0,0.0892733944,0.071915042,0.0721110475,5.31406494e-05
296,0.303738609,1000,1000,ok_event_tree,event_tree,303.739,272.001353,31.7376469,0,0,31.7376469,0,31.7376469,0,0,0,0,0,31.7376469,0.895510136,0.104489864,0,0,0.104489864,0.0755197215,0.0755438985,5.00019584e-05
297,0.307255737,1000,1000,ok_event_tree,event_tree,307.256,281.79132,25.4646804,0,0,25.4646804,0,25.4646804,0,0,0,0,0,25.4646804,0.917122268,0.082877732,0,0,0.082877732,0.077724487,0.0777274411,5.02650457e-05
298,0.31081359,1000,1000,ok_event_tree,event_tree,310.814,284.984892,25.8291081,0,0,25.8291081,0,25.8291081,0,0,0,0,0,25.8291081,0.916898505,0.0831014952,0,0,0.0831014952,0.0844972043,0.0845644629,4.62367435e-05
299,0.314412642,1000,1000,ok_event_tree,event_tree,314.413,275.938365,38.4746349,0,0,38.4746349,0,38.4746349,0,0,0,0,0,38.4746349,0.877630267,0.122369733,0,0,0.122369733,0.0729902381,0.0731236,5.96401945e-05
300,0.318053369,1000,1000,ok_event_tree,event_tree,318.053,277.645382,40.4076176,0,0,40.4076176,0,40.4076176,0,0,0,0,0,40.4076176,0.872953195,0.127046805,0,0,0.127046805,0.0760302005,0.0760783913,4.94100386e-05
301,0.321736253,1000,1000,ok_event_tree,event_tree,321.736,275.46912,46.2668795,0,0,46.2668795,0,46.2668795,0,0,0,0,0,46.2668795,0.856196138,0.143803862,0,0,0.143803862,0.0786784002,0.078720982,5.95260415e-05
302,0.325461783,1000,1000,ok_event_tree,event_tree,325.462,282.205822,43.2561782,0,0,43.2561782,0,43.2561782,0,0,0,0,0,43.2561782,0.867093,0.132907,0,0,0.132907,0.0802205627,0.0802725643,4.48143563e-05
303,0.329230453,1000,1000,ok_event_tree,event_tree,329.23,287.405777,41.8242233,0,0,41.8242233,0,41.8242233,0,0,0,0,0,41.8242233,0.872963511,0.127036489,0,0,0.127036489,0.0828250471,0.0829950103,6.72744598e-05
304,0.333042762,1000,1000,ok_event_tree,event_tree,333.043,291.686305,41.3566951,0,0,41.3566951,0,41.3566951,0,0,0,0,0,41.3566951,0.875821756,0.124178244,0,0,0.124178244,0.0827374922,0.0828110842,6.19853259e-05
305,0.336899216,1000,1000,ok_event_tree,event_tree,336.899,299.879733,37.0192672,0,0,37.0192672,0,37.0192672,0,0,0,0,0,37.0192672,0.89011761,0.10988239,0,0,0.10988239,0.0900025542,0.0900361657,5.40231843e-05
306,0.340800325,1000,1000,ok_event_tree,event_tree,340.8,305.242801,35.5571986,0,0,35.5571986,0,35.5571986,0,0,0,0,0,35.5571986,0.895665497,0.104334503,0,0,0.104334503,0.0903016932,0.0904320692,6.12002607e-05
307,0.344746607,1000,1000,ok_event_tree,event_tree,344.747,301.700587,43.0464128,0,0,43.0464128,0,43.0464128,0,0,0,0,0,43.0464128,0.875136222,0.124863778,0,0,0.124863778,0.0885834239,0.0886637167,7.01786244e-05
308,0.348738584,1000,1000,ok_event_tree,event_tree,348.739,310.998991,37.7400092,0,0,37.7400092,0,37.7400092,0,0,0,0,0,37.7400092,0.891781506,0.108218494,0,0,0.108218494,0.0965693991,0.0966237179,5.96085813e-05
309,0.352776787,1000,1000,ok_event_tree,event_tree,352.777,307.822752,44.9542476,0,0,44.9542476,0,44.9542476,0,0,0,0,0,44.9542476,0.872570356,0.127429644,0,0,0.127429644,0.0883456469,0.0885173916,6.08837468e-05
310,0.356861749,1000,1000,ok_event_tree,event_tree,356.862,326.324701,30.5372992,0,0,30.5372992,0,30.5372992,0,0,0,0,0,30.5372992,0.914428269,0.0855717315,0,0,0.0855717315,0.10528839,0.105333241,5.74215203e-05
311,0.360994014,1000,1000,ok_event_tree,event_tree,360.994,319.492002,41.5019979,0,0,41.5019979,0,41.5019979,0,0,0,0,0,41.5019979,0.885034106,0.114965894,0,0,0.114965894,0.0959399976,0.0960735666,6.22371688e-05
312,0.365174127,1000,1000,ok_event_tree,event_tree,365.174,332.116746,33.057254,0,0,33.057254,0,33.057254,0,0,0,0,0,33.057254,0.909475335,0.0905246651,0,0,0.0905246651,0.0960511974,0.0964105445,6.49245185e-05
313,0.369402644,1000,1000,ok_event_tree,event_tree,369.403,305.230542,64.1724581,0,0,64.1724581,0,64.1724581,0,0,0,0,0,64.1724581,0.826280625,0.173719375,0,0,0.173719375,0.0914707362,0.0915496744,5.46247366e-05
314,0.373680125,1000,1000,ok_event_tree,event_tree,373.68,337.113912,36.566088,0,0,36.566088,0,36.566088,0,0,0,0,0,36.566088,0.902145986,0.0978540142,0,0,0.0978540142,0.108572223,0.108687657,5.17052671e-05
315,0.378007137,1000,1000,ok_event_tree,event_tree,378.007,336.818859,41.1881412,0,0,41.1881412,0,41.1881412,0,0,0,0,0,41.1881412,0.891038681,0.108961319,0,0,0.108961319,0.105127859,0.105145382,5.09277742e-05
316,0.382384254,1000,1000,ok_event_tree,event_tree,382.384,332.417807,49.9661934,0,0,49.9661934,0,49.9661934,0,0,0,0,0,49.9661934,0.869329801,0.130670199,0,0,0.130670199,0.10635017,0.106470725,6.65922502e-05
317,0.386812055,1000,1000,ok_event_tree,event_tree,386.812,341.242072,45.5699279,0,0,45.5699279,0,45.5699279,0,0,0,0,0,45.5699279,0.882191018,0.117808982,0,0,0.117808982,0.109393129,0.10940026,5.91206463e-05
318,0.391291127,1000,1000,ok_event_tree,event_tree,391.291,341.300858,49.9901421,0,0,49.9901421,0,49.9901421,0,0,0,0,0,49.9901421,0.872243057,0.127756943,0,0,0.127756943,0.105354752,0.105496649,6.58001181e-05
319,0.395822065,1000,1000,ok_event_tree,event_tree,395.822,354.929804,40.8921962,0,0,40.8921962,0,40.8921962,0,0,0,0,0,40.8921962,0.896690441,0.103309559,0,0,0.103309559,0.102718611,0.102985912,6.23315987e-05
320,0.400405468,1000,1000,ok_event_tree,event_tree,400.405,336.196932,64.2080679,0,0,64.2080679,0,64.2080679,0,0,0,0,0,64.2080679,0.839642193,0.160357807,0,0,0.160357807,0.106168908,0.106229575,6.32970123e-05
321,0.405041945,1000,1000,ok_event_tree,event_tree,405.042,357.719553,47.3224471,0,0,47.3224471,0,47.3224471,0,0,0,0,0,47.3224471,0.883166568,0.116833432,0,0,0.116833432,0.116025595,0.116335201,6.7793947e-05
322,0.40973211,1000,1000,ok_event_tree,event_tree,409.732,352.756957,56.9750426,0,0,56.9750426,0,56.9750426,0,0,0,0,0,56.9750426,0.860945587,0.139054413,0,0,0.139054413,0.108382197,0.108732935,8.67153738e-05
323,0.414476584,1000,1000,ok_event_tree,event_tree,414.477,361.425865,53.0511353,0,0,53.0511353,0,53.0511353,0,0,0,0,0,53.0511353,0.872004634,0.127995366,0,0,0.127995366,0.116868915,0.11705453,6.15357724e-05
324,0.419275997,1000,1000,ok_event_tree,event_tree,419.276,369.516705,49.7592946,0,0,49.7592946,0,49.7592946,0,0,0,0,0,49.7592946,0.881320909,0.118679091,0,0,0.118679091,0.122259435,0.122480991,7.75528249e-05
325,0.424130984,1000,1000,ok_event_tree,event_tree,424.131,383.098979,41.0320207,0,0,41.0320207,0,41.0320207,0,0,0,0,0,41.0320207,0.903256256,0.0967437436,0,0,0.0967437436,0.130323422,0.130382417,5.97226871e-05
326,0.429042189,1000,1000,ok_event_tree,event_tree,429.042,378.679647,50.3623528,0,0,50.3623528,0,50.3623528,0,0,0,0,0,50.3623528,0.88261673,0.11738327,0,0,0.11738327,0.123046517,0.123387877,6.51153691e-05
327,0.434010264,1000,1000,ok_event_tree,event_tree,434.01,380.228937,53.7810627,0,0,53.7810627,0,53.7810627,0,0,0,0,0,53.7810627,0.876083356,0.123916644,0,0,0.123916644,0.127426915,0.127538375,6.03344926e-05
328,0.439035866,1000,1000,ok_event_tree,event_tree,439.036,374.4062,64.6297996,0,0,64.6297996,0,64.6297996,0,0,0,0,0,64.6297996,0.852791572,0.147208428,0,0,0.147208428,0.124101612,0.124185752,6.63127752e-05
329,0.444119661,1000,1000,ok_event_tree,event_tree,444.12,397.071759,47.0482411,0,0,47.0482411,0,47.0482411,0,0,0,0,0,47.0482411,0.894064124,0.105935876,0,0,0.105935876,0.118859483,0.119001723,6.90073888e-05
330,0.449262325,1000,1000,ok_event_tree,event_tree,449.262,401.846889,47.4151108,0,0,47.4151108,0,47.4151108,0,0,0,0,0,47.4151108,0.894460001,0.105539999,0,0,0.105539999,0.138923203,0.13929184,7.2940217e-05
331,0.454464537,1000,1000,ok_event_tree,event_tree,454.465,407.168146,47.2968541,0,0,47.2968541,0,47.2968541,0,0,0,0,0,47.2968541,0.8959285,0.1040715,0,0,0.1040715,0.129142142,0.129260631,8.51635899e-05
332,0.459726989,1000,1000,ok_event_tree,event_tree,459.727,384.549637,75.1773633,0,0,75.1773633,0,75.1773633,0,0,0,0,0,75.1773633,0.8364739,0.1635261,0,0,0.1635261,0.128707953,0.129062324,7.65874626e-05
333,0.465050376,1000,1000,ok_event_tree,event_tree,465.05,417.520152,47.5298477,0,0,47.5298477,0,47.5298477,0,0,0,0,0,47.5298477,0.897796263,0.102203737,0,0,0.102203737,0.139644732,0.139745286,6.34042944e-05
334,0.470435406,1000,1000,ok_event_tree,event_tree,470.435,426.932174,43.5028256,0,0,43.5028256,0,43.5028256,0,0,0,0,0,43.5028256,0.907526384,0.0924736162,0,0,0.0924736162,0.150864805,0.151146141,7.53568231e-05
335,0.475882791,1000,1000,ok_event_tree,event_tree,475.883,417.442299,58.4407006,0,0,58.4407006,0,58.4407006,0,0,0,0,0,58.4407006,0.877195234,0.122804766,0,0,0.122804766,0.140463917,0.140502619,6.75474206e-05
336,0.481393254,1000,1000,ok_event_tree,event_tree,481.393,425.709755,55.6832448,0,0,55.6832448,0,55.6832448,0,0,0,0,0,55.6832448,0.884328927,0.115671073,0,0,0.115671073,0.150608953,0.150803657,7.07133746e-05
337,0.486967525,1000,1000,ok_event_tree,event_tree,486.968,438.814742,48.1532575,0,0,48.1532575,0,48.1532575,0,0,0,0,0,48.1532575,0.901116177,0.098883823,0,0,0.098883823,0.15393625,0.154375167,8.22674602e-05
338,0.492606343,1000,1000,ok_event_tree,event_tree,492.606,445.547084,47.0589161,0,0,47.0589161,0,47.0589161,0,0,0,0,0,47.0589161,0.904469462,0.0955305378,0,0,0.0955305378,0.162438882,0.16263405,7.57060621e-05
339,0.498310456,1000,1000,ok_event_tree,event_tree,498.31,447.093128,51.2168716,0,0,51.2168716,0,51.2168716,0,0,0,0,0,51.2168716,0.897218856,0.102781144,0,0,0.102781144,0.154339281,0.154358656,7.13987328e-05
340,0.504080619,1000,1000,ok_event_tree,event_tree,504.081,433.336169,70.7448307,0,0,70.7448307,0,70.7448307,0,0,0,0,0,70.7448307,0.859655828,0.140344172,0,0,0.140344172,0.147410125,0.147451051,7.81574229e-05
341,0.509917598,1000,1000,ok_event_tree,event_tree,509.918,459.805761,50.1122393,0,0,50.1122393,0,50.1122393,0,0,0,0,0,50.1122393,0.901724906,0.0982750938,0,0,0.0982750938,0.163753068,0.164148773,8.87922816e-05
342,0.515822165,1000,1000,ok_event_tree,event_tree,515.822,454.635906,61.1860938,0,0,61.1860938,0,61.1860938,0,0,0,0,0,61.1860938,0.88138138,0.11861862,0,0,0.11861862,0.165287392,0.16536613,7.92345411e-05
343,0.521795104,1000,1000,ok_event_tree,event_tree,521.795,446.636549,75.1584513,0,0,75.1584513,0,75.1584513,0,0,0,0,0,75.1584513,0.855961726,0.144038274,0,0,0.144038274,0.165089093,0.165252022,7.6569712e-05
344,0.527837207,1000,1000,ok_event_tree,event_tree,527.837,452.737845,75.099155,0,0,75.099155,0,75.099155,0,0,0,0,0,75.099155,0.857722829,0.142277171,0,0,0.142277171,0.172540731,0.17271822,6.43261789e-05
345,0.533949274,1000,1000,ok_event_tree,event_tree,533.949,447.346856,86.6021437,0,0,86.6021437,0,86.6021437,0,0,0,0,0,86.6021437,0.837808211,0.162191789,0,0,0.162191789,0.160467956,0.160608449,6.03073766e-05
346,0.540132115,1000,1000,ok_event_tree,event_tree,540.132,492.880009,47.2519913,0,0,47.2519913,0,47.2519913,0,0,0,0,0,47.2519913,0.912517697,0.0874823031,0,0,0.0874823031,0.185451469,0.185540241,6.41114703e-05
347,0.54638655,1000,1000,ok_event_tree,event_tree,546.387,496.167216,50.2197837,0,0,50.2197837,0,50.2197837,0,0,0,0,0,50.2197837,0.908087521,0.0919124791,0,0,0.0919124791,0.172445676,0.172753507,8.43129189e-05
348,0.552713408,1000,1000,ok_event_tree,event_tree,552.713,480.282386,72.4306142,0,0,72.4306142,0,72.4306142,0,0,0,0,0,72.4306142,0.868954387,0.131045613,0,0,0.131045613,0.180739996,0.183064495,6.43827787e-05
349,0.559113528,1000,1000,ok_event_tree,event_tree,559.114,486.028589,73.085411,0,0,73.085411,0,73.085411,0,0,0,0,0,73.085411,0.869283525,0.130716475,0,0,0.130716475,0.180064331,0.18014935,8.27351986e-05
350,0.565587757,1000,1000,ok_event_tree,event_tree,565.588,517.217621,48.3703787,0,0,48.3703787,0,48.3703787,0,0,0,0,0,48.3703787,0.914477714,0.0855222861,0,0,0.0855222861,0.200148251,0.200579705,8.19323375e-05
351,0.572136955,1000,1000,ok_event_tree,event_tree,572.137,515.448297,56.6887025,0,0,56.6887025,0,56.6887025,0,0,0,0,0,56.6887025,0.900917608,0.099082392,0,0,0.099082392,0.191312368,0.191573421,7.8108149e-05
352,0.578761988,1000,1000,ok_event_tree,event_tree,578.762,503.907987,74.8540133,0,0,74.8540133,0,74.8540133,0,0,0,0,0,74.8540133,0.870665294,0.129334706,0,0,0.129334706,0.174718067,0.175001178,9.30826561e-05
353,0.585463736,1000,1000,ok_event_tree,event_tree,585.464,510.091394,75.3726059,0,0,75.3726059,0,75.3726059,0,0,0,0,0,75.3726059,0.87126005,0.12873995,0,0,0.12873995,0.199515358,0.199696283,7.84860478e-05
354,0.592243087,1000,1000,ok_event_tree,event_tree,592.243,531.897185,60.3458151,0,0,60.3458151,0,60.3458151,0,0,0,0,0,60.3458151,0.898106326,0.101893674,0,0,0.101893674,0.201604742,0.201980978,8.75426036e-05
355,0.599100939,1000,1000,ok_event_tree,event_tree,599.101,517.628123,81.4728768,0,0,81.4728768,0,81.4728768,0,0,0,0,0,81.4728768,0.864008111,0.135991889,0,0,0.135991889,0.186795698,0.187004176,8.55945333e-05
356,0.606038201,1000,1000,ok_event_tree,event_tree,606.038,550.30922,55.7287802,0,0,55.7287802,0,55.7287802,0,0,0,0,0,55.7287802,0.908044083,0.0919559173,0,0,0.0919559173,0.212040753,0.212212649,7.90291841e-05
357,0.613055792,1000,1000,ok_event_tree,event_tree,613.056,549.733473,63.322527,0,0,63.322527,0,63.322527,0,0,0,0,0,63.322527,0.896710044,0.103289956,0,0,0.103289956,0.209656914,0.210075573,9.28026629e-05
358,0.620154644,1000,1000,ok_event_tree,event_tree,620.155,554.472376,65.6826239,0,0,65.6826239,0,65.6826239,0,0,0,0,0,65.6826239,0.894086762,0.105913238,0,0,0.105913238,0.206982197,0.207490113,9.13446649e-05
359,0.627335696,1000,1000,ok_event_tree,event_tree,627.336,538.298705,89.0372946,0,0,89.0372946,0,89.0372946,0,0,0,0,0,89.0372946,0.858070803,0.141929197,0,0,0.141929197,0.201344617,0.201821365,0.000107994884
360,0.634599901,1000,1000,ok_event_tree,event_tree,634.6,567.410652,67.1893483,0,0,67.1893483,0,67.1893483,0,0,0,0,0,67.1893483,0.894123309,0.105876691,0,0,0.105876691,0.2171394,0.217445206,7.8480774e-05
361,0.641948222,1000,1000,ok_event_tree,event_tree,641.948,559.057846,82.8901537,0,0,82.8901537,0,82.8901537,0,0,0,0,0,82.8901537,0.870877153,0.129122847,0,0,0.129122847,0.201444789,0.20212896,9.73815218e-05
362,0.649381632,1000,1000,ok_event_tree,event_tree,649.382,574.687072,74.6949284,0,0,74.6949284,0,74.6949284,0,0,0,0,0,74.6949284,0.884975364,0.115024636,0,0,0.115024636,0.205428648,0.205791666,0.00012435728
363,0.656901116,1000,1000,ok_event_tree,event_tree,656.901,577.506454,79.3945458,0,0,79.3945458,0,79.3945458,0,0,0,0,0,79.3945458,0.87913773,0.12086227,0,0,0.12086227,0.206571641,0.206767891,7.63651019e-05
364,0.664507673,1000,1000,ok_event_tree,event_tree,664.508,585.952271,78.5557295,0,0,78.5557295,0,78.5557295,0,0,0,0,0,78.5557295,0.881783621,0.118216379,0,0,0.118216379,0.222079337,0.222748708,0.000112991068
365,0.672202309,1000,1000,ok_event_tree,event_tree,672.202,596.325474,75.8765261,0,0,75.8765261,0,75.8765261,0,0,0,0,0,75.8765261,0.887122433,0.112877567,0,0,0.112877567,0.230225425,0.230687198,0.000102422096
366,0.679986045,1000,1000,ok_event_tree,event_tree,679.986,615.861767,64.1242333,0,0,64.1242333,0,64.1242333,0,0,0,0,0,64.1242333,0.905697715,0.0943022846,0,0,0.0943022846,0.245201311,0.245513714,0.000106409167
367,0.687859912,1000,1000,ok_event_tree,event_tree,687.86,608.41169,79.4483095,0,0,79.4483095,0,79.4483095,0,0,0,0,0,79.4483095,0.884499303,0.115500697,0,0,0.115500697,0.230764404,0.230914739,9.24535443e-05
368,0.695824955,1000,1000,ok_event_tree,event_tree,695.825,637.964368,57.8606325,0,0,57.8606325,0,57.8606325,0,0,0,0,0,57.8606325,0.916845999,0.0831540006,0,0,0.0831540006,0.266839985,0.26697405,8.89255129e-05
369,0.703882228,1000,1000,ok_event_tree,event_tree,703.882,637.834809,66.0471913,0,0,66.0471913,0,66.0471913,0,0,0,0,0,66.0471913,0.906167239,0.0938327607,0,0,0.0938327607,0.272469424,0.272753699,9.270717e-05
370,0.7120328,1000,1000,ok_event_tree,event_tree,712.033,649.753365,62.2796355,0,0,62.2796355,0,62.2796355,0,0,0,0,0,62.2796355,0.912532656,0.0874673442,0,0,0.0874673442,0.249517556,0.250244908,9.41869874e-05
371,0.720277751,1000,1000,ok_event_tree,event_tree,720.278,652.18768,68.0903196,0,0,68.0903196,0,68.0903196,0,0,0,0,0,68.0903196,0.905466612,0.094533388,0,0,0.094533388,0.255310221,0.255645487,0.000111603556
372,0.728618175,1000,1000,ok_event_tree,event_tree,728.618,646.515752,82.1022479,0,0,82.1022479,0,82.1022479,0,0,0,0,0,82.1022479,0.887317843,0.112682157,0,0,0.112682157,0.266428539,0.266782001,0.000104108488
373,0.737055175,1000,1000,ok_event_tree,event_tree,737.055,665.144844,71.9101556,0,0,71.9101556,0,71.9101556,0,0,0,0,0,71.9101556,0.902435835,0.0975641649,0,0,0.0975641649,0.267937596,0.268665509,0.000118918811
374,0.745589872,1000,1000,ok_event_tree,event_tree,745.59,664.672202,80.9177983,0,0,80.9177983,0,80.9177983,0,0,0,0,0,80.9177983,0.891471454,0.108528546,0,0,0.108528546,0.273955809,0.274839524,0.000100442045
375,0.754223396,1000,1000,ok_event_tree,event_tree,754.223,673.396096,80.8269037,0,0,80.8269037,0,80.8269037,0,0,0,0,0,80.8269037,0.89283421,0.10716579,0,0,0.10716579,0.259335361,0.259946634,9.6489189e-05
376,0.762956891,1000,1000,ok_event_tree,event_tree,762.957,679.866467,83.0905328,0,0,83.0905328,0,83.0905328,0,0,0,0,0,83.0905328,0.891094082,0.108905918,0,0,0.108905918,0.281680431,0.282887037,0.000105641425
377,0.771791516,1000,1000,ok_event_tree,event_tree,771.792,678.388649,93.4033513,0,0,93.4033513,0,93.4033513,0,0,0,0,0,93.4033513,0.878978596,0.121021404,0,0,0.121021404,0.268462135,0.268939638,0.000100197591
378,0.78072844,1000,1000,ok_event_tree,event_tree,780.728,678.29114,102.43686,0,0,102.43686,0,102.43686,0,0,0,0,0,102.43686,0.868793152,0.131206848,0,0,0.131206848,0.279982438,0.280553437,0.000106373178
379,0.789768849,1000,1000,ok_event_tree,event_tree,789.769,693.551824,96.2171759,0,0,96.2171759,0,96.2171759,0,0,0,0,0,96.2171759,0.878170483,0.121829517,0,0,0.121829517,0.28985712,0.289977012,9.16016686e-05
380,0.798913942,1000,1000,ok_event_tree,event_tree,798.914,723.274618,75.6393824,0,0,75.6393824,0,75.6393824,0,0,0,0,0,75.6393824,0.905322247,0.0946777531,0,0,0.0946777531,0.305703357,0.306090789,0.000125139107
381,0.808164929,1000,1000,ok_event_tree,event_tree,808.165,734.293454,73.8715462,0,0,73.8715462,0,73.8715462,0,0,0,0,0,73.8715462,0.908593485,0.0914065149,0,0,0.0914065149,0.312962853,0.314264155,9.89680901e-05
382,0.817523038,1000,1000,ok_event_tree,event_tree,817.523,741.017617,76.5053828,0,0,76.5053828,0,76.5053828,0,0,0,0,0,76.5053828,0.906418067,0.0935819333,0,0,0.0935819333,0.319003287,0.31913752,0.000101048412
383,0.826989509,1000,1000,ok_event_tree,event_tree,826.99,729.198584,97.7914156,0,0,97.7914156,0,97.7914156,0,0,0,0,0,97.7914156,0.881750184,0.118249816,0,0,0.118249816,0.297898306,0.298376712,0.000141809894
384,0.836565596,1000,1000,ok_event_tree,event_tree,836.566,757.882015,78.6839853,0,0,78.6839853,0,78.6839853,0,0,0,0,0,78.6839853,0.905944079,0.0940559206,0,0,0.0940559206,0.31274119,0.313293946,0.00011359958
385,0.846252569,1000,1000,ok_event_tree,event_tree,846.253,751.414241,94.8387589,0,0,94.8387589,0,94.8387589,0,0,0,0,0,94.8387589,0.887930963,0.112069037,0,0,0.112069037,0.324018088,0.324306522,0.000117965363
386,0.856051712,1000,1000,ok_event_tree,event_tree,856.052,755.613565,100.438435,0,0,100.438435,0,100.438435,0,0,0,0,0,100.438435,0.882672507,0.117327493,0,0,0.117327493,0.33062032,0.331143751,9.93772831e-05
387,0.865964323,1000,1000,ok_event_tree,event_tree,865.964,755.903463,110.060537,0,0,110.060537,0,110.060537,0,0,0,0,0,110.060537,0.872904027,0.127095973,0,0,0.127095973,0.303492198,0.303874034,0.000103482779
388,0.875991718,1000,1000,ok_event_tree,event_tree,875.992,791.644754,84.3472464,0,0,84.3472464,0,84.3472464,0,0,0,0,0,84.3472464,0.90371231,0.0962876903,0,0,0.0962876903,0.333749266,0.334251653,0.000109647724
389,0.886135224,1000,1000,ok_event_tree,event_tree,886.135,796.708545,89.4264547,0,0,89.4264547,0,89.4264547,0,0,0,0,0,89.4264547,0.899082584,0.100917416,0,0,0.100917416,0.349493712,0.349974127,9.5725582e-05
390,0.896396186,1000,1000,ok_event_tree,event_tree,896.396,817.661149,78.7348505,0,0,78.7348505,0,78.7348505,0,0,0,0,0,78.7348505,0.912165103,0.0878348972,0,0,0.0878348972,0.353740995,0.354071309,0.000115183452
391,0.906775965,1000,1000,ok_event_tree,event_tree,906.776,820.474596,86.3014043,0,0,86.3014043,0,86.3014043,0,0,0,0,0,86.3014043,0.904826104,0.0951738956,0,0,0.0951738956,0.363193155,0.363794834,0.000100588949
392,0.917275935,1000,1000,ok_event_tree,event_tree,917.276,840.350051,76.9259493,0,0,76.9259493,0,76.9259493,0,0,0,0,0,76.9259493,0.916136529,0.083863471,0,0,0.083863471,0.371516001,0.37227789,9.91906913e-05
393,0.92789749,1000,1000,ok_event_tree,event_tree,927.897,836.961278,90.9357221,0,0,90.9357221,0,90.9357221,0,0,0,0,0,90.9357221,0.901998043,0.0980019572,0,0,0.0980019572,0.358304724,0.359049257,0.000115465988
394,0.938642037,1000,1000,ok_event_tree,event_tree,938.642,830.352403,108.289597,0,0,108.289597,0,108.289597,0,0,0,0,0,108.289597,0.884631631,0.115368369,0,0,0.115368369,0.348072594,0.350011631,0.000120931565
395,0.949510999,1000,1000,ok_event_tree,event_tree,949.511,856.408314,93.1026859,0,0,93.1026859,0,93.1026859,0,0,0,0,0,93.1026859,0.901946701,0.098053299,0,0,0.098053299,0.386398125,0.386568483,9.66003931e-05
396,0.960505818,1000,1000,ok_event_tree,event_tree,960.506,862.284516,98.221484,0,0,98.221484,0,98.221484,0,0,0,0,0,98.221484,0.897739854,0.102260146,0,0,0.102260146,0.37853508,0.378783103,0.000111840367
397,0.971627952,1000,1000,ok_event_tree,event_tree,971.628,851.005908,120.622092,0,0,120.622092,0,120.622092,0,0,0,0,0,120.622092,0.875855686,0.124144314,0,0,0.124144314,0.354934018,0.355822784,0.000126856393
398,0.982878873,1000,1000,ok_event_tree,event_tree,982.879,898.416074,84.4629259,0,0,84.4629259,0,84.4629259,0,0,0,0,0,84.4629259,0.914065795,0.0859342054,0,0,0.0859342054,0.393011636,0.393453217,0.000117659132
399,0.994260074,1000,1000,ok_event_tree,event_tree,994.26,893.659463,100.600537,0,0,100.600537,0,100.600537,0,0,0,0,0,100.600537,0.898818682,0.101181318,0,0,0.101181318,0.412264129,0.413225532,0.000117656126
400,1.00577306,500,500,ok_event_tree,event_tree,502.885,455.378227,47.5067729,0,0,47.5067729,0,47.5067729,0,0,0,0,0,47.5067729,0.905531537,0.0944684628,0,0,0.0944684628,0.393182051,0.393476266,0.000114987501
401,1.01741937,500,500,ok_event_tree,event_tree,508.71,460.889979,47.8200213,0,0,47.8200213,0,47.8200213,0,0,0,0,0,47.8200213,0.905997481,0.0940025187,0,0,0.0940025187,0.416562121,0.416875552,0.000134801825
402,1.02920053,500,500,ok_event_tree,event_tree,514.6,454.275001,60.3249993,0,0,60.3249993,0,60.3249993,0,0,0,0,0,60.3249993,0.882773029,0.117226971,0,0,0.117226971,0.375006581,0.375962048,0.000123656698
403,1.04111811,500,500,ok_event_tree,event_tree,520.56,483.621566,36.938434,0,0,36.938434,0,36.938434,0,0,0,0,0,36.938434,0.929040967,0.0709590326,0,0,0.0709590326,0.421982368,0.423334326,0.000158326417
404,1.05317369,500,500,ok_event_tree,event_tree,526.585,476.834009,49.7509909,0,0,49.7509909,0,49.7509909,0,0,0,0,0,49.7509909,0.905521443,0.094478557,0,0,0.094478557,0.415240261,0.417045463,0.000129518682
405,1.06536886,500,500,ok_event_tree,event_tree,532.685,494.726465,37.9585352,0,0,37.9585352,0,37.9585352,0,0,0,0,0,37.9585352,0.928741122,0.0712588776,0,0,0.0712588776,0.440470409,0.441338782,0.00016047542
406,1.07770525,500,500,ok_event_tree,event_tree,538.855,488.870393,49.9846069,0,0,49.9846069,0,49.9846069,0,0,0,0,0,49.9846069,0.907239226,0.0927607741,0,0,0.0927607741,0.451647131,0.452408749,0.00012941915
407,1.09018449,500,500,ok_event_tree,event_tree,545.09,508.685346,36.4046541,0,0,36.4046541,0,36.4046541,0,0,0,0,0,36.4046541,0.933213498,0.0667865015,0,0,0.0667865015,0.495498026,0.496808994,0.000124301169
408,1.10280823,500,500,ok_event_tree,event_tree,551.405,515.297816,36.1071841,0,0,36.1071841,0,36.1071841,0,0,0,0,0,36.1071841,0.934517852,0.0654821485,0,0,0.0654821485,0.459537477,0.46049534,0.000170814613
409,1.11557815,500,500,ok_event_tree,event_tree,557.79,512.982654,44.807346,0,0,44.807346,0,44.807346,0,0,0,0,0,44.807346,0.919669865,0.0803301349,0,0,0.0803301349,0.483624092,0.485445083,0.00014019194
410,1.12849594,500,500,ok_event_tree,event_tree,564.25,520.563377,43.6866231,0,0,43.6866231,0,43.6866231,0,0,0,0,0,43.6866231,0.922575768,0.0774242324,0,0,0.0774242324,0.465279577,0.466401634,0.000162139266
411,1.1415633,500,500,ok_event_tree,event_tree,570.78,516.396181,54.3838189,0,0,54.3838189,0,54.3838189,0,0,0,0,0,54.3838189,0.904720174,0.0952798257,0,0,0.0952798257,0.462446203,0.465341086,0.000137349497
412,1.15478198,500,500,ok_event_tree,event_tree,577.39,526.917998,50.4720023,0,0,50.4720023,0,50.4720023,0,0,0,0,0,50.4720023,0.912585943,0.0874140569,0,0,0.0874140569,0.494383454,0.494597852,0.000113247683
413,1.16815373,500,500,ok_event_tree,event_tree,584.075,522.844088,61.2309125,0,0,61.2309125,0,61.2309125,0,0,0,0,0,61.2309125,0.89516601,0.10483399,0,0,0.10483399,0.489032676,0.489763163,0.000151720798
414,1.18168031,500,500,ok_event_tree,event_tree,590.84,522.080782,68.7592183,0,0,68.7592183,0,68.7592183,0,0,0,0,0,68.7592183,0.883624639,0.116375361,0,0,0.116375361,0.457021126,0.459043695,0.000202966364
415,1.19536353,500,500,ok_event_tree,event_tree,597.68,537.150169,60.5298311,0,0,60.5298311,0,60.5298311,0,0,0,0,0,60.5298311,0.898725353,0.101274647,0,0,0.101274647,0.497677609,0.49799448,0.000182068969
416,1.20920518,500,500,ok_event_tree,event_tree,604.605,538.168199,66.436801,0,0,66.436801,0,66.436801,0,0,0,0,0,66.436801,0.890115363,0.109884637,0,0,0.109884637,0.503210061,0.504446326,0.00017502649
417,1.22320712,500,500,ok_event_tree,event_tree,611.605,555.490534,56.114466,0,0,56.114466,0,56.114466,0,0,0,0,0,56.114466,0.908250479,0.0917495214,0,0,0.0917495214,0.507340172,0.508501776,0.000156759083
418,1.23737119,500,420,ok_event_tree,event_tree,519.6954,455.704584,63.9908159,0,0,63.9908159,0,63.9908159,0,0,0,0,0,63.9908159,0.876868612,0.123131388,0,0,0.123131388,0.531166186,0.531392628,0.000103696052
419,1.25169927,500,500,ok_event_tree,event_tree,625.85,590.701388,35.1486119,0,0,35.1486119,0,35.1486119,0,0,0,0,0,35.1486119,0.9438386,0.0561613996,0,0,0.0561613996,0.563755808,0.564271856,0.00011576742
420,1.26619327,500,500,ok_event_tree,event_tree,633.095,598.566146,34.5288535,0,0,34.5288535,0,34.5288535,0,0,0,0,0,34.5288535,0.945460233,0.0545397666,0,0,0.0545397666,0.589860564,0.590324508,0.000137216694
421,1.28085509,500,500,ok_event_tree,event_tree,640.43,579.938492,60.4915083,0,0,60.4915083,0,60.4915083,0,0,0,0,0,60.4915083,0.90554548,0.0944545201,0,0,0.0944545201,0.534492102,0.535204029,0.000163617956
422,1.2956867,500,500,ok_event_tree,event_tree,647.845,568.803837,79.0411631,0,0,79.0411631,0,79.0411631,0,0,0,0,0,79.0411631,0.877993713,0.122006287,0,0,0.122006287,0.539046115,0.540370998,0.000164187962
423,1.31069004,500,500,ok_event_tree,event_tree,655.345,592.668538,62.6764621,0,0,62.6764621,0,62.6764621,0,0,0,0,0,62.6764621,0.904361119,0.0956388805,0,0,0.0956388805,0.58049362,0.581242913,0.000165531551
424,1.32586712,500,500,ok_event_tree,event_tree,662.935,591.875302,71.0596985,0,0,71.0596985,0,71.0596985,0,0,0,0,0,71.0596985,0.892810459,0.107189541,0,0,0.107189541,0.560788153,0.561378156,0.000161530868
425,1.34121994,500,500,ok_event_tree,event_tree,670.61,606.773857,63.8361427,0,0,63.8361427,0,63.8361427,0,0,0,0,0,63.8361427,0.904808842,0.0951911583,0,0,0.0951911583,0.589337913,0.590693689,0.000157635967
426,1.35675053,500,500,ok_event_tree,event_tree,678.375,621.336132,57.0388683,0,0,57.0388683,0,57.0388683,0,0,0,0,0,57.0388683,0.915918381,0.0840816191,0,0,0.0840816191,0.636033495,0.63676818,0.000152542442
427,1.37246096,500,500,ok_event_tree,event_tree,686.23,636.077697,50.1523032,0,0,50.1523032,0,50.1523032,0,0,0,0,0,50.1523032,0.92691619,0.0730838104,0,0,0.0730838104,0.613800297,0.613981888,0.000156059317
428,1.38835331,500,500,ok_event_tree,event_tree,694.175,634.233868,59.9411322,0,0,59.9411322,0,59.9411322,0,0,0,0,0,59.9411322,0.913651266,0.0863487337,0,0,0.0863487337,0.611287651,0.61226577,0.000183146505
429,1.40442968,500,500,ok_event_tree,event_tree,702.215,634.001492,68.2135082,0,0,68.2135082,0,68.2135082,0,0,0,0,0,68.2135082,0.902859511,0.0971404886,0,0,0.0971404886,0.604914979,0.606255801,0.000174453542
430,1.42069221,500,500,ok_event_tree,event_tree,710.345,655.203701,55.1412995,0,0,55.1412995,0,55.1412995,0,0,0,0,0,55.1412995,0.922373918,0.0776260824,0,0,0.0776260824,0.629019081,0.629541031,0.00017368415
431,1.43714305,500,500,ok_event_tree,event_tree,718.57,653.926415,64.6435851,0,0,64.6435851,0,64.6435851,0,0,0,0,0,64.6435851,0.91003857,0.0899614304,0,0,0.0899614304,0.610592402,0.612995295,0.000177498905
432,1.45378439,500,500,ok_event_tree,event_tree,726.89,676.471485,50.4185149,0,0,50.4185149,0,50.4185149,0,0,0,0,0,50.4185149,0.93063804,0.0693619597,0,0,0.0693619597,0.652019476,0.652573376,0.000191440415
433,1.47061842,500,500,ok_event_tree,event_tree,735.31,690.12997,45.1800301,0,0,45.1800301,0,45.1800301,0,0,0,0,0,45.1800301,0.938556486,0.0614435138,0,0,0.0614435138,0.701551783,0.703187964,0.000183191209
434,1.48764737,500,500,ok_event_tree,event_tree,743.825,681.094707,62.7302931,0,0,62.7302931,0,62.7302931,0,0,0,0,0,62.7302931,0.915665253,0.0843347469,0,0,0.0843347469,0.668500866,0.668739237,0.000182541682
435,1.50487352,500,500,ok_event_tree,event_tree,752.435,695.617031,56.8179687,0,0,56.8179687,0,56.8179687,0,0,0,0,0,56.8179687,0.924487871,0.0755121288,0,0,0.0755121288,0.658916118,0.661313358,0.000208966396
436,1.52229913,500,500,ok_event_tree,event_tree,761.15,692.71719,68.4328099,0,0,68.4328099,0,68.4328099,0,0,0,0,0,68.4328099,0.910092873,0.0899071272,0,0,0.0899071272,0.684883588,0.685917722,0.000176344195
437,1.53992653,500,500,ok_event_tree,event_tree,769.965,709.178612,60.7863876,0,0,60.7863876,0,60.7863876,0,0,0,0,0,60.7863876,0.921053051,0.078946949,0,0,0.078946949,0.688428822,0.68912765,0.000147444418
438,1.55775803,500,500,ok_event_tree,event_tree,778.88,693.803956,85.0760442,0,0,85.0760442,0,85.0760442,0,0,0,0,0,85.0760442,0.890771307,0.109228693,0,0,0.109228693,0.689593226,0.690753897,0.000149597196
439,1.57579602,500,500,ok_event_tree,event_tree,787.9,710.816277,77.0837228,0,0,77.0837228,0,77.0837228,0,0,0,0,0,77.0837228,0.902165601,0.0978343988,0,0,0.0978343988,0.72772673,0.730433924,0.000195220509
440,1.59404288,500,500,ok_event_tree,event_tree,797.02,741.166573,55.8534266,0,0,55.8534266,0,55.8534266,0,0,0,0,0,55.8534266,0.929922177,0.0700778231,0,0,0.0700778231,0.720696227,0.722302413,0.000200384955
441,1.61250103,500,500,ok_event_tree,event_tree,806.25,761.911368,44.3386324,0,0,44.3386324,0,44.3386324,0,0,0,0,0,44.3386324,0.945006347,0.0549936526,0,0,0.0549936526,0.776036852,0.777641103,0.000178021535
442,1.63117291,500,500,ok_event_tree,event_tree,815.585,746.278224,69.3067762,0,0,69.3067762,0,69.3067762,0,0,0,0,0,69.3067762,0.915022007,0.0849779927,0,0,0.0849779927,0.726712526,0.727905985,0.000200000184
443,1.650061,500,500,ok_event_tree,event_tree,825.03,759.446434,65.583566,0,0,65.583566,0,65.583566,0,0,0,0,0,65.583566,0.920507659,0.0794923409,0,0,0.0794923409,0.76281237,0.76449827,0.000177816128
444,1.66916781,500,500,ok_event_tree,event_tree,834.585,767.480045,67.104955,0,0,67.104955,0,67.104955,0,0,0,0,0,67.104955,0.919594823,0.0804051775,0,0,0.0804051775,0.755509345,0.756359843,0.00017665678
445,1.68849586,500,500,ok_event_tree,event_tree,844.25,769.560963,74.6890373,0,0,74.6890373,0,74.6890373,0,0,0,0,0,74.6890373,0.911532085,0.088467915,0,0,0.088467915,0.77228715,0.772866353,0.000173939994
446,1.70804772,500,500,ok_event_tree,event_tree,854.025,780.432218,73.592782,0,0,73.592782,0,73.592782,0,0,0,0,0,73.592782,0.913828305,0.0861716953,0,0,0.0861716953,0.780021833,0.781401817,0.000172814057
447,1.72782598,500,500,ok_event_tree,event_tree,863.915,793.422072,70.4929275,0,0,70.4929275,0,70.4929275,0,0,0,0,0,70.4929275,0.918402936,0.081597064,0,0,0.081597064,0.772356675,0.776010015,0.000191826792
448,1.74783326,500,500,ok_event_tree,event_tree,873.915,813.132648,60.7823518,0,0,60.7823518,0,60.7823518,0,0,0,0,0,60.7823518,0.930448211,0.0695517892,0,0,0.0695517892,0.810305909,0.811523991,0.000173114575
449,1.76807222,500,500,ok_event_tree,event_tree,884.035,825.507632,58.5273683,0,0,58.5273683,0,58.5273683,0,0,0,0,0,58.5273683,0.933795191,0.0662048089,0,0,0.0662048089,0.811717997,0.813460498,0.000191929593
450,1.78854553,500,500,ok_event_tree,event_tree,894.275,821.175272,73.0997279,0,0,73.0997279,0,73.0997279,0,0,0,0,0,73.0997279,0.918258111,0.0817418891,0,0,0.0817418891,0.82276322,0.826042191,0.000235574273
451,1.80925591,500,500,ok_event_tree,event_tree,904.63,844.022092,60.6079076,0,0,60.6079076,0,60.6079076,0,0,0,0,0,60.6079076,0.933002545,0.0669974549,0,0,0.0669974549,0.857163618,0.858820801,0.00017564372
452,1.83020611,500,500,ok_event_tree,event_tree,915.105,856.158705,58.9462951,0,0,58.9462951,0,58.9462951,0,0,0,0,0,58.9462951,0.935585211,0.0644147885,0,0,0.0644147885,0.873536556,0.876096222,0.000221595162
453,1.85139889,500,500,ok_event_tree,event_tree,925.7,863.391799,62.3082011,0,0,62.3082011,0,62.3082011,0,0,0,0,0,62.3082011,0.932690719,0.0673092806,0,0,0.0673092806,0.887191101,0.889672619,0.000209638994
454,1.87283708,500,500,ok_event_tree,event_tree,936.42,877.220701,59.1992989,0,0,59.1992989,0,59.1992989,0,0,0,0,0,59.1992989,0.936781253,0.0632187468,0,0,0.0632187468,0.89622485,0.898114076,0.000189257901
455,1.89452351,500,500,ok_event_tree,event_tree,947.26,867.877125,79.3828749,0,0,79.3828749,0,79.3828749,0,0,0,0,0,79.3828749,0.916197375,0.0838026254,0,0,0.0838026254,0.930813909,0.933874676,0.000220618907
456,1.91646106,500,500,ok_event_tree,event_tree,958.23,874.998166,83.2318344,0,0,83.2318344,0,83.2318344,0,0,0,0,0,83.2318344,0.913140024,0.0868599756,0,0,0.0868599756,0.918708005,0.920008663,0.000187184504
457,1.93865264,500,500,ok_event_tree,event_tree,969.325,896.851945,72.4730551,0,0,72.4730551,0,72.4730551,0,0,0,0,0,72.4730551,0.925233482,0.074766518,0,0,0.074766518,0.949019218,0.950084099,0.000197959735
458,1.96110118,500,500,ok_event_tree,event_tree,980.55,911.510472,69.0395281,0,0,69.0395281,0,69.0395281,0,0,0,0,0,69.0395281,0.929591017,0.0704089828,0,0,0.0704089828,0.939211709,0.941656868,0.00022834898
459,1.98380966,500,500,ok_event_tree,event_tree,991.905,891.230698,100.674302,0,0,100.674302,0,100.674302,0,0,0,0,0,100.674302,0.898504089,0.101495911,0,0,0.101495911,0.878067525,0.879959937,0.000235127359
460,2.00678109,500,500,ok_event_tree,event_tree,1003.39,936.150763,67.2392372,0,0,67.2392372,0,67.2392372,0,0,0,0,0,67.2392372,0.932987934,0.0670120663,0,0,0.0670120663,0.96535329,0.966558469,0.0002117486
461,2.03001852,500,500,ok_event_tree,event_tree,1015.01,918.247361,96.7626391,0,0,96.7626391,0,96.7626391,0,0,0,0,0,96.7626391,0.90466829,0.0953317101,0,0,0.0953317101,0.928934837,0.931474795,0.000195955181
462,2.05352503,500,500,ok_event_tree,event_tree,1026.765,931.2015,95.5635005,0,0,95.5635005,0,95.5635005,0,0,0,0,0,95.5635005,0.906927583,0.0930724172,0,0,0.0930724172,0.969871341,0.971438061,0.000201588043
463,2.07730373,500,500,ok_event_tree,event_tree,1038.65,946.150838,92.499162,0,0,92.499162,0,92.499162,0,0,0,0,0,92.499162,0.910942895,0.0890571049,0,0,0.0890571049,0.990634166,0.993764885,0.000219362469
464,2.10135777,500,500,ok_event_tree,event_tree,1050.68,967.576134,83.1038664,0,0,83.1038664,0,83.1038664,0,0,0,0,0,83.1038664,0.920904684,0.0790953158,0,0,0.0790953158,1.04400261,1.04543931,0.000209418488
465,2.12569035,500,500,ok_event_tree,event_tree,1062.845,984.264937,78.5800631,0,0,78.5800631,0,78.5800631,0,0,0,0,0,78.5800631,0.9260663,0.0739336997,0,0,0.0739336997,1.01483393,1.01874458,0.000237471315
466,2.15030468,500,500,ok_event_tree,event_tree,1075.15,976.938613,98.211387,0,0,98.211387,0,98.211387,0,0,0,0,0,98.211387,0.908653316,0.0913466837,0,0,0.0913466837,1.02925554,1.03060579,0.000207184519
467,2.17520403,500,500,ok_event_tree,event_tree,1087.6,1020.69429,66.9057104,0,0,66.9057104,0,66.9057104,0,0,0,0,0,66.9057104,0.938483164,0.0615168356,0,0,0.0615168356,1.07072176,1.07278379,0.000214878034
468,2.20039171,500,500,ok_event_tree,event_tree,1100.195,1004.49446,95.7005396,0,0,95.7005396,0,95.7005396,0,0,0,0,0,95.7005396,0.91301493,0.0869850705,0,0,0.0869850705,1.01478439,1.01692271,0.00024031132
469,2.22587104,500,500,ok_event_tree,event_tree,1112.935,1016.73875,96.1962477,0,0,96.1962477,0,96.1962477,0,0,0,0,0,96.1962477,0.91356526,0.0864347403,0,0,0.0864347403,1.09099142,1.09204163,0.000223632478
470,2.25164542,500,500,ok_event_tree,event_tree,1125.825,1040.47566,85.3493441,0,0,85.3493441,0,85.3493441,0,0,0,0,0,85.3493441,0.924189511,0.0758104893,0,0,0.0758104893,1.1083515,1.1110213,0.00022887913
471,2.27771824,500,500,ok_event_tree,event_tree,1138.86,1087.25153,51.6084716,0,0,51.6084716,0,51.6084716,0,0,0,0,0,51.6084716,0.954684095,0.0453159051,0,0,0.0453159051,1.17839371,1.18042698,0.000210740436
472,2.30409298,500,500,ok_event_tree,event_tree,1152.045,1064.89054,87.1544631,0,0,87.1544631,0,87.1544631,0,0,0,0,0,87.1544631,0.924348039,0.0756519607,0,0,0.0756519607,1.19353906,1.1950954,0.000200450534
473,2.33077312,500,500,ok_event_tree,event_tree,1165.385,1092.37141,73.0135944,0,0,73.0135944,0,73.0135944,0,0,0,0,0,73.0135944,0.937348092,0.0626519085,0,0,0.0626519085,1.15929771,1.16109915,0.000261432197
474,2.3577622,500,500,ok_event_tree,event_tree,1178.88,1100.43246,78.4475399,0,0,78.4475399,0,78.4475399,0,0,0,0,0,78.4475399,0.933455873,0.0665441265,0,0,0.0665441265,1.0938066,1.09698053,0.000253819629
475,2.3850638,500,500,ok_event_tree,event_tree,1192.53,1077.73317,114.796833,0,0,114.796833,0,114.796833,0,0,0,0,0,114.796833,0.903736734,0.0962632661,0,0,0.0962632661,1.14832782,1.1510427,0.000231865146
476,2.41268153,500,500,ok_event_tree,event_tree,1206.34,1141.33587,65.0041265,0,0,65.0041265,0,65.0041265,0,0,0,0,0,65.0041265,0.946114589,0.0538854108,0,0,0.0538854108,1.21531429,1.21697364,0.000221154073
477,2.44061907,500,500,ok_event_tree,event_tree,1220.31,1100.73068,119.579324,0,0,119.579324,0,119.579324,0,0,0,0,0,119.579324,0.90200906,0.0979909396,0,0,0.0979909396,1.16201003,1.16344158,0.000199207797
478,2.4688801,500,500,ok_event_tree,event_tree,1234.44,1130.20492,104.235079,0,0,104.235079,0,104.235079,0,0,0,0,0,104.235079,0.915560838,0.0844391619,0,0,0.0844391619,1.20049397,1.20332623,0.000228764175
479,2.49746839,500,500,ok_event_tree,event_tree,1248.735,1142.23365,106.50135,0,0,106.50135,0,106.50135,0,0,0,0,0,106.50135,0.914712609,0.0852873911,0,0,0.0852873911,1.26685711,1.26930135,0.000252755054
480,2.52638771,500,500,ok_event_tree,event_tree,1263.195,1185.71528,77.4797239,0,0,77.4797239,0,77.4797239,0,0,0,0,0,77.4797239,0.938663687,0.061336313,0,0,0.061336313,1.32025494,1.32119433,0.00022117503
481,2.5556419,500,500,ok_event_tree,event_tree,1277.82,1180.43375,97.3862527,0,0,97.3862527,0,97.3862527,0,0,0,0,0,97.3862527,0.92378719,0.0762128098,0,0,0.0762128098,1.23589547,1.23723825,0.000222016991
482,2.58523484,500,500,ok_event_tree,event_tree,1292.615,1203.27923,89.3357663,0,0,89.3357663,0,89.3357663,0,0,0,0,0,89.3357663,0.930887568,0.069112432,0,0,0.069112432,1.30723977,1.30992586,0.000232943976
483,2.61517045,500,500,ok_event_tree,event_tree,1307.585,1226.71818,80.8668211,0,0,80.8668211,0,80.8668211,0,0,0,0,0,80.8668211,0.938155591,0.0618444086,0,0,0.0618444086,1.31814093,1.3201916,0.000223848734
484,2.64545269,500,500,ok_event_tree,event_tree,1322.725,1237.66211,85.0628928,0,0,85.0628928,0,85.0628928,0,0,0,0,0,85.0628928,0.935691173,0.0643088267,0,0,0.0643088267,1.32929099,1.33034682,0.000243021446
485,2.67608559,500,500,ok_event_tree,event_tree,1338.045,1237.91017,100.134826,0,0,100.134826,0,100.134826,0,0,0,0,0,100.134826,0.925163335,0.0748366655,0,0,0.0748366655,1.30657584,1.30929105,0.000258337755
486,2.7070732,500,500,ok_event_tree,event_tree,1353.535,1284.90817,68.6268254,0,0,68.6268254,0,68.6268254,0,0,0,0,0,68.6268254,0.949298078,0.0507019216,0,0,0.0507019216,1.41380579,1.41820353,0.00027519706
487,2.73841963,500,500,ok_event_tree,event_tree,1369.21,1275.68452,93.5254759,0,0,93.5254759,0,93.5254759,0,0,0,0,0,93.5254759,0.931693841,0.068306159,0,0,0.068306159,1.39870221,1.40121679,0.000307767537
488,2.77012904,500,500,ok_event_tree,event_tree,1385.065,1294.52056,90.5444383,0,0,90.5444383,0,90.5444383,0,0,0,0,0,90.5444383,0.934628022,0.0653719777,0,0,0.0653719777,1.38409951,1.38736463,0.000228892794
489,2.80220562,500,500,ok_event_tree,event_tree,1401.105,1307.22009,93.8849096,0,0,93.8849096,0,93.8849096,0,0,0,0,0,93.8849096,0.932992239,0.0670077615,0,0,0.0670077615,1.42752539,1.42902933,0.000233706114
490,2.83465363,500,500,ok_event_tree,event_tree,1417.325,1328.32638,88.9986249,0,0,88.9986249,0,88.9986249,0,0,0,0,0,88.9986249,0.937206622,0.0627933783,0,0,0.0627933783,1.50344063,1.50595754,0.000247612175
491,2.86747738,500,500,ok_event_tree,event_tree,1433.74,1339.1549,94.5850964,0,0,94.5850964,0,94.5850964,0,0,0,0,0,94.5850964,0.934029115,0.0659708848,0,0,0.0659708848,1.46127092,1.46352341,0.000266019047
492,2.9006812,500,500,ok_event_tree,event_tree,1450.34,1368.84509,81.4949128,0,0,81.4949128,0,81.4949128,0,0,0,0,0,81.4949128,0.943809787,0.0561902125,0,0,0.0561902125,1.50611768,1.5083683,0.000252287711
493,2.9342695,500,500,ok_event_tree,event_tree,1467.135,1373.90865,93.2263487,0,0,93.2263487,0,93.2263487,0,0,0,0,0,93.2263487,0.936456871,0.0635431291,0,0,0.0635431291,1.52262132,1.52540431,0.000230410537
494,2.96824674,500,500,ok_event_tree,event_tree,1484.125,1408.1295,75.9955003,0,0,75.9955003,0,75.9955003,0,0,0,0,0,75.9955003,0.948794407,0.0512055927,0,0,0.0512055927,1.50274037,1.50679181,0.000291903221
495,3.00261742,500,500,ok_event_tree,event_tree,1501.31,1411.79663,89.5133745,0,0,89.5133745,0,89.5133745,0,0,0,0,0,89.5133745,0.940376488,0.0596235118,0,0,0.0596235118,1.60220248,1.60429621,0.000272791167
496,3.03738609,500,500,ok_event_tree,event_tree,1518.695,1400.59655,118.098447,0,0,118.098447,0,118.098447,0,0,0,0,0,118.098447,0.92223689,0.0777631105,0,0,0.0777631105,1.49118975,1.49303692,0.000243718832
497,3.07255737,500,500,ok_event_tree,event_tree,1536.28,1447.795,88.4849973,0,0,88.4849973,0,88.4849973,0,0,0,0,0,88.4849973,0.942403079,0.0575969206,0,0,0.0575969206,1.64700964,1.64863637,0.000259956421
498,3.1081359,500,500,ok_event_tree,event_tree,1554.07,1448.20012,105.869876,0,0,105.869876,0,105.869876,0,0,0,0,0,105.869876,0.931875735,0.0681242649,0,0,0.0681242649,1.59966203,1.60310157,0.000282409762
499,3.14412642,500,500,ok_event_tree,event_tree,1572.065,1500.33262,71.7323757,0,0,71.7323757,0,71.7323757,0,0,0,0,0,71.7323757,0.954370604,0.0456293956,0,0,0.0456293956,1.63754378,1.64127373,0.000300802817
500,3.18053369,500,500,ok_event_tree,event_tree,1590.265,1478.12794,112.137063,0,0,112.137063,0,112.137063,0,0,0,0,0,112.137063,0.929485298,0.0705147023,0,0,0.0705147023,1.60350085,1.6058086,0.000235236963
501,3.21736253,500,500,ok_event_tree,event_tree,1608.68,1523.14063,85.5393705,0,0,85.5393705,0,85.5393705,0,0,0,0,0,85.5393705,0.94682636,0.0531736395,0,0,0.0531736395,1.66501615,1.66958297,0.000274619631
502,3.25461783,500,500,ok_event_tree,event_tree,1627.31,1529.2122,98.0978012,0,0,98.0978012,0,98.0978012,0,0,0,0,0,98.0978012,0.939717816,0.0602821842,0,0,0.0602821842,1.77529634,1.77692961,0.000259694507
503,3.29230453,500,500,ok_event_tree,event_tree,1646.15,1540.83157,105.318429,0,0,105.318429,0,105.318429,0,0,0,0,0,105.318429,0.936021366,0.0639786344,0,0,0.0639786344,1.77959891,1.78132082,0.000238549304
504,3.33042762,500,500,ok_event_tree,event_tree,1665.215,1550.03951,115.175491,0,0,115.175491,0,115.175491,0,0,0,0,0,115.175491,0.930834462,0.0691655379,0,0,0.0691655379,1.70162842,1.70613792,0.00028355347
505,3.36899216,500,500,ok_event_tree,event_tree,1684.495,1581.86519,102.629808,0,0,102.629808,0,102.629808,0,0,0,0,0,102.629808,0.939073843,0.0609261575,0,0,0.0609261575,1.8306216,1.83388049,0.000282083811
506,3.40800325,500,500,ok_event_tree,event_tree,1704,1617.61792,86.3820757,0,0,86.3820757,0,86.3820757,0,0,0,0,0,86.3820757,0.949306294,0.0506937064,0,0,0.0506937064,1.86419184,1.86717322,0.000255476614
507,3.44746607,500,500,ok_event_tree,event_tree,1723.735,1606.3151,117.419901,0,0,117.419901,0,117.419901,0,0,0,0,0,117.419901,0.931880538,0.068119462,0,0,0.068119462,1.82245724,1.82609413,0.00028839689
508,3.48738584,500,500,ok_event_tree,event_tree,1743.695,1632.71265,110.982351,0,0,110.982351,0,110.982351,0,0,0,0,0,110.982351,0.9363522,0.0636478004,0,0,0.0636478004,1.83820103,1.84142817,0.000271163448
509,3.52776787,500,500,ok_event_tree,event_tree,1763.885,1680.82355,83.0614533,0,0,83.0614533,0,83.0614533,0,0,0,0,0,83.0614533,0.952909938,0.0470900616,0,0,0.0470900616,1.86468631,1.86755496,0.000302357586
510,3.56861749,500,500,ok_event_tree,event_tree,1784.31,1661.68403,122.625975,0,0,122.625975,0,122.625975,0,0,0,0,0,122.625975,0.931275409,0.0687245908,0,0,0.0687245908,1.89250818,1.89630552,0.000291686235
511,3.60994014,500,500,ok_event_tree,event_tree,1804.97,1706.99815,97.9718487,0,0,97.9718487,0,97.9718487,0,0,0,0,0,97.9718487,0.945721065,0.0542789347,0,0,0.0542789347,1.8816372,1.88421937,0.000289649804
512,3.65174127,500,500,ok_event_tree,event_tree,1825.87,1733.06146,92.8085428,0,0,92.8085428,0,92.8085428,0,0,0,0,0,92.8085428,0.949170235,0.0508297649,0,0,0.0508297649,1.97434578,1.97916213,0.000278239615
513,3.69402644,500,500,ok_event_tree,event_tree,1847.015,1735.7658,111.249197,0,0,111.249197,0,111.249197,0,0,0,0,0,111.249197,0.939768114,0.0602318858,0,0,0.0602318858,2.07645145,2.07865096,0.000257029024
514,3.73680125,500,500,ok_event_tree,event_tree,1868.4,1757.28397,111.116026,0,0,111.116026,0,111.116026,0,0,0,0,0,111.116026,0.940528781,0.0594712193,0,0,0.0594712193,2.01541451,2.01753192,0.000250578055
515,3.78007137,500,500,ok_event_tree,event_tree,1890.035,1787.97666,102.058341,0,0,102.058341,0,102.058341,0,0,0,0,0,102.058341,0.946001878,0.0539981221,0,0,0.0539981221,2.06977958,2.07263815,0.000283133161
516,3.82384254,500,500,ok_event_tree,event_tree,1911.92,1772.77616,139.143835,0,0,139.143835,0,139.143835,0,0,0,0,0,139.143835,0.927222982,0.0727770175,0,0,0.0727770175,1.98924823,1.99355731,0.000275388157
517,3.86812055,500,500,ok_event_tree,event_tree,1934.06,1819.14238,114.917621,0,0,114.917621,0,114.917621,0,0,0,0,0,114.917621,0.940582184,0.0594178158,0,0,0.0594178158,2.05737738,2.0595372,0.000275247245
518,3.91291127,500,500,ok_event_tree,event_tree,1956.455,1865.06765,91.3873529,0,0,91.3873529,0,91.3873529,0,0,0,0,0,91.3873529,0.953289315,0.0467106848,0,0,0.0467106848,2.19440718,2.19736576,0.00029187916
519,3.95822065,500,500,ok_event_tree,event_tree,1979.11,1838.59644,140.513559,0,0,140.513559,0,140.513559,0,0,0,0,0,140.513559,0.929001643,0.0709983571,0,0,0.0709983571,2.01256259,2.01731422,0.000288268519
520,4.00405468,500,500,ok_event_tree,event_tree,2002.025,1859.31067,142.714327,0,0,142.714327,0,142.714327,0,0,0,0,0,142.714327,0.928715013,0.0712849875,0,0,0.0712849875,2.18346987,2.18623443,0.000289418664
521,4.05041945,500,500,ok_event_tree,event_tree,2025.21,1917.49422,107.715782,0,0,107.715782,0,107.715782,0,0,0,0,0,107.715782,0.946812537,0.0531874632,0,0,0.0531874632,2.13997503,2.14433574,0.000281967167
522,4.0973211,500,500,ok_event_tree,event_tree,2048.66,1949.76932,98.8906776,0,0,98.8906776,0,98.8906776,0,0,0,0,0,98.8906776,0.951729092,0.0482709076,0,0,0.0482709076,2.32842935,2.33296088,0.000282383921
523,4.14476584,500,500,ok_event_tree,event_tree,2072.385,1964.18644,108.198558,0,0,108.198558,0,108.198558,0,0,0,0,0,108.198558,0.94779032,0.05220968,0,0,0.05220968,2.2930685,2.29557739,0.000267971959
524,4.19275997,500,500,ok_event_tree,event_tree,2096.38,1995.72396,100.656039,0,0,100.656039,0,100.656039,0,0,0,0,0,100.656039,0.951985786,0.0480142143,0,0,0.0480142143,2.27064809,2.27592498,0.000304548601
525,4.24130984,500,500,ok_event_tree,event_tree,2120.655,2032.63982,88.0151847,0,0,88.0151847,0,88.0151847,0,0,0,0,0,88.0151847,0.958496227,0.0415037735,0,0,0.0415037735,2.36259928,2.36565886,0.000291330976
526,4.29042189,500,500,ok_event_tree,event_tree,2145.21,2046.38363,98.8263715,0,0,98.8263715,0,98.8263715,0,0,0,0,0,98.8263715,0.95393161,0.0460683903,0,0,0.0460683903,2.44506395,2.44715195,0.000275193974
527,4.34010264,500,500,ok_event_tree,event_tree,2170.05,2045.24295,124.807048,0,0,124.807048,0,124.807048,0,0,0,0,0,124.807048,0.942486557,0.0575134433,0,0,0.0575134433,2.39726242,2.40233764,0.000298631353
528,4.39035866,500,500,ok_event_tree,event_tree,2195.18,2080.20811,114.971885,0,0,114.971885,0,114.971885,0,0,0,0,0,114.971885,0.947625304,0.052374696,0,0,0.052374696,2.43856583,2.44154056,0.000299045161
529,4.44119661,500,500,ok_event_tree,event_tree,2220.6,2097.23446,123.365538,0,0,123.365538,0,123.365538,0,0,0,0,0,123.365538,0.944444953,0.0555550471,0,0,0.0555550471,2.44641916,2.44968348,0.000286069865
530,4.49262325,500,500,ok_event_tree,event_tree,2246.31,2140.30223,106.00777,0,0,106.00777,0,106.00777,0,0,0,0,0,106.00777,0.952808041,0.0471919594,0,0,0.0471919594,2.519825,2.52259917,0.000286154682
531,4.54464537,500,500,ok_event_tree,event_tree,2272.325,2140.12068,132.204318,0,0,132.204318,0,132.204318,0,0,0,0,0,132.204318,0.941819802,0.0581801976,0,0,0.0581801976,2.47064536,2.47392094,0.000302911445
532,4.59726989,500,500,ok_event_tree,event_tree,2298.635,2161.48886,137.146142,0,0,137.146142,0,137.146142,0,0,0,0,0,137.146142,0.940335833,0.0596641668,0,0,0.0596641668,2.45332772,2.45691521,0.000266707414
533,4.65050376,500,500,ok_event_tree,event_tree,2325.25,2232.3769,92.8730983,0,0,92.8730983,0,92.8730983,0,0,0,0,0,92.8730983,0.960058876,0.0399411239,0,0,0.0399411239,2.70975875,2.71277624,0.000289022324
534,4.70435406,500,500,ok_event_tree,event_tree,2352.175,2213.25565,138.919355,0,0,138.919355,0,138.919355,0,0,0,0,0,138.919355,0.940940043,0.0590599571,0,0,0.0590599571,2.57841,2.58154601,0.000275610741
535,4.75882791,500,500,ok_event_tree,event_tree,2379.415,2240.47919,138.935808,0,0,138.935808,0,138.935808,0,0,0,0,0,138.935808,0.941609258,0.0583907425,0,0,0.0583907425,2.6175331,2.61948251,0.00029713668
536,4.81393254,500,500,ok_event_tree,event_tree,2406.965,2297.94831,109.016689,0,0,109.016689,0,109.016689,0,0,0,0,0,109.016689,0.954707821,0.0452921785,0,0,0.0452921785,2.79482766,2.79770409,0.000279704831
537,4.86967525,500,500,ok_event_tree,event_tree,2434.84,2316.3557,118.484302,0,0,118.484302,0,118.484302,0,0,0,0,0,118.484302,0.951337952,0.0486620484,0,0,0.0486620484,2.75450117,2.75736668,0.000281323757
538,4.92606343,500,500,ok_event_tree,event_tree,2463.03,2350.34658,112.683424,0,0,112.683424,0,112.683424,0,0,0,0,0,112.683424,0.954250081,0.0457499195,0,0,0.0457499195,2.84344315,2.84564186,0.0002994471
539,4.98310456,500,500,ok_event_tree,event_tree,2491.55,2349.06769,142.482305,0,0,142.482305,0,142.482305,0,0,0,0,0,142.482305,0.942813789,0.0571862115,0,0,0.0571862115,2.64785372,2.65079446,0.000305382078
540,5.04080619,500,500,ok_event_tree,event_tree,2520.405,2377.48208,142.922925,0,0,142.922925,0,142.922925,0,0,0,0,0,142.922925,0.943293667,0.0567063327,0,0,0.0567063327,2.89788807,2.90128197,0.000302994705
541,5.09917598,500,500,ok_event_tree,event_tree,2549.59,2430.32837,119.261625,0,0,119.261625,0,119.261625,0,0,0,0,0,119.261625,0.953223214,0.0467767858,0,0,0.0467767858,2.94037648,2.94391795,0.000283394891
542,5.15822165,500,500,ok_event_tree,event_tree,2579.11,2467.89577,111.214227,0,0,111.214227,0,111.214227,0,0,0,0,0,111.214227,0.956878835,0.0431211646,0,0,0.0431211646,2.95387766,2.95682195,0.000304465467
543,5.21795104,500,500,ok_event_tree,event_tree,2608.975,2471.99872,136.976276,0,0,136.976276,0,136.976276,0,0,0,0,0,136.976276,0.94749805,0.0525019504,0,0,0.0525019504,3.00190742,3.00483766,0.000308702517
544,5.27837207,500,500,ok_event_tree,event_tree,2639.185,2455.96699,183.218008,0,0,183.218008,0,183.218008,0,0,0,0,0,183.218008,0.930577808,0.0694221921,0,0,0.0694221921,2.97397347,2.97786264,0.000290041798
545,5.33949274,500,500,ok_event_tree,event_tree,2669.745,2524.55588,145.189125,0,0,145.189125,0,145.189125,0,0,0,0,0,145.189125,0.945616857,0.0543831433,0,0,0.0543831433,2.982051,2.98619884,0.000301863992
546,5.40132115,500,500,ok_event_tree,event_tree,2700.66,2570.77678,129.883219,0,0,129.883219,0,129.883219,0,0,0,0,0,129.883219,0.95190686,0.0480931397,0,0,0.0480931397,3.05980505,3.06264024,0.000294556008
547,5.4638655,500,500,ok_event_tree,event_tree,2731.935,2622.66529,109.269708,0,0,109.269708,0,109.269708,0,0,0,0,0,109.269708,0.960002816,0.0399971843,0,0,0.0399971843,3.08409044,3.08716259,0.000284876041
548,5.52713408,500,500,ok_event_tree,event_tree,2763.565,2658.11971,105.445286,0,0,105.445286,0,105.445286,0,0,0,0,0,105.445286,0.96184447,0.0381555296,0,0,0.0381555296,3.17079283,3.175716,0.000291620035
549,5.59113528,500,500,ok_event_tree,event_tree,2795.57,2642.91693,152.653066,0,0,152.653066,0,152.653066,0,0,0,0,0,152.653066,0.945394654,0.0546053456,0,0,0.0546053456,3.14371997,3.14874334,0.000287143228
550,5.65587757,500,500,ok_event_tree,event_tree,2827.94,2727.54799,100.392006,0,0,100.392006,0,100.392006,0,0,0,0,0,100.392006,0.964499952,0.0355000482,0,0,0.0355000482,3.35670178,3.36169772,0.000278317508
551,5.72136955,500,500,ok_event_tree,event_tree,2860.685,2727.3399,133.345103,0,0,133.345103,0,133.345103,0,0,0,0,0,133.345103,0.953387002,0.0466129977,0,0,0.0466129977,3.22677142,3.23089177,0.000292062448
552,5.78761988,500,500,ok_event_tree,event_tree,2893.81,2754.19793,139.612073,0,0,139.612073,0,139.612073,0,0,0,0,0,139.612073,0.951754927,0.0482450726,0,0,0.0482450726,3.34722183,3.35027034,0.000310617832
553,5.85463736,500,500,ok_event_tree,event_tree,2927.32,2813.51511,113.804895,0,0,113.804895,0,113.804895,0,0,0,0,0,113.804895,0.961123179,0.0388768208,0,0,0.0388768208,3.37495254,3.37938161,0.000316862132
554,5.92243087,500,500,ok_event_tree,event_tree,2961.215,2871.26758,89.9474164,0,0,89.9474164,0,89.9474164,0,0,0,0,0,89.9474164,0.969624827,0.0303751725,0,0,0.0303751725,3.55176406,3.55636622,0.000301440661
555,5.99100939,500,500,ok_event_tree,event_tree,2995.505,2835.42063,160.084369,0,0,160.084369,0,160.084369,0,0,0,0,0,160.084369,0.94655847,0.0534415296,0,0,0.0534415296,3.48014319,3.48349023,0.000307525245
556,6.06038201,500,500,ok_event_tree,event_tree,3030.19,2902.38453,127.80547,0,0,127.80547,0,127.80547,0,0,0,0,0,127.80547,0.957822622,0.0421773782,0,0,0.0421773782,3.56313795,3.56700451,0.000302186355
557,6.13055792,500,500,ok_event_tree,event_tree,3065.28,2908.05012,157.229884,0,0,157.229884,0,157.229884,0,0,0,0,0,157.229884,0.948706192,0.0512938081,0,0,0.0512938081,3.43307051,3.43633526,0.00029218894
558,6.20154644,500,500,ok_event_tree,event_tree,3100.775,2959.16989,141.605111,0,0,141.605111,0,141.605111,0,0,0,0,0,141.605111,0.954332349,0.0456676512,0,0,0.0456676512,3.58285052,3.58662634,0.000304550804
559,6.27335696,500,500,ok_event_tree,event_tree,3136.68,2966.57235,170.107646,0,0,170.107646,0,170.107646,0,0,0,0,0,170.107646,0.94576825,0.0542317502,0,0,0.0542317502,3.60765754,3.61325879,0.000280786991
560,6.34599901,500,500,ok_event_tree,event_tree,3173,3062.08627,110.913726,0,0,110.913726,0,110.913726,0,0,0,0,0,110.913726,0.965044524,0.0349554764,0,0,0.0349554764,3.79654196,3.80105621,0.000301008137
561,6.41948222,500,500,ok_event_tree,event_tree,3209.74,3094.93836,114.801642,0,0,114.801642,0,114.801642,0,0,0,0,0,114.801642,0.964233352,0.0357666484,0,0,0.0357666484,3.78660216,3.79138222,0.0003143935
562,6.49381632,500,500,ok_event_tree,event_tree,3246.91,3130.2461,116.663898,0,0,116.663898,0,116.663898,0,0,0,0,0,116.663898,0.964069254,0.0359307459,0,0,0.0359307459,3.77823532,3.78074673,0.000307813247
563,6.56901116,500,500,ok_event_tree,event_tree,3284.505,3147.34841,137.156592,0,0,137.156592,0,137.156592,0,0,0,0,0,137.156592,0.958241321,0.0417586795,0,0,0.0417586795,3.94498769,3.94908447,0.000305677763
564,6.64507673,500,500,ok_event_tree,event_tree,3322.54,3174.21663,148.323367,0,0,148.323367,0,148.323367,0,0,0,0,0,148.323367,0.95535844,0.0446415596,0,0,0.0446415596,3.91170277,3.91702488,0.000311793142
565,6.72202309,500,500,ok_event_tree,event_tree,3361.01,3221.88918,139.120824,0,0,139.120824,0,139.120824,0,0,0,0,0,139.120824,0.958607435,0.0413925647,0,0,0.0413925647,3.85178086,3.85505189,0.000345990703
566,6.79986045,500,500,ok_event_tree,event_tree,3399.93,3290.74347,109.186532,0,0,109.186532,0,109.186532,0,0,0,0,0,109.186532,0.967885653,0.0321143471,0,0,0.0321143471,3.97396309,3.97694657,0.000304737066
567,6.87859912,500,500,ok_event_tree,event_tree,3439.3,3259.10798,180.19202,0,0,180.19202,0,180.19202,0,0,0,0,0,180.19202,0.947607938,0.0523920623,0,0,0.0523920623,3.90979238,3.916735,0.000299700277
568,6.95824955,500,500,ok_event_tree,event_tree,3479.125,3366.2194,112.905605,0,0,112.905605,0,112.905605,0,0,0,0,0,112.905605,0.967547701,0.032452299,0,0,0.032452299,3.97839096,3.98219135,0.00031773108
569,7.03882228,500,500,ok_event_tree,event_tree,3519.41,3393.40708,126.002916,0,0,126.002916,0,126.002916,0,0,0,0,0,126.002916,0.964197716,0.0358022838,0,0,0.0358022838,4.25371891,4.25911302,0.000310659638
570,7.120328,500,500,ok_event_tree,event_tree,3560.165,3373.92951,186.235486,0,0,186.235486,0,186.235486,0,0,0,0,0,186.235486,0.947689086,0.0523109142,0,0,0.0523109142,4.10369349,4.10850226,0.000320450722
571,7.20277751,500,500,ok_event_tree,event_tree,3601.39,3461.15073,140.239274,0,0,140.239274,0,140.239274,0,0,0,0,0,140.239274,0.961059681,0.0389403186,0,0,0.0389403186,4.1625063,4.1672546,0.000321041562
572,7.28618175,500,500,ok_event_tree,event_tree,3643.09,3521.5408,121.549203,0,0,121.549203,0,121.549203,0,0,0,0,0,121.549203,0.966635685,0.0333643152,0,0,0.0333643152,4.53267394,4.53844365,0.000324760851
573,7.37055175,500,500,ok_event_tree,event_tree,3685.275,3515.13302,170.141978,0,0,170.141978,0,170.141978,0,0,0,0,0,170.141978,0.953831945,0.0461680548,0,0,0.0461680548,4.35730878,4.36527558,0.000319083486
574,7.45589872,500,500,ok_event_tree,event_tree,3727.95,3575.60213,152.34787,0,0,152.34787,0,152.34787,0,0,0,0,0,152.34787,0.959133607,0.0408663931,0,0,0.0408663931,4.37986383,4.38501448,0.000300179451
575,7.54223396,500,500,ok_event_tree,event_tree,3771.115,3613.52274,157.592262,0,0,157.592262,0,157.592262,0,0,0,0,0,157.592262,0.958210698,0.0417893015,0,0,0.0417893015,4.44338428,4.44874182,0.000307672294
576,7.62956891,500,500,ok_event_tree,event_tree,3814.785,3669.46845,145.316552,0,0,145.316552,0,145.316552,0,0,0,0,0,145.316552,0.961907014,0.0380929861,0,0,0.0380929861,4.58432102,4.59028699,0.000311549081
577,7.71791516,500,500,ok_event_tree,event_tree,3858.96,3707.90226,151.05774,0,0,151.05774,0,151.05774,0,0,0,0,0,151.05774,0.960855324,0.0391446762,0,0,0.0391446762,4.67408434,4.67750173,0.000314276212
578,7.8072844,500,500,ok_event_tree,event_tree,3903.64,3728.11602,175.523979,0,0,175.523979,0,175.523979,0,0,0,0,0,175.523979,0.955035818,0.044964182,0,0,0.044964182,4.51162864,4.51660864,0.000308443008
579,7.89768849,500,500,ok_event_tree,event_tree,3948.845,3760.33873,188.50627,0,0,188.50627,0,188.50627,0,0,0,0,0,188.50627,0.952262935,0.0477370648,0,0,0.0477370648,4.44768786,4.45128364,0.000344738246
580,7.98913942,500,500,ok_event_tree,event_tree,3994.57,3905.46657,89.103427,0,0,89.103427,0,89.103427,0,0,0,0,0,89.103427,0.977693863,0.0223061373,0,0,0.0223061373,4.83536872,4.84143747,0.000316689629
581,8.08164929,500,500,ok_event_tree,event_tree,4040.825,3891.87136,148.953642,0,0,148.953642,0,148.953642,0,0,0,0,0,148.953642,0.963137814,0.0368621859,0,0,0.0368621859,4.87771026,4.88408515,0.000319931786
582,8.17523038,500,500,ok_event_tree,event_tree,4087.615,3968.90546,118.709538,0,0,118.709538,0,118.709538,0,0,0,0,0,118.709538,0.970958728,0.0290412718,0,0,0.0290412718,4.99461431,4.99956467,0.000303327141
583,8.26989509,500,500,ok_event_tree,event_tree,4134.95,3962.08891,172.861093,0,0,172.861093,0,172.861093,0,0,0,0,0,172.861093,0.958195119,0.0418048812,0,0,0.0418048812,4.8854552,4.88794083,0.000296827677
584,8.36565596,500,500,ok_event_tree,event_tree,4182.83,4006.81229,176.017705,0,0,176.017705,0,176.017705,0,0,0,0,0,176.017705,0.957918991,0.0420810086,0,0,0.0420810086,4.98352718,4.98701367,0.000327713278
585,8.46252569,500,500,ok_event_tree,event_tree,4231.265,4138.30183,92.9631717,0,0,92.9631717,0,92.9631717,0,0,0,0,0,92.9631717,0.978029461,0.0219705388,0,0,0.0219705388,5.30635566,5.31181861,0.00033188891
586,8.56051712,500,500,ok_event_tree,event_tree,4280.26,4172.58789,107.672113,0,0,107.672113,0,107.672113,0,0,0,0,0,107.672113,0.974844492,0.0251555077,0,0,0.0251555077,5.31319374,5.31787326,0.000314004592
587,8.65964323,500,500,ok_event_tree,event_tree,4329.82,4199.92219,129.897815,0,0,129.897815,0,129.897815,0,0,0,0,0,129.897815,0.969999257,0.0300007425,0,0,0.0300007425,5.16464798,5.16961691,0.000323192393
588,8.75991718,500,500,ok_event_tree,event_tree,4379.96,4144.88698,235.073015,0,0,235.073015,0,235.073015,0,0,0,0,0,235.073015,0.946329872,0.0536701283,0,0,0.0536701283,5.12144527,5.12376002,0.000327206238
589,8.86135224,500,500,ok_event_tree,event_tree,4430.675,4225.60047,205.074526,0,0,205.074526,0,205.074526,0,0,0,0,0,205.074526,0.953714834,0.0462851656,0,0,0.0462851656,5.08696682,5.0904959,0.000324164248
590,8.96396186,500,500,ok_event_tree,event_tree,4481.98,4317.4008,164.579195,0,0,164.579195,0,164.579195,0,0,0,0,0,164.579195,0.963279802,0.0367201985,0,0,0.0367201985,5.27755292,5.28147599,0.000309421244
591,9.06775965,500,500,ok_event_tree,event_tree,4533.88,4344.78477,189.095231,0,0,189.095231,0,189.095231,0,0,0,0,0,189.095231,0.958292846,0.041707154,0,0,0.041707154,5.52064482,5.52525029,0.000310449594
592,9.17275935,500,500,ok_event_tree,event_tree,4586.38,4441.1971,145.182903,0,0,145.182903,0,145.182903,0,0,0,0,0,145.182903,0.968344772,0.0316552278,0,0,0.0316552278,5.5195459,5.52384812,0.000340304234
593,9.2789749,500,500,ok_event_tree,event_tree,4639.485,4515.47755,124.007455,0,0,124.007455,0,124.007455,0,0,0,0,0,124.007455,0.973271289,0.0267287112,0,0,0.0267287112,5.71601369,5.71941676,0.000330449154
594,9.38642037,500,500,ok_event_tree,event_tree,4693.21,4481.38187,211.828131,0,0,211.828131,0,211.828131,0,0,0,0,0,211.828131,0.954864979,0.0451350208,0,0,0.0451350208,5.63459278,5.63967597,0.000312874425
595,9.49510999,500,500,ok_event_tree,event_tree,4747.555,4530.47266,217.082337,0,0,217.082337,0,217.082337,0,0,0,0,0,217.082337,0.954274919,0.045725081,0,0,0.045725081,5.87104074,5.87469333,0.000308321512
596,9.60505818,500,500,ok_event_tree,event_tree,4802.53,4693.90529,108.624707,0,0,108.624707,0,108.624707,0,0,0,0,0,108.624707,0.977381774,0.0226182257,0,0,0.0226182257,5.92252663,5.92670877,0.000324346968
597,9.71627952,500,500,ok_event_tree,event_tree,4858.14,4668.69124,189.44876,0,0,189.44876,0,189.44876,0,0,0,0,0,189.44876,0.961003849,0.0389961507,0,0,0.0389961507,5.87554041,5.88011449,0.000327105754
598,9.82878873,500,500,ok_event_tree,event_tree,4914.395,4760.10517,154.289827,0,0,154.289827,0,154.289827,0,0,0,0,0,154.289827,0.968604512,0.0313954876,0,0,0.0313954876,6.14588905,6.14943676,0.000336446333
599,9.94260074,500,500,ok_event_tree,event_tree,4971.3,4797.20232,174.097676,0,0,174.097676,0,174.097676,0,0,0,0,0,174.097676,0.964979447,0.0350205531,0,0,0.0350205531,6.01493777,6.01904341,0.000319703647
600,10.0577306,500,500,ok_event_tree,event_tree,5028.85,4875.86128,150.431544,0,2.55718001,150.431544,2.55718001,150.431544,0,0,0,0,2.55718001,150.431544,0.969577791,0.0299137068,0,0.000508501946,0.0299137068,6.13001208,6.1304889,0.000360750636
601,10.1741937,500,500,ok_event_tree,event_tree,5087.1,4904.75707,178.038751,0,3.44451394,178.038751,3.44451394,178.038751,0,0,0,0,3.44451394,178.038751,0.96415582,0.0349980837,0,0.000677107573,0.0349980837,6.10118517,6.10054236,0.000371843472
602,10.2920053,500,500,ok_event_tree,event_tree,5146,4930.37665,197.783698,0,14.011383,197.783698,14.011383,197.783698,0,0,0,0,14.011383,197.783698,0.958098843,0.0384344536,0,0.00272277166,0.0384344536,6.28795804,6.2912074,0.000411061602
603,10.4111811,500,500,ok_event_tree,event_tree,5205.6,5038.41698,149.143735,0,16.790155,149.143735,16.790155,149.143735,0,0,0,0,16.790155,149.143735,0.967884005,0.0286506329,0,0.00322540244,0.0286506329,6.32952147,6.32950759,0.000395330208
604,10.5317369,500,500,ok_event_tree,event_tree,5265.85,4970.31129,249.127066,0,39.3820954,248.907832,39.6013296,248.907832,0.219234234,0,0,0,39.3820954,249.127066,0.943876352,0.0473099435,0,0.00747877273,0.0473099435,6.47387669,6.47429743,0.000326412565
605,10.6536886,500,500,ok_event_tree,event_tree,5326.85,5191.32758,85.4393297,0,28.609896,85.4393297,28.609896,85.4393297,0,0,0,0,28.609896,85.4393297,0.974558619,0.0160393722,0,0.00537088449,0.0160393722,6.73712612,6.73660282,0.000411467152
606,10.7770525,500,500,ok_event_tree,event_tree,5388.55,5213.99729,138.162725,0,32.4415448,138.052903,32.5513669,138.052903,0.109822075,0,0,0,32.4415448,138.162725,0.967606739,0.0256400562,0,0.00602045908,0.0256400562,6.91988464,6.91980853,0.00044263514
607,10.9018449,500,500,ok_event_tree,event_tree,5450.9,5217.82347,169.226644,0,42.9002071,169.157901,42.9689502,169.157901,0.0687430965,0,0,0,42.9002071,169.226644,0.957240726,0.0310456335,0,0.00787029796,0.0310456335,6.82551646,6.82850965,0.000471400573
608,11.0280823,500,500,ok_event_tree,event_tree,5514.05,5336.8256,104.439969,0,51.1730874,104.439969,51.1730874,104.439969,0,0,0,0,51.1730874,104.439969,0.967859486,0.0189407004,0,0.00928049027,0.0189407004,6.92777168,6.92865813,0.000471087965
609,11.1557815,500,500,ok_event_tree,event_tree,5577.9,5351.73015,147.019995,0,64.3846557,147.019995,64.3846557,147.019995,0,0,0,0,64.3846557,147.019995,0.959452508,0.0263575889,0,0.0115428128,0.0263575889,6.98307384,6.98383741,0.000451350221
610,11.2849594,500,500,ok_event_tree,event_tree,5642.5,5386.01409,171.609921,0,58.4108154,171.609921,58.4108154,171.609921,0,0,0,0,58.4108154,171.609921,0.954543925,0.0304138096,0,0.0103519389,0.0304138096,6.87002962,6.87140757,0.000382877038
611,11.415633,500,500,ok_event_tree,event_tree,5707.8,5494.36096,106.461022,0,88.5621803,106.193046,88.830156,106.193046,0.267975732,0,0,0,88.5621803,106.461022,0.962605726,0.0186518486,0,0.0155159922,0.0186518486,7.25446236,7.25433477,0.000543175336
612,11.5478198,500,500,ok_event_tree,event_tree,5773.9,5550.68556,145.723913,0,64.5651512,145.098191,65.1908734,145.098191,0.625722224,0,0,0,64.5651512,145.723913,0.961340785,0.0252383853,0,0.0111822427,0.0252383853,7.20932196,7.21338715,0.000639291864
613,11.6815373,500,500,ok_event_tree,event_tree,5840.75,5542.87107,167.970484,0,105.038545,166.596109,106.412921,166.596109,1.37437513,0,0,0,105.038545,167.970484,0.948999883,0.0287583759,0,0.0179837428,0.0287583759,7.34586122,7.34981899,0.000613808447
614,11.8168031,500,500,ok_event_tree,event_tree,5908.4,5564.76904,226.975221,0,84.0240575,226.964256,84.0350218,226.964256,0.0109643807,0,0,0,84.0240575,226.975221,0.941840268,0.0384156828,0,0.0142211187,0.0384156828,7.30983646,7.31919658,0.000695482218
615,11.9536353,500,500,ok_event_tree,event_tree,5976.8,5711.95791,145.865034,0,91.0030872,143.381627,93.4864941,143.381627,2.48340692,0,0,0,91.0030872,145.865034,0.955688314,0.0244052058,0,0.0152260553,0.0244052058,7.46935678,7.47053865,0.000634938336
616,12.0920518,500,500,ok_event_tree,event_tree,6046.05,5650.04409,243.267156,0,120.280509,243.237434,120.310231,243.237434,0.0297222911,0,0,0,120.280509,243.267156,0.934501714,0.0402357169,0,0.0198940646,0.0402357169,7.71742759,7.71648577,0.000538055621
617,12.2320712,500,500,ok_event_tree,event_tree,6116.05,5798.04269,153.782129,0,120.765389,153.615965,120.931553,153.615965,0.166164145,0,0,0,120.765389,153.782129,0.948004462,0.0251440275,0,0.019745651,0.0251440275,7.62241981,7.6268932,0.000570195515
618,12.3737119,500,500,ok_event_tree,event_tree,6186.85,5815.03904,205.641128,0,111.490102,201.190875,115.940354,201.190875,4.45025241,0,0,0,111.490102,205.641128,0.939903027,0.0332384214,0,0.0180204954,0.0332384214,7.92634434,7.93050421,0.000571370005
619,12.5169927,500,500,ok_event_tree,event_tree,6258.5,6004.96226,103.420842,0,109.531427,100.788278,112.163991,100.788278,2.63256365,0,0,0,109.531427,103.420842,0.959489057,0.0165248609,0,0.0175012267,0.0165248609,8.34987542,8.35046644,0.000619030528
620,12.6619327,500,500,ok_event_tree,event_tree,6330.95,6031.56977,138.735454,0,139.461137,138.515866,139.680725,138.515866,0.219588044,0,0,0,139.461137,138.735454,0.952711642,0.0219138445,0,0.0220284692,0.0219138445,8.07475322,8.07794491,0.000806200841
621,12.8085509,500,500,ok_event_tree,event_tree,6404.3,5995.83741,179.651728,0,154.52153,178.293682,155.879576,178.293682,1.358046,0,0,0,154.52153,179.651728,0.936220572,0.0280517353,0,0.0241277782,0.0280517353,8.23028419,8.23780438,0.000650736459
622,12.956867,500,500,ok_event_tree,event_tree,6478.45,6027.67674,185.478126,0,191.866095,179.337724,198.006497,179.337724,6.14040226,0,0,0,191.866095,185.478126,0.930419582,0.0286300159,0,0.0296160493,0.0286300159,8.17198479,8.17691311,0.000695756994
623,13.1069004,500,500,ok_event_tree,event_tree,6553.45,6156.82672,189.970148,0,140.276968,189.926656,140.32046,189.926656,0.0434920271,0,0,0,140.276968,189.970148,0.939478705,0.0289878076,0,0.0214050566,0.0289878076,8.19346721,8.19597437,0.000731492891
624,13.2586712,500,500,ok_event_tree,event_tree,6629.35,6087.813,305.917023,0,189.054902,295.237767,199.734159,295.237767,10.6792565,0,0,0,189.054902,305.917023,0.918312203,0.0461458549,0,0.0285178641,0.0461458549,8.74562096,8.74537977,0.000658952192
625,13.4121994,500,500,ok_event_tree,event_tree,6706.1,6162.67409,235.499295,0,263.305162,226.272053,272.532405,226.272053,9.22724258,0,0,0,263.305162,235.499295,0.918965432,0.0351171762,0,0.0392635306,0.0351171762,8.6760394,8.67667403,0.000739801037
626,13.5675053,500,500,ok_event_tree,event_tree,6783.75,6431.80558,131.27757,0,149.587656,128.901513,151.963713,128.901513,2.37605667,0,0,0,149.587656,131.27757,0.948119489,0.01935177,0,0.0220508799,0.01935177,8.96256426,8.96273248,0.000639668418
627,13.7246096,500,500,ok_event_tree,event_tree,6862.3,6449.0968,157.727207,0,180.319778,154.190667,183.856318,154.190667,3.53653988,0,0,0,180.319778,157.727207,0.939786486,0.022984598,0,0.026276872,0.022984598,8.92647664,8.92815345,0.000628200344
628,13.8835331,500,500,ok_event_tree,event_tree,6941.75,6552.96408,129.993684,0,166.835173,129.700551,167.128307,129.700551,0.29313345,0,0,0,166.835173,129.993684,0.943993097,0.0187263563,0,0.02403359,0.0187263563,9.098194,9.10450132,0.000765092691
629,14.0442968,500,500,ok_event_tree,event_tree,7022.15,6508.60877,224.346541,0,242.695921,218.251778,248.790685,218.251778,6.09476353,0,0,0,242.695921,224.346541,0.926868376,0.031948412,0,0.0345614835,0.031948412,8.77742476,8.78845405,0.000806926591
630,14.2069221,500,500,ok_event_tree,event_tree,7103.45,6705.21978,158.343659,0,195.171583,157.217681,196.297562,157.217681,1.12597842,0,0,0,195.171583,158.343659,0.943938477,0.0222910922,0,0.0274756045,0.0222910922,9.59903796,9.60775557,0.000843490482
631,14.3714305,500,500,ok_event_tree,event_tree,7185.7,6725.06857,166.609894,0,237.530864,162.25208,241.888678,162.25208,4.35781385,0,0,0,237.530864,166.609894,0.935896094,0.0231863137,0,0.0330560508,0.0231863137,9.25318068,9.2638831,0.000753008258
632,14.5378439,500,500,ok_event_tree,event_tree,7268.9,6769.48454,238.201733,0,226.159,231.827586,232.533147,231.827586,6.37414716,0,0,0,226.159,238.201733,0.931294218,0.0327699835,0,0.0311132359,0.0327699835,9.20080931,9.21017874,0.000840564992
633,14.7061842,500,500,ok_event_tree,event_tree,7353.1,6890.57208,112.882349,0,220.126755,111.76443,221.244674,111.76443,1.11791952,0,0,0,220.126755,112.882349,0.937097562,0.0153516679,0,0.029936592,0.0153516679,9.68049701,9.68741262,0.000995943582
634,14.8764737,500,500,ok_event_tree,event_tree,7438.25,6906.73145,172.63448,0,276.701141,170.620107,278.715515,170.620107,2.01437364,0,0,0,276.701141,172.63448,0.928542527,0.0232090183,0,0.0371997636,0.0232090183,10.1003904,10.1108928,0.000784877098
635,15.0487352,500,500,ok_event_tree,event_tree,7524.35,6865.8371,179.047685,0,381.253576,178.836669,381.464592,178.836669,0.21101604,0,0,0,381.253576,179.047685,0.91248242,0.0237957678,0,0.0506693038,0.0237957678,9.91631201,9.92723109,0.000823989087
636,15.2229913,500,500,ok_event_tree,event_tree,7611.5,6939.81546,222.38532,0,249.77269,222.139039,250.018971,222.139039,0.246280857,0,0,0,249.77269,222.38532,0.911753985,0.0292170163,0,0.0328151731,0.0292170163,10.8768975,10.8747404,0.000823512729
637,15.3992653,500,500,ok_event_tree,event_tree,7699.65,7040.64158,272.737118,0,214.772759,272.721358,214.788519,272.721358,0.0157597579,0,0,0,214.772759,272.737118,0.914410601,0.035422015,0,0.027893834,0.035422015,10.3764632,10.3794534,0.000875174155
638,15.5775803,500,500,ok_event_tree,event_tree,7788.8,7191.27358,84.8087348,0,381.081474,56.0883502,409.801859,56.0883502,28.7203846,0,0,0,381.081474,84.8087348,0.923283892,0.0108885496,0,0.0489268532,0.0108885496,10.8709139,10.8776938,0.00239403768
639,15.7579602,500,500,ok_event_tree,event_tree,7879,7156.24759,240.607965,0,409.747411,240.575748,409.779628,240.575748,0.0322171395,0,0,0,409.747411,240.607965,0.90826851,0.030537881,0,0.052005002,0.030537881,9.32131951,9.32319644,0.00157265717
640,15.9404288,500,500,ok_event_tree,event_tree,7970.2,7222.04343,68.5360915,0,451.251283,67.7899074,451.997467,67.7899074,0.746184098,0,0,0,451.251283,68.5360915,0.906130766,0.00859904288,0,0.0566173098,0.00859904288,10.7414341,10.7532852,0.000747510891
641,16.1250103,500,500,ok_event_tree,event_tree,8062.5,7489.95824,175.61263,0,277.005575,161.229383,291.388823,161.229383,14.3832479,0,0,0,277.005575,175.61263,0.928987068,0.0217814115,0,0.0343572806,0.0217814115,10.9382735,10.9386829,0.000788796827
642,16.3117291,500,500,ok_event_tree,event_tree,8155.85,7456.31782,179.962879,0,428.875265,174.174601,434.663543,174.174601,5.78827774,0,0,0,428.875265,179.962879,0.914229397,0.0220654964,0,0.0525849868,0.0220654964,10.3856044,10.3896671,0.00111222899
643,16.50061,500,500,ok_event_tree,event_tree,8250.3,7524.14234,146.086229,0,483.487352,145.971498,483.602084,145.971498,0.114731134,0,0,0,483.487352,146.086229,0.91198409,0.0177067779,0,0.0586023966,0.0177067779,10.3642836,10.3779537,0.00112638622
644,16.6916781,500,500,ok_event_tree,event_tree,8345.85,7616.50381,172.209715,0,473.282234,172.159089,473.332861,172.159089,0.0506264957,0,0,0,473.282234,172.209715,0.912609718,0.0206341733,0,0.0567086917,0.0206341733,10.0610315,10.0603088,0.000803209066
645,16.8849586,500,500,ok_event_tree,event_tree,8442.5,7559.82137,344.712779,0,419.463279,329.027346,435.148713,329.027346,15.6854335,0,0,0,419.463279,344.712779,0.895448193,0.040830652,0,0.0496847236,0.040830652,10.8019052,10.8037252,0.00167834599
646,17.0804772,500,500,ok_event_tree,event_tree,8540.25,7842.55245,206.9607,0,372.954388,205.913361,374.001727,205.913361,1.04733881,0,0,0,372.954388,206.9607,0.918304786,0.0242335646,0,0.0436701956,0.0242335646,11.2294642,11.2323727,0.00103574285
647,17.2782598,500,500,ok_event_tree,event_tree,8639.15,7945.15053,260.434639,0,310.111455,214.340833,356.205261,214.340833,46.093806,0,0,0,310.111455,260.434639,0.919668084,0.0301458638,0,0.0358960609,0.0301458638,11.2869659,11.3045389,0.00130673403
648,17.4783326,500,500,ok_event_tree,event_tree,8739.15,7857.4528,168.723356,0,595.376192,164.097965,600.001583,164.097965,4.62539085,0,0,0,595.376192,168.723356,0.899109501,0.0193066095,0,0.0681274714,0.0193066095,11.0825485,11.0838289,0.000868035603
649,17.6807222,500,500,ok_event_tree,event_tree,8840.35,8094.80776,169.057894,0,426.59349,157.244428,438.406956,157.244428,11.8134661,0,0,0,426.59349,169.057894,0.915665981,0.019123439,0,0.0482552715,0.019123439,11.2348232,11.2465607,0.00165503309
650,17.8854553,500,500,ok_event_tree,event_tree,8942.75,8220.08923,192.453746,0,393.663223,184.036455,402.080514,184.036455,8.41729107,0,0,0,393.663223,192.453746,0.91919032,0.0215206448,0,0.0440203766,0.0215206448,11.6695585,11.6698635,0.00140815377
651,18.0925591,500,500,ok_event_tree,event_tree,9046.3,8172.42852,325.423659,0,379.869037,317.625703,387.666994,317.625703,7.79795655,0,0,0,379.869037,325.423659,0.903400121,0.0359731227,0,0.0419916471,0.0359731227,12.4244995,12.4339841,0.00145046552
652,18.3020611,500,500,ok_event_tree,event_tree,9151.05,8272.314,199.564703,0,538.438093,195.900725,542.102072,195.900725,3.66397845,0,0,0,538.438093,199.564703,0.903974299,0.0218078475,0,0.0588389412,0.0218078475,11.8368304,11.8717322,0.00157029984
653,18.5139889,500,500,ok_event_tree,event_tree,9257,8330.88633,276.64388,0,478.482784,269.656729,485.469935,269.656729,6.98715059,0,0,0,478.482784,276.64388,0.899955312,0.0298848309,0,0.0516887528,0.0298848309,12.2406467,12.2484013,0.00126678135
654,18.7283708,500,500,ok_event_tree,event_tree,9364.2,8457.43359,315.786973,0,392.134564,302.721182,405.200355,302.721182,13.065791,0,0,0,392.134564,315.786973,0.903166697,0.0337227925,0,0.0418759279,0.0337227925,12.1624666,12.179094,0.00143064871
655,18.9452351,500,500,ok_event_tree,event_tree,9472.6,8380.27168,291.281119,0,639.210551,280.785416,649.706253,280.785416,10.4957025,0,0,0,639.210551,291.281119,0.88468548,0.0307498595,0,0.0674799475,0.0307498595,11.9172659,11.9327183,0.0014912937
656,19.1646106,500,500,ok_event_tree,event_tree,9582.3,8407.40015,367.670337,0,636.949526,357.145438,647.474425,357.145438,10.5248999,0,0,0,636.949526,367.670337,0.877388534,0.0383697377,0,0.0664714657,0.0383697377,12.5223869,12.5268707,0.00108475152
657,19.3865264,500,500,ok_event_tree,event_tree,9693.25,8562.65655,305.273627,0,654.899817,300.075132,660.098312,300.075132,5.19849498,0,0,0,654.899817,305.273627,0.88336281,0.0314934235,0,0.0675624601,0.0314934235,12.2943032,12.3115265,0.00113847999
658,19.6110118,500,500,ok_event_tree,event_tree,9805.5,8618.69484,253.195179,0,820.964826,225.157352,849.002653,225.157352,28.0378269,0,0,0,820.964826,253.195179,0.878965361,0.025821751,0,0.0837249325,0.025821751,12.8081524,12.8233098,0.0012748987
659,19.8380966,500,500,ok_event_tree,event_tree,9919.05,8860.20364,281.963023,0,554.313487,266.187684,570.088825,266.187684,15.7753384,0,0,0,554.313487,281.963023,0.893251233,0.0284264141,0,0.0558837275,0.0284264141,12.2756663,12.3026267,0.00161656935
660,20.0678109,500,500,ok_event_tree,event_tree,10033.9,8822.65967,258.640632,0,708.643158,250.733244,716.550546,250.733244,7.90738812,0,0,0,708.643158,258.640632,0.87928519,0.0257766803,0,0.0706248974,0.0257766803,13.1928113,13.1989298,0.00126639781
661,20.3001852,500,500,ok_event_tree,event_tree,10150.1,8587.70079,417.409741,0,1002.35157,380.618725,1039.14258,380.618725,36.7910162,0,0,0,1002.35157,417.409741,0.84607056,0.0411237073,0,0.0987528761,0.0411237073,12.0277125,12.0339105,0.00108793399
662,20.5352503,500,500,ok_event_tree,event_tree,10267.65,9364.43828,122.548263,0,556.549952,101.144842,577.953373,101.144842,21.403421,0,0,0,556.549952,122.548263,0.912033257,0.0119353759,0,0.0542042193,0.0119353759,13.8444941,13.8476752,0.00200780899
663,20.7730373,500,500,ok_event_tree,event_tree,10386.5,9338.39008,292.626274,0,555.606505,237.919078,610.313701,237.919078,54.7071959,0,0,0,555.606505,292.626274,0.89908921,0.0281737133,0,0.0534931406,0.0281737133,14.0864818,14.0845691,0.00179191016
664,21.0135777,500,500,ok_event_tree,event_tree,10506.8,9301.95489,233.298653,0,664.335267,220.366626,677.267294,220.366626,12.9320272,0,0,0,664.335267,233.298653,0.885327111,0.0222045393,0,0.0632290771,0.0222045393,13.8358052,13.8434504,0.00163413199
665,21.2569035,500,500,ok_event_tree,event_tree,10628.45,9608.47187,134.0981,0,675.181194,116.881349,692.397946,116.881349,17.2167518,0,0,0,675.181194,134.0981,0.90403322,0.0126169009,0,0.0635258381,0.0126169009,14.514737,14.5229453,0.00193272756
666,21.5030468,500,500,ok_event_tree,event_tree,10751.5,9349.71644,346.2993,0,786.218102,307.234583,825.28282,307.234583,39.0647173,0,0,0,786.218102,346.2993,0.869619722,0.0322093941,0,0.073126364,0.0322093941,13.2186378,13.2801514,0.00223209922
667,21.7520403,500,500,ok_event_tree,event_tree,10876,9556.34166,291.340876,0,809.609988,264.138599,836.812265,264.138599,27.2022766,0,0,0,809.609988,291.340876,0.878663264,0.0267875024,0,0.0744400504,0.0267875024,14.4470245,14.4633687,0.00169595281
668,22.0039171,500,500,ok_event_tree,event_tree,11001.95,9612.38959,386.051277,0,769.623755,359.083703,796.591328,359.083703,26.9675736,0,0,0,769.623755,386.051277,0.873698716,0.0350893502,0,0.0699533951,0.0350893502,14.2264985,14.2455706,0.00282319139
669,22.2587104,500,500,ok_event_tree,event_tree,11129.35,9833.02477,215.616755,0,862.811507,193.09919,885.329073,193.09919,22.5175654,0,0,0,862.811507,215.616755,0.883521928,0.019373706,0,0.0775257771,0.019373706,14.9626235,14.9908226,0.00243157689
670,22.5164542,500,500,ok_event_tree,event_tree,11258.25,9987.77671,276.54229,0,838.534121,257.308361,857.768051,257.308361,19.2339293,0,0,0,838.534121,276.54229,0.887151796,0.0245635237,0,0.0744817464,0.0245635237,14.8411025,14.8821137,0.00214513534
671,22.7771824,500,500,ok_event_tree,event_tree,11388.6,10100.3523,257.263893,0,736.636827,225.057973,768.842747,225.057973,32.2059194,0,0,0,736.636827,257.263893,0.886882699,0.0225895977,0,0.0646819475,0.0225895977,14.5789239,14.5956615,0.00205324443
672,23.0409298,500,500,ok_event_tree,event_tree,11520.45,10238.9135,57.9415816,0,822.894643,46.1780313,834.658194,46.1780313,11.7635503,0,0,0,822.894643,57.9415816,0.888759855,0.00502945472,0,0.0714290365,0.00502945472,15.3349595,15.333655,0.00202486822
673,23.3077312,500,500,ok_event_tree,event_tree,11653.85,10576.0453,146.882611,0,711.35586,132.991659,725.246812,132.991659,13.8909519,0,0,0,711.35586,146.882611,0.907515138,0.0126037842,0,0.0610404167,0.0126037842,15.47346,15.5202264,0.0022618176
674,23.577622,500,500,ok_event_tree,event_tree,11788.8,10150.446,82.6021723,0,1129.43428,82.6021723,1129.43428,82.6021723,0,0,0,0,1129.43428,82.6021723,0.861024532,0.00700683464,0,0.0958057038,0.00700683464,16.025051,16.0240528,0.00254382024
675,23.850638,500,500,ok_event_tree,event_tree,11925.3,10629.2678,200.697919,0,836.37736,183.587789,853.48749,183.587789,17.1101299,0,0,0,836.37736,200.697919,0.891320788,0.0168295908,0,0.0701347018,0.0168295908,15.8241324,15.8496793,0.00305381338
676,24.1268153,500,500,ok_event_tree,event_tree,12063.4,10515.9651,178.80079,0,1100.97141,150.169663,1129.60254,150.169663,28.6311264,0,0,0,1100.97141,178.80079,0.871724808,0.0148217575,0,0.091265432,0.0148217575,16.3248732,16.3303148,0.00148879668
677,24.4061907,500,500,ok_event_tree,event_tree,12203.1,10723.5109,262.248634,0,963.226111,190.180614,1035.29413,190.180614,72.0680198,0,0,0,963.226111,262.248634,0.878753013,0.021490329,0,0.0789329032,0.021490329,16.1818389,16.1905669,0.00238847028
678,24.688801,500,500,ok_event_tree,event_tree,12344.4,10484.1347,373.293307,0,1114.42399,259.697572,1228.01973,259.697572,113.595735,0,0,0,1114.42399,373.293307,0.8493029,0.0302398907,0,0.0902776961,0.0302398907,16.0142843,16.0653638,0.00298707224
679,24.9746839,500,500,ok_event_tree,event_tree,12487.35,10568.2909,340.168409,0,1154.40814,309.562488,1185.01406,309.562488,30.605921,0,0,0,1154.40814,340.168409,0.846319747,0.0272410406,0,0.092446207,0.0272410406,15.474717,15.5021523,0.0028481575
680,25.2638771,500,500,ok_event_tree,event_tree,12631.95,10502.5509,210.496339,0,1550.10658,159.891246,1600.71167,159.891246,50.6050926,0,0,0,1550.10658,210.496339,0.831427519,0.016663804,0,0.122713166,0.016663804,16.3974967,16.4082107,0.00268326304
681,25.556419,500,500,ok_event_tree,event_tree,12778.2,11095.6067,91.992022,0,1157.73187,90.7096933,1159.0142,90.7096933,1.28232867,0,0,0,1157.73187,91.992022,0.868323138,0.00719913775,0,0.090602109,0.00719913775,18.6759887,18.6969921,0.00266547257
682,25.8523484,500,500,ok_event_tree,event_tree,12926.15,10744.6618,520.298846,0,1387.24726,483.725865,1423.82024,483.725865,36.5729807,0,0,0,1387.24726,520.298846,0.831234501,0.0402516485,0,0.107320993,0.0402516485,16.0142309,16.1028408,0.00586270893
683,26.1517045,500,500,ok_event_tree,event_tree,13075.85,11005.8919,241.399518,0,1248.45151,224.084825,1265.7662,224.084825,17.3146928,0,0,0,1248.45151,241.399518,0.8416961,0.0184614781,0,0.0954776562,0.0184614781,15.9222685,15.9712275,0.00155226249
684,26.4545269,500,500,ok_event_tree,event_tree,13227.25,11543.7106,167.989304,0,1153.47439,147.537573,1173.92613,147.537573,20.4517317,0,0,0,1153.47439,167.989304,0.872721892,0.0127002441,0,0.0872043996,0.0127002441,17.5171213,17.5419452,0.00393532832
685,26.7608559,500,500,ok_event_tree,event_tree,13380.45,11213.1644,263.333223,0,1487.11538,237.303694,1513.14491,237.303694,26.0295289,0,0,0,1487.11538,263.333223,0.838025956,0.0196804459,0,0.111140909,0.0196804459,17.2187411,17.242133,0.00277146225
686,27.070732,500,500,ok_event_tree,event_tree,13535.35,11415.0918,248.858613,0,1411.90198,192.268933,1468.49166,192.268933,56.5896808,0,0,0,1411.90198,248.858613,0.84335402,0.0183858277,0,0.104312188,0.0183858277,17.674609,17.6843483,0.00221257804
687,27.3841963,500,500,ok_event_tree,event_tree,13692.1,11616.1849,393.499869,0,1313.77132,325.584016,1381.68717,325.584016,67.9158533,0,0,0,1313.77132,393.499869,0.848385925,0.0287391904,0,0.0959510463,0.0287391904,18.0881819,18.0897912,0.00271662535
688,27.7012904,500,500,ok_event_tree,event_tree,13850.65,11839.5431,231.431035,0,1372.46866,187.372522,1416.52718,187.372522,44.0585129,0,0,0,1372.46866,231.431035,0.85480054,0.0167090378,0,0.0990905599,0.0167090378,18.7300513,18.7557107,0.0031734845
689,28.0220562,500,500,ok_event_tree,event_tree,14011.05,11613.8655,304.947276,0,1595.47795,233.074249,1667.35098,233.074249,71.8730267,0,0,0,1595.47795,304.947276,0.828907577,0.0217647696,0,0.113872833,0.0217647696,17.4785978,17.4866237,0.00214807892
690,28.3465363,500,500,ok_event_tree,event_tree,14173.25,11948.9484,121.437118,0,1615.24074,96.5500972,1640.12776,96.5500972,24.8870206,0,0,0,1615.24074,121.437118,0.843063405,0.00856805022,0,0.113964033,0.00856805022,18.2326327,18.2523349,0.00309637078
691,28.6747738,500,500,ok_event_tree,event_tree,14337.4,11956.7529,253.795184,0,1664.01284,185.962485,1731.84554,185.962485,67.832699,0,0,0,1664.01284,253.795184,0.833955449,0.0177016185,0,0.11606099,0.0177016185,18.3952285,18.4176341,0.00255574539
692,29.006812,500,500,ok_event_tree,event_tree,14503.4,12167.6493,152.483558,0,1596.19655,128.141731,1620.53838,128.141731,24.3418269,0,0,0,1596.19655,152.483558,0.838951508,0.0105136422,0,0.110056715,0.0105136422,18.8697498,18.8866762,0.00293749978
693,29.342695,500,500,ok_event_tree,event_tree,14671.35,12283.2545,236.705623,0,1565.49198,205.967404,1596.2302,205.967404,30.738219,0,0,0,1565.49198,236.705623,0.83722728,0.0161338679,0,0.106704017,0.0161338679,19.6458773,19.6528797,0.0033785986
694,29.6824674,500,500,ok_event_tree,event_tree,14841.25,12458.2518,393.093449,0,1659.83581,383.634892,1669.29437,383.634892,9.45855624,0,0,0,1659.83581,393.093449,0.839434132,0.0264865459,0,0.111839354,0.0264865459,18.7137475,18.7378708,0.00299524766
695,30.0261742,500,500,ok_event_tree,event_tree,15013.1,12803.6975,156.346295,0,1544.80955,126.479626,1574.67622,126.479626,29.866669,0,0,0,1544.80955,156.346295,0.852835024,0.0104139914,0,0.102897439,0.0104139914,20.1855328,20.1985507,0.00335469128
696,30.3738609,500,500,ok_event_tree,event_tree,15186.95,12651.8473,144.836995,0,1726.10131,123.192002,1747.7463,123.192002,21.6449931,0,0,0,1726.10131,144.836995,0.833073614,0.00953693764,0,0.113656877,0.00953693764,19.532124,19.550114,0.00326725928
697,30.7255737,500,500,ok_event_tree,event_tree,15362.8,12862.5858,150.961638,0,1837.42234,107.557617,1880.82636,107.557617,43.4040205,0,0,0,1837.42234,150.961638,0.837255305,0.00982644036,0,0.119602048,0.00982644036,20.5528452,20.5658471,0.00222178195
698,31.081359,500,500,ok_event_tree,event_tree,15540.7,12893.8551,316.395001,0,1888.71238,271.40923,1933.69815,271.40923,44.9857711,0,0,0,1888.71238,316.395001,0.82968303,0.0203591216,0,0.121533288,0.0203591216,19.8788285,19.8806697,0.00238181215
699,31.4412642,500,500,ok_event_tree,event_tree,15720.65,12866.1886,240.479638,0,1955.41554,218.763317,1977.13186,218.763317,21.7163215,0,0,0,1955.41554,240.479638,0.818425992,0.0152970544,0,0.124385158,0.0152970544,20.4468493,20.4764718,0.00385510057
700,31.8053369,500,500,ok_event_tree,event_tree,15902.65,13087.6645,221.046971,0,2110.54948,186.907433,2144.68902,186.907433,34.1395384,0,0,0,2110.54948,221.046971,0.822986386,0.0139000086,0,0.132716842,0.0139000086,20.7216562,20.7372678,0.00259111796
701,32.1736253,500,500,ok_event_tree,event_tree,16086.8,13158.8078,285.143379,0,1946.73139,232.436234,1999.43853,232.436234,52.7071446,0,0,0,1946.73139,285.143379,0.817987903,0.0177253014,0,0.12101421,0.0177253014,21.1552989,21.1573586,0.00234538445
702,32.5461783,500,500,ok_event_tree,event_tree,16273.1,13407.4887,96.5196174,0,1752.62832,88.3035017,1760.84444,88.3035017,8.21611561,0,0,0,1752.62832,96.5196174,0.823905014,0.00593123728,0,0.10770095,0.00593123728,21.1897774,21.2076336,0.00448772528
703,32.9230453,500,500,ok_event_tree,event_tree,16461.5,13252.7378,281.997981,0,2251.36056,243.696455,2289.66208,243.696455,38.3015259,0,0,0,2251.36056,281.997981,0.805074739,0.0171307585,0,0.136765213,0.0171307585,20.5156603,20.5585349,0.00329485618
704,33.3042762,500,500,ok_event_tree,event_tree,16652.15,13687.9989,189.356402,0,2173.80582,118.741194,2244.42103,118.741194,70.6152078,0,0,0,2173.80582,189.356402,0.821995895,0.0113712885,0,0.130542051,0.0113712885,21.7929241,21.8325188,0.00370852909
705,33.6899216,500,500,ok_event_tree,event_tree,16844.95,13703.4854,412.185728,0,2112.32879,321.34843,2203.16609,321.34843,90.8372973,0,0,0,2112.32879,412.185728,0.813507039,0.0244693946,0,0.125398342,0.0244693946,21.4321055,21.453283,0.00395282663
706,34.0800325,500,500,ok_event_tree,event_tree,17040,13996.1418,227.489312,0,1975.94905,205.536592,1997.90177,205.536592,21.9527197,0,0,0,1975.94905,227.489312,0.821369822,0.0133503117,0,0.115959451,0.0133503117,22.0765871,22.1060611,0.00345434772
707,34.4746607,500,500,ok_event_tree,event_tree,17237.35,14220.8363,195.06994,0,2041.40948,168.116642,2068.36278,168.116642,26.9532978,0,0,0,2041.40948,195.06994,0.82500131,0.0113167012,0,0.118429427,0.0113167012,23.8474171,23.872509,0.00245391011
708,34.8738584,500,500,ok_event_tree,event_tree,17436.95,14134.0457,347.274222,0,2260.47176,305.80588,2301.9401,305.80588,41.468341,0,0,0,2260.47176,347.274222,0.810580161,0.0199159957,0,0.129636878,0.0199159957,22.4237666,22.4493058,0.0031676004
709,35.2776787,500,500,ok_event_tree,event_tree,17638.85,14055.4286,347.735355,0,2413.90761,242.887801,2518.75516,242.887801,104.847555,0,0,0,2413.90761,347.735355,0.796844955,0.0197141738,0,0.136851757,0.0197141738,21.7833725,21.815277,0.00329429383
710,35.6861749,500,500,ok_event_tree,event_tree,17843.1,14408.3377,251.581593,0,2553.49014,224.17461,2580.89713,224.17461,27.4069835,0,0,0,2553.49014,251.581593,0.807501929,0.0140996572,0,0.143107988,0.0140996572,22.6719105,22.7018525,0.00402852879
711,36.0994014,500,500,ok_event_tree,event_tree,18049.7,14246.996,323.989739,0,2764.92062,246.488339,2842.42202,246.488339,77.5014003,0,0,0,2764.92062,323.989739,0.789320375,0.0179498684,0,0.153183744,0.0179498684,22.286552,22.2990065,0.00271893533
712,36.5174127,500,500,ok_event_tree,event_tree,18258.7,14783.1443,298.963044,0,2330.75298,260.643523,2369.0725,260.643523,38.319521,0,0,0,2330.75298,298.963044,0.809649334,0.0163737311,0,0.127651639,0.0163737311,23.971527,23.9777912,0.0031397269
713,36.9402644,500,500,ok_event_tree,event_tree,18470.15,15058.8488,191.40407,0,2358.77876,148.426846,2401.75598,148.426846,42.9772246,0,0,0,2358.77876,191.40407,0.815307337,0.0103628866,0,0.127707612,0.0103628866,23.7847452,23.815647,0.00391672729
714,37.3680125,500,500,ok_event_tree,event_tree,18684,15122.5039,217.739702,0,2570.61705,197.055395,2591.30136,197.055395,20.6843068,0,0,0,2570.61705,217.739702,0.809382566,0.0116538055,0,0.137583871,0.0116538055,23.5901611,23.6180449,0.00404945055
715,37.8007137,500,500,ok_event_tree,event_tree,18900.35,15294.9683,253.795017,0,2517.02682,214.872295,2555.94954,214.872295,38.9227213,0,0,0,2517.02682,253.795017,0.809242594,0.0134280591,0,0.133173556,0.0134280591,24.5644769,24.5772744,0.0039968488
716,38.2384254,500,500,ok_event_tree,event_tree,19119.2,15265.539,138.913265,0,2776.96716,100.712524,2815.1679,100.712524,38.2007413,0,0,0,2776.96716,138.913265,0.798440259,0.00726564214,0,0.145244945,0.00726564214,23.9399696,23.951389,0.00379441443
717,38.6812055,500,500,ok_event_tree,event_tree,19340.6,15051.4439,678.510071,0,2774.54491,648.644723,2804.41026,648.644723,29.865348,0,0,0,2774.54491,678.510071,0.778230454,0.0350821625,0,0.143457024,0.0350821625,23.1438094,23.1505705,0.00393590837
718,39.1291127,500,500,ok_event_tree,event_tree,19564.55,15938.8536,197.297182,0,2664.06193,116.057282,2745.30183,116.057282,81.2398997,0,0,0,2664.06193,197.297182,0.814680308,0.0100844222,0,0.13616781,0.0100844222,26.2920778,26.3220923,0.00416624469
719,39.5822065,500,500,ok_event_tree,event_tree,19791.1,15583.8331,269.314479,0,2958.50079,94.7766595,3133.03861,94.7766595,174.537819,0,0,0,2958.50079,269.314479,0.787416215,0.013607858,0,0.149486425,0.013607858,24.3009328,24.3292159,0.00571629745
720,40.0405468,500,500,ok_event_tree,event_tree,20020.25,15675.0509,390.17787,0,3130.24523,309.920886,3210.50222,309.920886,80.2569836,0,0,0,3130.24523,390.17787,0.782959796,0.0194891607,0,0.156353953,0.0194891607,24.4454354,24.4779658,0.00501437915
721,40.5041945,500,500,ok_event_tree,event_tree,20252.1,15445.301,313.424053,0,3489.22507,257.65221,3544.99691,257.65221,55.7718435,0,0,0,3489.22507,313.424053,0.762651824,0.0154761261,0,0.172289544,0.0154761261,23.9157776,23.9470836,0.00341132256
722,40.973211,500,500,ok_event_tree,event_tree,20486.6,16062.4255,143.040229,0,3299.10918,111.00891,3331.1405,111.00891,32.0313184,0,0,0,3299.10918,143.040229,0.78404545,0.00698213607,0,0.161037419,0.00698213607,26.1060381,26.1344539,0.00394239944
723,41.4476584,500,500,ok_event_tree,event_tree,20723.85,15711.536,343.961026,0,3722.86126,299.280388,3767.5419,299.280388,44.6806384,0,0,0,3722.86126,343.961026,0.758137896,0.0165973517,0,0.179641392,0.0165973517,24.4339599,24.4850587,0.00488150482
724,41.9275997,500,500,ok_event_tree,event_tree,20963.8,16180.5272,324.844762,0,3460.92621,237.656415,3548.11456,237.656415,87.1883466,0,0,0,3460.92621,324.844762,0.771831785,0.0154955095,0,0.165090595,0.0154955095,25.0856551,25.1129115,0.00431647094
725,42.4130984,500,500,ok_event_tree,event_tree,21206.55,16446.8009,357.852999,0,3370.3565,295.495711,3432.71379,295.495711,62.3572872,0,0,0,3370.3565,357.852999,0.775552879,0.0168746448,0,0.158929977,0.0168746448,25.9951301,26.0500458,0.00444915542
726,42.9042189,500,500,ok_event_tree,event_tree,21452.1,16165.5507,229.348557,0,4039.54678,157.066593,4111.82874,157.066593,72.2819638,0,0,0,4039.54678,229.348557,0.75356495,0.0106911937,0,0.188305424,0.0106911937,25.9665051,26.0091719,0.00441614183
727,43.4010264,500,500,ok_event_tree,event_tree,21700.5,16617.2357,290.05928,0,3648.9595,260.080322,3678.93846,260.080322,29.9789583,0,0,0,3648.9595,290.05928,0.765753585,0.0133664791,0,0.168150941,0.0133664791,27.1854504,27.2067877,0.00404213414
728,43.9035866,500,500,ok_event_tree,event_tree,21951.8,16834.469,227.122113,0,3431.50622,131.489012,3527.13932,131.489012,95.6331012,0,0,0,3431.50622,227.122113,0.76688331,0.0103464004,0,0.156320039,0.0103464004,28.7588694,28.766315,0.00389866771
729,44.4119661,500,500,ok_event_tree,event_tree,22206,17254.5171,343.187391,0,3663.04344,302.216821,3704.01401,302.216821,40.9705707,0,0,0,3663.04344,343.187391,0.777020493,0.0154547146,0,0.164957374,0.0154547146,26.9314863,26.975791,0.00438801399
730,44.9262325,500,500,ok_event_tree,event_tree,22463.1,17106.2585,364.43755,0,3843.83684,303.672225,3904.60216,303.672225,60.7653249,0,0,0,3843.83684,364.43755,0.761527062,0.0162238315,0,0.171117826,0.0162238315,27.7998736,27.8074244,0.00366838133
731,45.4464537,500,500,ok_event_tree,event_tree,22723.25,17195.0537,483.491165,0,3951.46781,361.331706,4073.62727,361.331706,122.159459,0,0,0,3951.46781,483.491165,0.756716304,0.0212773774,0,0.173895363,0.0212773774,27.3483345,27.3998628,0.00387156266
732,45.9726989,500,500,ok_event_tree,event_tree,22986.35,17695.4475,336.110944,0,3905.23065,248.79821,3992.54338,248.79821,87.3127335,0,0,0,3905.23065,336.110944,0.769824159,0.0146221972,0,0.169893465,0.0146221972,28.056269,28.0626614,0.00522677116
733,46.5050376,500,500,ok_event_tree,event_tree,23252.5,17832.4202,324.276072,0,3858.33448,283.116786,3899.49376,283.116786,41.1592858,0,0,0,3858.33448,324.276072,0.766903354,0.0139458584,0,0.165932028,0.0139458584,28.5846912,28.6293029,0.00512038798
734,47.0435406,500,500,ok_event_tree,event_tree,23521.75,17693.6518,337.320663,0,4221.84978,236.349523,4322.82092,236.349523,100.97114,0,0,0,4221.84978,337.320663,0.752225145,0.0143407979,0,0.179487061,0.0143407979,28.5958073,28.6300883,0.00478553678
735,47.5882791,500,500,ok_event_tree,event_tree,23794.15,18300.1213,300.71847,0,4062.82488,182.566774,4180.97658,182.566774,118.151696,0,0,0,4062.82488,300.71847,0.769101702,0.0126383363,0,0.170748898,0.0126383363,28.9407425,28.963537,0.00481412172
736,48.1393254,500,500,ok_event_tree,event_tree,24069.65,18231.7872,214.394379,0,3945.62872,166.286235,3993.73687,166.286235,48.1081444,0,0,0,3945.62872,214.394379,0.757459589,0.00890724956,0,0.163925471,0.00890724956,29.2963913,29.3160713,0.00615958354
737,48.6967525,500,500,ok_event_tree,event_tree,24348.4,18134.239,370.04213,0,4632.52676,259.481203,4743.08769,259.481203,110.560927,0,0,0,4632.52676,370.04213,0.744781547,0.0151978007,0,0.190260007,0.0151978007,28.20679,28.2373075,0.0048312838
738,49.2606343,500,500,ok_event_tree,event_tree,24630.3,18311.4295,353.326096,0,4698.46085,280.46895,4771.318,280.46895,72.857146,0,0,0,4698.46085,353.326096,0.74345134,0.0143451804,0,0.190759384,0.0143451804,29.2031815,29.2537629,0.00462099535
739,49.8310456,500,500,ok_event_tree,event_tree,24915.5,18507.1385,393.177491,0,4601.31482,313.967999,4680.52431,313.967999,79.2094913,0,0,0,4601.31482,393.177491,0.742796191,0.0157804375,0,0.1846768,0.0157804375,30.6385528,30.6663118,0.00438991627
740,50.4080619,500,500,ok_event_tree,event_tree,25204.05,18558.7011,213.411945,0,4999.25059,80.6164403,5132.04609,80.6164403,132.795505,0,0,0,4999.25059,213.411945,0.736338054,0.00846736715,0,0.198351082,0.00846736715,30.3965882,30.4627659,0.00575359978
741,50.9917598,500,500,ok_event_tree,event_tree,25495.9,18934.6316,424.68309,0,4387.60057,391.657816,4420.62584,391.657816,33.025274,0,0,0,4387.60057,424.68309,0.742653981,0.016656917,0,0.172090437,0.016656917,30.5713385,30.5956501,0.00590018558
742,51.5822165,500,500,ok_event_tree,event_tree,25791.1,18866.526,285.361662,0,5032.00948,205.206276,5112.16486,205.206276,80.1553857,0,0,0,5032.00948,285.361662,0.731513043,0.0110643463,0,0.195106431,0.0110643463,30.9199575,30.9506506,0.00484169281
743,52.1795104,500,500,ok_event_tree,event_tree,26089.75,18829.1935,257.661708,0,5497.05398,219.052994,5535.66269,219.052994,38.6087135,0,0,0,5497.05398,257.661708,0.721708467,0.00987597458,0,0.21069784,0.00987597458,30.0972822,30.1237131,0.00447897442
744,52.7837207,500,500,ok_event_tree,event_tree,26391.85,19295.3042,102.927629,0,5364.74206,58.2939246,5409.37577,58.2939246,44.6337043,0,0,0,5364.74206,102.927629,0.731108436,0.00389997779,0,0.203272679,0.00389997779,31.3854607,31.4876486,0.00637624742
745,53.3949274,500,500,ok_event_tree,event_tree,26697.45,19530.0866,192.587872,0,5659.47227,141.350506,5710.70964,141.350506,51.2373664,0,0,0,5659.47227,192.587872,0.731533783,0.00721371788,0,0.2119855,0.00721371788,31.2087078,31.3030237,0.00629128256
746,54.0132115,500,500,ok_event_tree,event_tree,27006.6,20460.4557,588.258799,0,4534.85492,557.581822,4565.5319,557.581822,30.6769761,0,0,0,4534.85492,588.258799,0.757609463,0.0217820384,0,0.167916544,0.0217820384,30.8883329,30.9479009,0.00733144505
747,54.638655,500,500,ok_event_tree,event_tree,27319.35,19410.5702,458.428967,0,5288.98425,338.435328,5408.97789,338.435328,119.99364,0,0,0,5288.98425,458.428967,0.710506297,0.0167803761,0,0.193598466,0.0167803761,32.7375358,32.7492004,0.0068917907
748,55.2713408,500,500,ok_event_tree,event_tree,27635.65,19901.3766,255.705203,0,5540.3068,118.512652,5677.49935,118.512652,137.192551,0,0,0,5540.3068,255.705203,0.720134196,0.00925272982,0,0.200476805,0.00925272982,32.6015946,32.6158912,0.00611697526
749,55.9113528,500,500,ok_event_tree,event_tree,27955.7,19894.1532,217.521334,0,5771.94068,131.219895,5858.24212,131.219895,86.301439,0,0,0,5771.94068,217.521334,0.711631373,0.00778092962,0,0.206467399,0.00778092962,32.9105164,32.9365376,0.00553854894
750,56.5587757,500,500,ok_event_tree,event_tree,28279.4,20577.5591,264.910782,0,5574.02052,167.990074,5670.94123,167.990074,96.9207084,0,0,0,5574.02052,264.910782,0.727651897,0.00936762386,0,0.197105332,0.00936762386,33.7619018,33.8047513,0.00439753746
751,57.2136955,500,500,ok_event_tree,event_tree,28606.85,20388.777,444.214563,0,5597.43418,279.338511,5762.31023,279.338511,164.876052,0,0,0,5597.43418,444.214563,0.712723595,0.0155282586,0,0.195667617,0.0155282586,33.7157814,33.7752771,0.00548337027
752,57.8761988,500,500,ok_event_tree,event_tree,28938.1,20779.9599,180.750006,0,6210.21207,126.055623,6264.90645,126.055623,54.6943829,0,0,0,6210.21207,180.750006,0.718083076,0.00624609098,0,0.214603311,0.00624609098,33.3112338,33.3438641,0.00543589262
753,58.5463736,500,500,ok_event_tree,event_tree,29273.2,21194.0654,239.965941,0,6033.2175,180.294956,6092.88849,180.294956,59.6709852,0,0,0,6033.2175,239.965941,0.724009175,0.00819746188,0,0.206100375,0.00819746188,35.0023887,35.017525,0.00461160656
754,59.2243087,500,500,ok_event_tree,event_tree,29612.15,21537.6132,95.6481731,0,6098.44487,18.4902688,6175.60277,18.4902688,77.1579043,0,0,0,6098.44487,95.6481731,0.727323522,0.00323003136,0,0.205944008,0.00323003136,35.3821639,35.444662,0.00528742857
755,59.9100939,500,500,ok_event_tree,event_tree,29955.05,21301.5284,204.842064,0,6300.48751,91.2647366,6414.06484,91.2647366,113.577327,0,0,0,6300.48751,204.842064,0.711116437,0.00683831486,0,0.210331397,0.00683831486,36.4340995,36.4558574,0.00598598794
756,60.6038201,500,500,ok_event_tree,event_tree,30301.9,20512.9083,325.254574,0,7123.69691,275.450057,7173.50143,275.450057,49.8045162,0,0,0,7123.69691,325.254574,0.676951223,0.0107338013,0,0.235090767,0.0107338013,33.6950693,33.7192188,0.0046044768
757,61.3055792,500,500,ok_event_tree,event_tree,30652.8,21016.5217,135.114718,0,6876.3506,86.0156997,6925.44962,86.0156997,49.0990188,0,0,0,6876.3506,135.114718,0.685631384,0.00440790787,0,0.22433026,0.00440790787,35.242139,35.2868382,0.00521761385
758,62.0154644,500,500,ok_event_tree,event_tree,31007.75,21585.3787,427.489248,0,7183.37491,259.070375,7351.79379,259.070375,168.418874,0,0,0,7183.37491,427.489248,0.696128506,0.0137865291,0,0.231663855,0.0137865291,34.6251021,34.6743387,0.003998776
759,62.7335696,500,500,ok_event_tree,event_tree,31366.8,22473.1539,227.226557,0,7106.74514,26.4182949,7307.5534,26.4182949,200.808262,0,0,0,7106.74514,227.226557,0.716463072,0.00724417399,0,0.22656902,0.00724417399,37.0360875,37.0399229,0.00549071095
760,63.4599901,500,500,ok_event_tree,event_tree,31730,21345.0139,260.319114,0,7671.26332,106.717916,7824.86452,106.717916,153.601198,0,0,0,7671.26332,260.319114,0.672707655,0.0082041952,0,0.241766887,0.0082041952,34.6863537,34.7335686,0.00711061027
761,64.1948222,500,500,ok_event_tree,event_tree,32097.4,22014.6063,177.118043,0,7709.58012,143.809283,7742.88888,143.809283,33.3087608,0,0,0,7709.58012,177.118043,0.685868833,0.00551814301,0,0.24019329,0.00551814301,35.7286755,35.7660656,0.00540758133
762,64.9381632,500,500,ok_event_tree,event_tree,32469.1,22555.1468,274.480353,0,7378.1826,218.022661,7434.64029,218.022661,56.4576914,0,0,0,7378.1826,274.480353,0.694664984,0.00845358673,0,0.227237053,0.00845358673,36.3801667,36.3880955,0.00662918288
763,65.6901116,500,500,ok_event_tree,event_tree,32845.05,22866.7722,273.128649,0,7670.45982,109.05335,7834.53512,109.05335,164.0753,0,0,0,7670.45982,273.128649,0.696201474,0.0083156716,0,0.233534728,0.0083156716,38.9053116,38.9800842,0.0048033123
764,66.4507673,500,500,ok_event_tree,event_tree,33225.4,23448.466,285.453185,0,7232.0919,201.771241,7315.77384,201.771241,83.681944,0,0,0,7232.0919,285.453185,0.705739165,0.00859141455,0,0.217667565,0.00859141455,38.7401116,38.7727583,0.00678934615
765,67.2202309,500,500,ok_event_tree,event_tree,33610.1,22968.7045,265.708022,0,8055.2535,122.344396,8198.61713,122.344396,143.363626,0,0,0,8055.2535,265.708022,0.683386973,0.00790560046,0,0.239667645,0.00790560046,37.3236503,37.3397818,0.00618750486
766,67.9986045,500,500,ok_event_tree,event_tree,33999.3,23416.7543,116.431629,0,7719.56114,30.40267,7805.5901,30.40267,86.0289585,0,0,0,7719.56114,116.431629,0.688742246,0.00342453017,0,0.22705059,0.00342453017,39.3602551,39.4235641,0.00632490041
767,68.7859912,500,500,ok_event_tree,event_tree,34393,22998.1895,353.330445,0,8008.15846,244.062589,8117.42631,244.062589,109.267856,0,0,0,8008.15846,353.330445,0.668688091,0.0102733244,0,0.232842685,0.0102733244,38.1035403,38.123135,0.00518865501
768,69.5824955,500,500,ok_event_tree,event_tree,34791.25,23632.9199,209.770449,0,8555.89867,52.4876832,8713.18144,52.4876832,157.282766,0,0,0,8555.89867,209.770449,0.679277688,0.00602940247,0,0.245920991,0.00602940247,37.4274033,37.4601829,0.00464923628
769,70.3882228,500,500,ok_event_tree,event_tree,35194.1,23100.5253,288.147769,0,9371.40723,121.282582,9538.27241,121.282582,166.865187,0,0,0,9371.40723,288.147769,0.65637494,0.00818738849,0,0.266277792,0.00818738849,37.9478124,37.9508753,0.0045440414
770,71.20328,500,500,ok_event_tree,event_tree,35601.65,24284.8229,228.260833,0,8770.2857,135.280091,8863.26644,135.280091,92.980742,0,0,0,8770.2857,228.260833,0.682126331,0.00641152399,0,0.246344922,0.00641152399,40.4456998,40.4651163,0.00602163401
771,72.0277751,500,500,ok_event_tree,event_tree,36013.9,24672.2609,163.985215,0,8265.46156,68.3413534,8361.10542,68.3413534,95.643862,0,0,0,8265.46156,163.985215,0.685076066,0.00455338676,0,0.229507539,0.00455338676,41.0716556,41.1416115,0.00542275189
772,72.8618175,500,500,ok_event_tree,event_tree,36430.9,23418.9528,373.49887,0,9693.02662,211.012519,9855.51297,211.012519,162.48635,0,0,0,9693.02662,373.49887,0.642832124,0.0102522548,0,0.266066076,0.0102522548,39.445423,39.4976723,0.00631960873
773,73.7055175,500,500,ok_event_tree,event_tree,36852.75,23456.851,629.593615,0,9275.8179,456.584865,9448.82665,456.584865,173.00875,0,0,0,9275.8179,629.593615,0.636502051,0.0170840335,0,0.251699477,0.0170840335,37.8637344,37.947311,0.00728121349
774,74.5589872,500,500,ok_event_tree,event_tree,37279.5,24377.731,255.513255,0,9717.97226,115.144769,9858.34074,115.144769,140.368486,0,0,0,9717.97226,255.513255,0.653917863,0.00685398826,0,0.260678718,0.00685398826,40.3965903,40.4822543,0.00620003548
775,75.4223396,500,500,ok_event_tree,event_tree,37711.15,24151.1199,386.338487,0,9991.70125,255.219303,10122.8204,255.219303,131.119184,0,0,0,9991.70125,386.338487,0.64042385,0.0102446753,0,0.264953502,0.0102446753,39.6651585,39.685233,0.00535328497
776,76.2956891,500,500,ok_event_tree,event_tree,38147.85,24433.0931,175.585056,0,9625.39434,131.364455,9669.61494,131.364455,44.2206007,0,0,0,9625.39434,175.585056,0.640484145,0.00460275102,0,0.252318134,0.00460275102,41.1619323,41.2078496,0.00692207181
777,77.1791516,500,500,ok_event_tree,event_tree,38589.6,24549.3071,335.292724,0,10888.8165,312.612108,10911.4971,312.612108,22.6806158,0,0,0,10888.8165,335.292724,0.636163814,0.00868868098,0,0.282169717,0.00868868098,38.1327474,38.1628628,0.0044244719
778,78.072844,500,500,ok_event_tree,event_tree,39036.4,26096.8684,316.36856,0,9844.88664,206.35552,9954.89968,206.35552,110.01304,0,0,0,9844.88664,316.36856,0.668526513,0.00810445021,0,0.252197606,0.00810445021,42.8705745,42.984894,0.0077652518
779,78.9768849,500,500,ok_event_tree,event_tree,39488.45,25452.6043,560.761601,0,10803.491,549.07139,10815.1812,549.07139,11.6902111,0,0,0,10803.491,560.761601,0.644558202,0.0142006486,0,0.273586099,0.0142006486,42.7705015,42.8067314,0.0053773173
780,79.8913942,500,500,ok_event_tree,event_tree,39945.7,24957.8969,412.384484,0,10350.4978,211.392724,10551.4895,211.392724,200.99176,0,0,0,10350.4978,412.384484,0.624795583,0.0103236264,0,0.259114192,0.0103236264,41.4650685,41.4912617,0.00508119953
781,80.8164929,500,500,ok_event_tree,event_tree,40408.25,25512.1759,222.887952,0,11111.5962,126.649325,11207.8348,126.649325,96.2386272,0,0,0,11111.5962,222.887952,0.631360573,0.00551590212,0,0.274983355,0.00551590212,42.5754308,42.6059535,0.00599312586
782,81.7523038,500,500,ok_event_tree,event_tree,40876.15,25980.9784,337.087634,0,10592.5985,240.649937,10689.0362,240.649937,96.437697,0,0,0,10592.5985,337.087634,0.635602383,0.00824656025,0,0.25913885,0.00824656025,45.3609792,45.4235447,0.0083499817
783,82.6989509,500,500,ok_event_tree,event_tree,41349.5,24712.8349,213.785278,0,11894.1394,82.4929684,12025.4317,82.4929684,131.292309,0,0,0,11894.1394,213.785278,0.597657406,0.00517020225,0,0.287648929,0.00517020225,43.6349294,43.6830272,0.00590918263
784,83.6565596,500,500,ok_event_tree,event_tree,41828.3,26530.4766,443.583226,0,11524.2283,75.1259289,11892.6856,75.1259289,368.457297,0,0,0,11524.2283,443.583226,0.634270974,0.010604859,0,0.27551271,0.010604859,45.2015199,45.2173395,0.00644777212
785,84.6252569,500,500,ok_event_tree,event_tree,42312.65,28146.0624,31.4050152,0,11035.3059,11.6811595,11055.0298,11.6811595,19.7238556,0,0,0,11035.3059,31.4050152,0.665192617,0.000742213385,0,0.260803942,0.000742213385,48.5799133,48.600635,0.00684969419
786,85.6051712,500,500,ok_event_tree,event_tree,42802.6,26073.8599,296.485282,0,11981.7235,132.858967,12145.3498,132.858967,163.626315,0,0,0,11981.7235,296.485282,0.609165329,0.00692680542,0,0.279929805,0.00692680542,41.6937805,41.7348366,0.00667041189
787,86.5964323,500,470,ok_event_tree,event_tree,40700.308,25811.0893,209.960415,0,10770.3773,107.038238,10873.2994,107.038238,102.922177,0,0,0,10770.3773,209.960415,0.634174299,0.00515869351,0,0.264626431,0.00515869351,48.3590243,48.3749033,0.004284432
788,87.5991718,500,500,ok_event_tree,event_tree,43799.6,26890.9861,83.4888035,0,13273.1478,43.5504131,13313.0862,43.5504131,39.9383905,0,0,0,13273.1478,83.4888035,0.613955062,0.00190615448,0,0.303042672,0.00190615448,43.1447287,43.1942831,0.00741430973
789,88.6135224,500,500,ok_event_tree,event_tree,44306.75,27115.5616,315.892623,0,14185.2819,186.557841,14314.6167,186.557841,129.334782,0,0,0,14185.2819,315.892623,0.611996176,0.00712967263,0,0.320160741,0.00712967263,42.5267045,42.5963619,0.00641522148
790,89.6396186,500,500,ok_event_tree,event_tree,44819.8,26967.6747,255.403942,0,13743.88,180.114788,13819.1692,180.114788,75.2891543,0,0,0,13743.88,255.403942,0.601691098,0.00569846233,0,0.306647509,0.00569846233,46.5096818,46.5664186,0.00801855553
791,90.6775965,500,500,ok_event_tree,event_tree,45338.8,27431.8903,177.305423,0,13412.8262,66.5175256,13523.6141,66.5175256,110.787898,0,0,0,13412.8262,177.305423,0.605042266,0.00391067746,0,0.295835491,0.00391067746,44.3638717,44.3963237,0.00557572891
792,91.7275935,500,500,ok_event_tree,event_tree,45863.8,27573.9124,404.507337,0,13818.1216,348.536069,13874.0929,348.536069,55.9712678,0,0,0,13818.1216,404.507337,0.601212993,0.00881975189,0,0.301286016,0.00881975189,46.4916625,46.5366421,0.00665002883
793,92.789749,500,500,ok_event_tree,event_tree,46394.85,27644.6913,394.310923,0,14925.204,260.722189,15058.7927,260.722189,133.588734,0,0,0,14925.204,394.310923,0.595856895,0.00849902355,0,0.321699585,0.00849902355,45.217523,45.2542301,0.00642537122
794,93.8642037,500,500,ok_event_tree,event_tree,46932.1,28332.1362,395.022187,0,14615.1159,294.647664,14715.4905,294.647664,100.374523,0,0,0,14615.1159,395.022187,0.603683538,0.00841688709,0,0.311409801,0.00841688709,47.3949715,47.4260355,0.00639625297
795,94.9510999,500,500,ok_event_tree,event_tree,47475.55,28705.7403,121.376091,0,14133.5995,60.5987366,14194.3768,60.5987366,60.7773542,0,0,0,14133.5995,121.376091,0.604642607,0.0025566021,0,0.297702701,0.0025566021,49.3515097,49.3585274,0.00685643806
796,96.0505818,500,500,ok_event_tree,event_tree,48025.3,28761.4326,290.266122,0,14750.9413,163.366565,14877.8409,163.366565,126.899557,0,0,0,14750.9413,290.266122,0.598880853,0.00604402517,0,0.307149384,0.00604402517,50.2347478,50.2613083,0.00543550885
797,97.1627952,500,500,ok_event_tree,event_tree,48581.4,28618.5825,53.9983436,0,15827.7475,31.2991523,15850.4467,31.2991523,22.6991913,0,0,0,15827.7475,53.9983436,0.589085175,0.00111150242,0,0.325798505,0.00111150242,46.759096,46.7983121,0.00507905949
798,98.2878873,500,500,ok_event_tree,event_tree,49143.95,27097.6249,445.420862,0,16992.8138,73.7139639,17364.5207,73.7139639,371.706898,0,0,0,16992.8138,445.420862,0.551392895,0.00906359505,0,0.345776312,0.00906359505,44.6763958,44.6886014,0.00650474578
799,99.4260074,500,500,ok_event_tree,event_tree,49713,29160.0448,357.774715,0,15756.3128,241.52927,15872.5582,241.52927,116.245444,0,0,0,15756.3128,357.774715,0.586567795,0.00719680395,0,0.316945523,0.00719680395,48.6017614,48.655285,0.00773045308
