energy_index,E_center_MeV,sim_particles,n_root_files,status,budget_mode,event_count,primary_energy_eV_sum,deposited_energy_eV_sum,backscatter_energy_eV_sum,escaped_forward_energy_eV_sum,escaped_lateral_energy_eV_sum,escaped_electron_energy_eV_sum,escaped_photon_energy_eV_sum,backscatter_electron_energy_eV_sum,backscatter_photon_energy_eV_sum,escaped_forward_electron_energy_eV_sum,escaped_forward_photon_energy_eV_sum,escaped_lateral_electron_energy_eV_sum,escaped_lateral_photon_energy_eV_sum,primary_pen_sum_cm,primary_pen_sumsq_cm2,primary_pen_count,secondary_pen_sum_cm,secondary_pen_sumsq_cm2,secondary_pen_count,secondary_ke_sum_eV,secondary_ke_sumsq_eV2,secondary_ke_count,error
0,0.0100577306,10000,100,ok_event_tree,event_tree,10000,100576999.99999999,85985280.47868481,14591719.521314856,0.0,0.0,14591719.521314856,0.0,14591719.521314856,0.0,0.0,0.0,0.0,0.0,2.2856628850511975,0.0007081120809664796,10000,2.3045294281493054,0.0007130654442515823,9979,971519199.4773157,427485440497.43396,96323623,
1,0.0101741937,10000,100,ok_event_tree,event_tree,10000,101741999.99999999,87508815.99342443,14233184.006575154,0.0,0.0,14233184.006575154,0.0,14233184.006575154,0.0,0.0,0.0,0.0,0.0,2.3437399518140185,0.0007396354832172388,10000,2.365553325681484,0.0007459827309156963,9982,995676968.548855,449404407573.84894,98237109,
2,0.0102920053,10000,100,ok_event_tree,event_tree,10000,102920000.00000001,87931261.73123473,14988738.268764857,0.0,0.0,14988738.268764857,0.0,14988738.268764857,0.0,0.0,0.0,0.0,0.0,2.381322841957827,0.0007751833851712303,10000,2.4006435748094654,0.0007806161582544221,9969,995051958.2228029,436307863710.34906,98680769,
3,0.0104111811,10000,100,ok_event_tree,event_tree,10000,104111999.99999999,90979776.04065669,13132223.959342841,0.0,0.0,13132223.959342841,0.0,13132223.959342841,0.0,0.0,0.0,0.0,0.0,2.460814761930338,0.0008152837978791941,10000,2.476499250944491,0.000819339090080107,9986,1043394779.1300051,487481455248.2245,101979022,
4,0.0105317369,10000,100,ok_event_tree,event_tree,10000,105317000.0,90293397.70858763,15023602.291411912,0.0,0.0,15023602.291411912,0.0,15023602.291411912,0.0,0.0,0.0,0.0,0.0,2.4789617065473486,0.0008361385626198521,10000,2.4975602253701297,0.0008416824177091142,9985,1017637788.2926192,448819049611.81775,100993681,
5,0.0106536886,10000,100,ok_event_tree,event_tree,10000,106536999.99999999,91628350.52203122,14908649.477968285,0.0,0.0,14908649.477968285,0.0,14908649.477968285,0.0,0.0,0.0,0.0,0.0,2.4900902297188194,0.0008360819200908587,10000,2.5084536627993783,0.0008419153500180609,9985,1061380351.0739453,508386201704.806,102716075,
6,0.0107770525,10000,100,ok_event_tree,event_tree,10000,107771000.00000001,92952818.55870983,14818181.441289674,0.0,0.0,14818181.441289674,0.0,14818181.441289674,0.0,0.0,0.0,0.0,0.0,2.597647331158138,0.0009085698765394524,10000,2.613426665538834,0.0009130802106315009,9983,1062735146.3425826,491313226674.1464,104138872,
7,0.0109018449,10000,100,ok_event_tree,event_tree,10000,109018000.00000001,91733128.73185991,17284871.268139657,0.0,0.0,17284871.268139657,0.0,17284871.268139657,0.0,0.0,0.0,0.0,0.0,2.5350294008349485,0.0008885839566535074,10000,2.554820504073232,0.0008939278825800782,9977,1065215621.9574999,520265317210.5302,102984818,
8,0.0110280823,10000,100,ok_event_tree,event_tree,10000,110281000.00000001,95047706.05194871,15233293.948050769,0.0,0.0,15233293.948050769,0.0,15233293.948050769,0.0,0.0,0.0,0.0,0.0,2.7025182286473015,0.0009868424711701694,10000,2.7173480357476043,0.00099154034631111,9991,1077743240.9181607,489441111635.627,106325907,
9,0.0111557815,10000,100,ok_event_tree,event_tree,10000,111558000.00000001,95851436.1617604,15706563.838239092,0.0,0.0,15706563.838239092,0.0,15706563.838239092,0.0,0.0,0.0,0.0,0.0,2.710790177153863,0.000995548382751481,10000,2.728318984829171,0.0010000339743235114,9996,1115376557.6375034,549734419257.15674,107217371,
10,0.0112849594,10000,100,ok_event_tree,event_tree,10000,112850000.0,97090069.96135595,15759930.038643481,0.0,0.0,15759930.038643481,0.0,15759930.038643481,0.0,0.0,0.0,0.0,0.0,2.8162434559039045,0.0010590257527988635,10000,2.8301640662709566,0.0010630752290679008,9973,1129393609.793213,547712913406.1413,108716525,
11,0.011415633,10000,100,ok_event_tree,event_tree,10000,114156000.00000001,97014594.61228734,17141405.387712177,0.0,0.0,17141405.387712177,0.0,17141405.387712177,0.0,0.0,0.0,0.0,0.0,2.788221034723319,0.0010621440157707082,10000,2.803916863279242,0.001066952115688416,9975,1130006802.1028187,562833766093.8499,108608928,
12,0.0115478198,10000,100,ok_event_tree,event_tree,10000,115478000.00000001,99750035.90238172,15727964.097617744,0.0,0.0,15727964.097617744,0.0,15727964.097617744,0.0,0.0,0.0,0.0,0.0,2.962497309905865,0.001179087251596393,10000,2.9781716981006885,0.0011836762944868152,9980,1166879808.3015883,578758638778.7234,111665500,
13,0.0116815373,10000,100,ok_event_tree,event_tree,10000,116815000.0,100252173.43180399,16562826.568195459,0.0,0.0,16562826.568195459,0.0,16562826.568195459,0.0,0.0,0.0,0.0,0.0,2.9416801063178264,0.0011699785020463246,10000,2.9546164532459027,0.0011727381116638993,9980,1166014988.873671,582631589202.7028,112206678,
14,0.0118168031,10000,100,ok_event_tree,event_tree,10000,118168000.00000001,101870714.0714928,16297285.92850671,0.0,0.0,16297285.92850671,0.0,16297285.92850671,0.0,0.0,0.0,0.0,0.0,3.033676921277198,0.0012410864290581267,10000,3.051738867284237,0.0012469415786089547,9995,1225926213.4742672,680971342921.9973,114123501,
15,0.0119536353,10000,100,ok_event_tree,event_tree,10000,119536000.00000001,102414855.82941514,17121144.170584302,0.0,0.0,17121144.170584302,0.0,17121144.170584302,0.0,0.0,0.0,0.0,0.0,3.120019408855554,0.0013131128884749275,10000,3.13278483506909,0.0013164270130322495,9980,1203621564.6290596,599258641783.7694,114788112,
16,0.0120920518,10000,100,ok_event_tree,event_tree,10000,120921000.00000001,104364660.64290394,16556339.357095521,0.0,0.0,16556339.357095521,0.0,16556339.357095521,0.0,0.0,0.0,0.0,0.0,3.1290542274218627,0.0013215855203747148,10000,3.1451821551762955,0.0013262637404597548,9995,1230063032.390937,643185127085.8837,116567203,
17,0.0122320712,10000,100,ok_event_tree,event_tree,10000,122321000.00000001,104740953.40577291,17580046.59422654,0.0,0.0,17580046.59422654,0.0,17580046.59422654,0.0,0.0,0.0,0.0,0.0,3.1889317043915377,0.001379630483308556,10000,3.2053300169653833,0.0013834514015204369,9972,1251248789.5632532,666891239203.4465,117489165,
18,0.0123737119,10000,100,ok_event_tree,event_tree,10000,123736999.99999999,106291210.70262572,17445789.29737367,0.0,0.0,17445789.29737367,0.0,17445789.29737367,0.0,0.0,0.0,0.0,0.0,3.251465718033883,0.001430035914601092,10000,3.264131064904452,0.0014315075197788116,9999,1284186826.162964,720553660653.447,118843341,
19,0.0125169927,10000,100,ok_event_tree,event_tree,10000,125170000.00000001,106582764.9921943,18587235.007805154,0.0,0.0,18587235.007805154,0.0,18587235.007805154,0.0,0.0,0.0,0.0,0.0,3.271844278449725,0.001463918347466729,10000,3.2865438052142286,0.0014678034560980423,9979,1301469918.1662252,751103167951.767,119152421,
20,0.0126619327,10000,100,ok_event_tree,event_tree,10000,126618999.99999999,108257402.76774617,18361597.232253253,0.0,0.0,18361597.232253253,0.0,18361597.232253253,0.0,0.0,0.0,0.0,0.0,3.3897332812979455,0.001559239995882876,10000,3.4035266951697047,0.0015628206955490707,9977,1330895089.8094244,770920580736.198,121486222,
21,0.0128085509,10000,100,ok_event_tree,event_tree,10000,128086000.00000001,110615148.46088588,17470851.539113518,0.0,0.0,17470851.539113518,0.0,17470851.539113518,0.0,0.0,0.0,0.0,0.0,3.4979139699408965,0.0016550808167214743,10000,3.5093084391094878,0.0016568590852466469,9995,1339057377.2873113,749214978112.2601,123708946,
22,0.012956867,10000,100,ok_event_tree,event_tree,10000,129568999.99999999,111044515.03845514,18524484.96154423,0.0,0.0,18524484.96154423,0.0,18524484.96154423,0.0,0.0,0.0,0.0,0.0,3.558688078359832,0.0017098473270794506,10000,3.5679965529918074,0.001710001990257244,9971,1331705816.284834,736445316643.1542,123782701,
23,0.0131069004,10000,100,ok_event_tree,event_tree,10000,131068999.99999999,114140152.66830726,16928383.29278465,0.0,0.0,16928383.29278465,0.0,16928383.29278465,0.0,0.0,0.0,0.0,0.0,3.6623723597427067,0.0017707964446038796,10000,3.6729898655958526,0.0017723827488612016,9991,1380597596.8153002,755723764920.0042,127759680,
24,0.0132586712,10000,100,ok_event_tree,event_tree,10000,132587000.0,113525624.60018145,19061375.399817813,0.0,0.0,19061375.399817813,0.0,19061375.399817813,0.0,0.0,0.0,0.0,0.0,3.7053277603010457,0.0018500045800553958,10000,3.719420822641549,0.001854438638350001,9999,1381771681.0521,791996362218.0377,127069028,
25,0.0134121994,10000,100,ok_event_tree,event_tree,10000,134122000.0,114281769.72980414,19840230.270195246,0.0,0.0,19840230.270195246,0.0,19840230.270195246,0.0,0.0,0.0,0.0,0.0,3.800680682888961,0.001980521676462071,10000,3.811829246052099,0.0019813189578902234,9992,1388183397.1028907,774149993499.0535,127684260,
26,0.0135675053,10000,100,ok_event_tree,event_tree,10000,135675000.00000003,117107116.15682174,18567883.843177576,0.0,0.0,18567883.843177576,0.0,18567883.843177576,0.0,0.0,0.0,0.0,0.0,3.847227865760447,0.0019901769603020013,10000,3.859671105930549,0.001993031617882961,9993,1435191014.5960817,816181871637.0612,130901217,
27,0.0137246096,10000,100,ok_event_tree,event_tree,10000,137246000.00000003,117867286.81838068,19378713.181618534,0.0,0.0,19378713.181618534,0.0,19378713.181618534,0.0,0.0,0.0,0.0,0.0,3.939781272473035,0.002096408670113163,10000,3.9546854526170008,0.002100546869845676,9982,1469169117.247156,890749078937.4812,131596458,
28,0.0138835331,10000,100,ok_event_tree,event_tree,10000,138835000.0,120030662.4190347,18804337.580964666,0.0,0.0,18804337.580964666,0.0,18804337.580964666,0.0,0.0,0.0,0.0,0.0,4.0218510895061055,0.0021826943688067085,10000,4.033400084267115,0.002184230280524297,9961,1496203684.5317233,906977753887.039,134436571,
29,0.0140442968,10000,100,ok_event_tree,event_tree,10000,140443000.0,122146580.20457517,18296419.795424122,0.0,0.0,18296419.795424122,0.0,18296419.795424122,0.0,0.0,0.0,0.0,0.0,4.069761188469707,0.002218961686925771,10000,4.08314242809434,0.0022212859869604486,9993,1520303811.4537024,899122672885.6624,136505641,
30,0.0142069221,10000,100,ok_event_tree,event_tree,10000,142068999.99999997,121183201.99576172,20885798.004237603,0.0,0.0,20885798.004237603,0.0,20885798.004237603,0.0,0.0,0.0,0.0,0.0,4.184033184199007,0.0023619346231967277,10000,4.194666618373911,0.0023629637222008643,9999,1498490493.2445877,882815162387.3655,135375077,
31,0.0143714305,10000,100,ok_event_tree,event_tree,10000,143713999.99999997,121417583.48127274,22296416.518726543,0.0,0.0,22296416.518726543,0.0,22296416.518726543,0.0,0.0,0.0,0.0,0.0,4.146994396453452,0.002363667377155086,10000,4.154593282505168,0.0023599386986649226,9982,1508523326.7022536,912545285820.9182,135448158,
32,0.0145378439,10000,100,ok_event_tree,event_tree,10000,145378000.00000003,124805174.96888824,20572825.031110983,0.0,0.0,20572825.031110983,0.0,20572825.031110983,0.0,0.0,0.0,0.0,0.0,4.369847298950009,0.0025704507809296566,10000,4.378833419517027,0.002569445380347723,9985,1534412666.4490752,889570609840.2532,139473216,
33,0.0147061842,10000,100,ok_event_tree,event_tree,10000,147062000.0,127452282.6139815,19609717.38601772,0.0,0.0,19609717.38601772,0.0,19609717.38601772,0.0,0.0,0.0,0.0,0.0,4.507527023903234,0.0027045220408125703,10000,4.518342390260618,0.002703991940867509,9988,1586037517.6536758,939676170042.817,142686649,
34,0.0148764737,10000,100,ok_event_tree,event_tree,10000,148765000.00000003,128627102.48217039,20137874.644547723,0.0,0.0,20137874.644547723,0.0,20137874.644547723,0.0,0.0,0.0,0.0,0.0,4.544793812660287,0.0027825728641195733,10000,4.553642775275373,0.0027825146860962,9993,1618487215.3519688,1002409915864.568,143701654,
35,0.0150487352,10000,100,ok_event_tree,event_tree,10000,150487000.0,127750665.18268839,22736334.817310847,0.0,0.0,22736334.817310847,0.0,22736334.817310847,0.0,0.0,0.0,0.0,0.0,4.558268909116622,0.002816552921221061,10000,4.567298474889242,0.002815849636771834,9990,1588117529.0047758,982413343818.4143,142211420,
36,0.0152229913,10000,100,ok_event_tree,event_tree,10000,152230000.00000003,129555247.4622798,22674752.537719466,0.0,0.0,22674752.537719466,0.0,22674752.537719466,0.0,0.0,0.0,0.0,0.0,4.646893232644426,0.002945326646580287,10000,4.656406980326416,0.002943377685407764,9986,1643248299.6366372,1049264031917.6832,144490706,
37,0.0153992653,10000,100,ok_event_tree,event_tree,10000,153993000.0,132081656.70692597,21911343.29307325,0.0,0.0,21911343.29307325,0.0,21911343.29307325,0.0,0.0,0.0,0.0,0.0,4.840525651288873,0.003158245597525249,10000,4.84740033161967,0.003153870848862113,9995,1619124058.294214,916098947659.1053,147355529,
38,0.0155775803,10000,100,ok_event_tree,event_tree,10000,155776000.00000003,134524547.20332733,21251452.796671897,0.0,0.0,21251452.796671897,0.0,21251452.796671897,0.0,0.0,0.0,0.0,0.0,4.981118138768347,0.003338981927664042,10000,4.9889507572914855,0.0033358623253681155,10000,1694586578.025826,1047410097267.4625,150410844,
39,0.0157579602,10000,100,ok_event_tree,event_tree,10000,157580000.00000003,134653554.78867495,22926445.211324297,0.0,0.0,22926445.211324297,0.0,22926445.211324297,0.0,0.0,0.0,0.0,0.0,5.027760359062626,0.0034106065942079837,10000,5.033238075425043,0.0034048365273840506,9985,1713736564.6101208,1116602138108.8403,150051757,
40,0.0159404288,10000,100,ok_event_tree,event_tree,10000,159403999.99999997,137726369.2574562,21677630.742543038,0.0,0.0,21677630.742543038,0.0,21677630.742543038,0.0,0.0,0.0,0.0,0.0,5.167030078453024,0.003567362810712577,10000,5.17406645177425,0.003564395561449994,9989,1736806400.2641287,1055554107586.5021,153942840,
41,0.0161250103,10000,100,ok_event_tree,event_tree,10000,161250000.00000003,137895130.13687164,23354869.863127448,0.0,0.0,23354869.863127448,0.0,23354869.863127448,0.0,0.0,0.0,0.0,0.0,5.112635900184738,0.0035442602325987268,10000,5.1179848485899555,0.003540315379841155,9989,1767424621.1706424,1133306533093.4497,153938930,
42,0.0163117291,10000,100,ok_event_tree,event_tree,10000,163117000.0,140064224.58792812,23052775.41207101,0.0,0.0,23052775.41207101,0.0,23052775.41207101,0.0,0.0,0.0,0.0,0.0,5.324374276731638,0.0038157899515554195,10000,5.333953598803489,0.0038135502222552673,9998,1800573346.5055442,1187056525465.3477,156096519,
43,0.01650061,10000,100,ok_event_tree,event_tree,10000,165006000.00000003,141960725.92936274,23045274.070636217,0.0,0.0,23045274.070636217,0.0,23045274.070636217,0.0,0.0,0.0,0.0,0.0,5.558882484559006,0.00412718086616162,10000,5.56120517551744,0.00411652761126577,9980,1797647045.3351128,1122517737395.9883,158554207,
44,0.0166916781,10000,100,ok_event_tree,event_tree,10000,166917000.00000003,144174444.28792045,22742555.712078694,0.0,0.0,22742555.712078694,0.0,22742555.712078694,0.0,0.0,0.0,0.0,0.0,5.511873718756049,0.004050849992509669,10000,5.517515205208856,0.004045445219511638,9996,1852319813.171635,1204517195028.6536,161073101,
45,0.0168849586,10000,100,ok_event_tree,event_tree,10000,168850000.0,144487185.10883564,24362814.89116339,0.0,0.0,24362814.89116339,0.0,24362814.89116339,0.0,0.0,0.0,0.0,0.0,5.603482640069952,0.004198781033395998,10000,5.609227663388733,0.004192552529637414,9994,1854650631.9455688,1164501157489.6924,161187837,
46,0.0170804772,10000,100,ok_event_tree,event_tree,10000,170805000.00000003,146822532.35122272,23982467.64877637,0.0,0.0,23982467.64877637,0.0,23982467.64877637,0.0,0.0,0.0,0.0,0.0,5.707842788570488,0.004383472819019103,10000,5.710678128279154,0.004375157088459052,9990,1878904570.0425074,1161945377616.9758,163557700,
47,0.0172782598,10000,100,ok_event_tree,event_tree,10000,172783000.0,147595613.4813775,25187386.51862161,0.0,0.0,25187386.51862161,0.0,25187386.51862161,0.0,0.0,0.0,0.0,0.0,5.855853377882749,0.0046469188809292105,10000,5.857983194675998,0.0046386755270321715,9982,1863401033.481533,1147829992049.1821,164644421,
48,0.0174783326,10000,100,ok_event_tree,event_tree,10000,174783000.0,150216952.23093268,24566047.769066416,0.0,0.0,24566047.769066416,0.0,24566047.769066416,0.0,0.0,0.0,0.0,0.0,6.024876125127368,0.0048886895583712476,10000,6.029272207480761,0.004880842935831199,9993,1964513103.684095,1319284749721.6711,167771241,
49,0.0176807222,10000,100,ok_event_tree,event_tree,10000,176807000.00000003,151038046.0343822,25768953.965616755,0.0,0.0,25768953.965616755,0.0,25768953.965616755,0.0,0.0,0.0,0.0,0.0,5.9737550591406094,0.004829477578916154,10000,5.9737602650576225,0.004815933868181836,9994,1978101980.8725662,1348342347204.704,168397142,
50,0.0178854553,10000,100,ok_event_tree,event_tree,10000,178855000.00000003,154615797.69306186,24239202.30693707,0.0,0.0,24239202.30693707,0.0,24239202.30693707,0.0,0.0,0.0,0.0,0.0,6.325644024078605,0.005353183061843558,10000,6.3229149007377465,0.005334911620788837,9991,1965804517.846135,1195664622457.6582,172390367,
51,0.0180925591,10000,100,ok_event_tree,event_tree,10000,180926000.00000003,154824013.3219264,26101986.67807251,0.0,0.0,26101986.67807251,0.0,26101986.67807251,0.0,0.0,0.0,0.0,0.0,6.378454854415846,0.005464150814686385,10000,6.379438818459566,0.0054503880263788804,9992,2018682258.1379814,1348770138402.792,172963862,
52,0.0183020611,10000,100,ok_event_tree,event_tree,10000,183021000.00000003,158175690.99792868,24845309.00207024,0.0,0.0,24845309.00207024,0.0,24845309.00207024,0.0,0.0,0.0,0.0,0.0,6.512220986750072,0.005720432432645371,10000,6.512613276181399,0.005707230113362823,9997,2039701430.5082753,1332006323681.739,176005024,
53,0.0185139889,10000,100,ok_event_tree,event_tree,10000,185140000.0,160127637.01818222,25012362.98181659,0.0,0.0,25012362.98181659,0.0,25012362.98181659,0.0,0.0,0.0,0.0,0.0,6.752185403267702,0.006056967600811853,10000,6.7472093537323925,0.006035223107790516,9992,2052435578.444528,1309718190624.6216,178448445,
54,0.0187283708,10000,100,ok_event_tree,event_tree,10000,187283999.99999997,161682673.3412566,25601326.658742156,0.0,0.0,25601326.658742156,0.0,25601326.658742156,0.0,0.0,0.0,0.0,0.0,6.897189980732326,0.006330481548277012,10000,6.894687094254388,0.00631062898700741,9995,2121100396.6060193,1428433588329.5852,180280523,
55,0.0189452351,10000,100,ok_event_tree,event_tree,10000,189452000.00000003,164470216.51048565,24981783.489513177,0.0,0.0,24981783.489513177,0.0,24981783.489513177,0.0,0.0,0.0,0.0,0.0,7.043448673596406,0.006554183214566891,10000,7.03847335854626,0.006530823442987622,9993,2151101648.364841,1484912521413.5146,183288997,
56,0.0191646106,10000,100,ok_event_tree,event_tree,10000,191646000.00000003,165112434.29493865,26533565.70506018,0.0,0.0,26533565.70506018,0.0,26533565.70506018,0.0,0.0,0.0,0.0,0.0,7.029009758062853,0.006641527488223422,10000,7.029754763294584,0.006626002983112309,9984,2153242533.8609858,1452692840752.8218,183526357,
57,0.0193865264,10000,100,ok_event_tree,event_tree,10000,193865000.00000003,164912975.19687107,28952024.80312773,0.0,0.0,28952024.80312773,0.0,28952024.80312773,0.0,0.0,0.0,0.0,0.0,7.196976731316818,0.007021073911759541,10000,7.195444121863279,0.006999610069231533,9993,2126871950.7617025,1403571508903.9026,183638897,
58,0.0196110118,10000,100,ok_event_tree,event_tree,10000,196110000.0,167234210.47085163,28875789.529146995,0.0,0.0,28875789.529146995,0.0,28875789.529146995,0.0,0.0,0.0,0.0,0.0,7.206298220849395,0.007011455736476212,10000,7.204647027745573,0.006991569829189881,9997,2183700804.5324736,1485416917414.5916,186332071,
59,0.0198380966,10000,100,ok_event_tree,event_tree,10000,198381000.00000003,170343645.85257867,28037354.147420134,0.0,0.0,28037354.147420134,0.0,28037354.147420134,0.0,0.0,0.0,0.0,0.0,7.4960566443357575,0.0075529219140968,10000,7.497626435727924,0.007537610449984955,9993,2279404324.3856544,1612388944687.087,189841510,
60,0.0200678109,10000,100,ok_event_tree,event_tree,10000,200678000.0,173142784.1086792,27535215.89131957,0.0,0.0,27535215.89131957,0.0,27535215.89131957,0.0,0.0,0.0,0.0,0.0,7.66940891478028,0.00775543925212652,10000,7.6669971735882125,0.007733235776318202,9996,2272045963.361194,1550090887205.137,192443967,
61,0.0203001852,10000,100,ok_event_tree,event_tree,10000,203002000.00000003,173465723.23822302,29536276.761775594,0.0,0.0,29536276.761775594,0.0,29536276.761775594,0.0,0.0,0.0,0.0,0.0,7.7164934368433515,0.008076981190681403,10000,7.714461372435729,0.008055360394651412,9992,2282880811.119246,1670040422293.6516,193161093,
62,0.0205352503,10000,100,ok_event_tree,event_tree,10000,205352999.99999997,173908474.07133767,31444525.92866075,0.0,0.0,31444525.92866075,0.0,31444525.92866075,0.0,0.0,0.0,0.0,0.0,7.941720425369451,0.008534640384162238,10000,7.939961103672814,0.008507889413985966,9979,2338275375.700044,1794243347363.1326,193697958,
63,0.0207730373,10000,100,ok_event_tree,event_tree,10000,207730000.0,177557229.34946048,30172770.650538113,0.0,0.0,30172770.650538113,0.0,30172770.650538113,0.0,0.0,0.0,0.0,0.0,8.12451106238233,0.008939498537121863,10000,8.12037250731562,0.008911161902700209,9994,2331854654.6168947,1673419208248.0684,197704473,
64,0.0210135777,10000,100,ok_event_tree,event_tree,10000,210136000.00000003,180432349.66385716,29703650.336141557,0.0,0.0,29703650.336141557,0.0,29703650.336141557,0.0,0.0,0.0,0.0,0.0,8.293908324496096,0.009217778993402837,10000,8.291695482558577,0.009188308243003422,9981,2449762786.0970016,1952327885689.6025,200570475,
65,0.0212569035,10000,100,ok_event_tree,event_tree,10000,212568999.99999997,181888790.39822167,30680209.601776898,0.0,0.0,30680209.601776898,0.0,30680209.601776898,0.0,0.0,0.0,0.0,0.0,8.455805974399714,0.009613032678213332,10000,8.448194196364819,0.009577637987448295,9972,2453961240.6385145,1948314654819.9446,202314523,
66,0.0215030468,10000,100,ok_event_tree,event_tree,10000,215030000.00000003,184574838.88047123,30455161.119527444,0.0,0.0,30455161.119527444,0.0,30455161.119527444,0.0,0.0,0.0,0.0,0.0,8.601547589595125,0.009889373092711248,10000,8.601192258347757,0.009865277234333648,9990,2569161337.945494,2233069388902.0903,205520196,
67,0.0217520403,10000,100,ok_event_tree,event_tree,10000,217520000.0,189813700.27056494,27706299.729433477,0.0,0.0,27706299.729433477,0.0,27706299.729433477,0.0,0.0,0.0,0.0,0.0,8.981750988044304,0.010643553937583074,10000,8.973934901680206,0.01060007862767986,9991,2584126683.762216,2065520713368.9404,211558622,
68,0.0220039171,10000,100,ok_event_tree,event_tree,10000,220038999.99999997,187173667.97216392,32865332.027834594,0.0,0.0,32865332.027834594,0.0,32865332.027834594,0.0,0.0,0.0,0.0,0.0,8.933162837419228,0.010762681420136607,10000,8.924323245096971,0.010724787335652552,9991,2628384674.599738,2326749008968.214,207780684,
69,0.0222587104,10000,100,ok_event_tree,event_tree,10000,222587000.00000003,191045499.05376378,31541500.946234837,0.0,0.0,31541500.946234837,0.0,31541500.946234837,0.0,0.0,0.0,0.0,0.0,9.048622723654805,0.01106326856919877,10000,9.04822443277734,0.011028457792684817,9998,2707628492.4747286,2628937265152.736,212378448,
70,0.0225164542,10000,100,ok_event_tree,event_tree,10000,225165000.00000003,193381283.77086163,31783679.608106293,0.0,0.0,31783679.608106293,0.0,31783679.608106293,0.0,0.0,0.0,0.0,0.0,9.325606986858114,0.011735764483965284,10000,9.321446563580487,0.011699030330071821,9986,2681077497.5730715,2428230903620.338,214905132,
71,0.0227771824,10000,100,ok_event_tree,event_tree,10000,227772000.00000003,196515934.53511304,31256065.464885022,0.0,0.0,31256065.464885022,0.0,31256065.464885022,0.0,0.0,0.0,0.0,0.0,9.652414754876768,0.012482957992187429,10000,9.64589108031904,0.01244528719731129,9995,2800160751.47302,2679906152652.2495,218913516,
72,0.0230409298,10000,100,ok_event_tree,event_tree,10000,230408999.99999997,197156888.37795922,33252111.622039262,0.0,0.0,33252111.622039262,0.0,33252111.622039262,0.0,0.0,0.0,0.0,0.0,9.60661385819782,0.012424563929916192,10000,9.597861041457701,0.012377248557634883,9991,2800336029.0265603,2584975022735.3604,219404787,
73,0.0233077312,10000,100,ok_event_tree,event_tree,10000,233077000.00000003,202060258.91693103,31016741.083067335,0.0,0.0,31016741.083067335,0.0,31016741.083067335,0.0,0.0,0.0,0.0,0.0,10.057809745247054,0.013375603334795873,10000,10.048635913503,0.01332955026963921,9991,2844054250.885042,2585957702324.0293,224678055,
74,0.023577622,10000,100,ok_event_tree,event_tree,10000,235776000.00000003,202520076.92236933,33255923.077628862,0.0,0.0,33255923.077628862,0.0,33255923.077628862,0.0,0.0,0.0,0.0,0.0,10.011714774560469,0.013519196062197493,10000,10.013394039908096,0.013473989806419106,9992,2983267054.404635,3262198187043.856,225116214,
75,0.023850638,10000,100,ok_event_tree,event_tree,10000,238506000.00000003,205924276.37739894,32581723.622599334,0.0,0.0,32581723.622599334,0.0,32581723.622599334,0.0,0.0,0.0,0.0,0.0,10.299191327993825,0.014154498318774604,10000,10.289523887000254,0.014099268562701295,9996,2953622740.2210755,2783159005810.954,229248088,
76,0.0241268153,10000,100,ok_event_tree,event_tree,10000,241267999.99999997,209481423.56820062,31786576.43179751,0.0,0.0,31786576.43179751,0.0,31786576.43179751,0.0,0.0,0.0,0.0,0.0,10.68211373602687,0.015122533514096426,10000,10.674123616612851,0.015071067071544767,9989,3002902889.956284,3007093226263.5747,232670351,
77,0.0244061907,10000,100,ok_event_tree,event_tree,10000,244062000.00000003,210762791.69185868,33299208.30813941,0.0,0.0,33299208.30813941,0.0,33299208.30813941,0.0,0.0,0.0,0.0,0.0,10.85864973494773,0.015724758305348675,10000,10.849162509134047,0.015666935603731405,9991,3104119143.976256,3429329639421.614,234591314,
78,0.024688801,10000,100,ok_event_tree,event_tree,10000,246887999.99999997,213609582.22739205,33278417.772606064,0.0,0.0,33278417.772606064,0.0,33278417.772606064,0.0,0.0,0.0,0.0,0.0,10.906233730455044,0.01586600715365459,10000,10.900514136319961,0.015812496751809832,9991,3096497203.4127502,3067128505372.6465,237206979,
79,0.0249746839,10000,100,ok_event_tree,event_tree,10000,249747000.00000003,215704438.90923607,34042561.09076183,0.0,0.0,34042561.09076183,0.0,34042561.09076183,0.0,0.0,0.0,0.0,0.0,11.168413115462654,0.01666918953357541,10000,11.160993737637101,0.01660374246212299,9990,3205642301.139319,3463703258914.798,240194862,
80,0.0252638771,10000,100,ok_event_tree,event_tree,10000,252638999.99999997,215819679.35774425,36819320.64225394,0.0,0.0,36819320.64225394,0.0,36819320.64225394,0.0,0.0,0.0,0.0,0.0,11.261607682050672,0.017087721276555095,10000,11.252429137130724,0.017025895579957758,9991,3116472390.872668,3128494091613.5664,239639166,
81,0.025556419,10000,100,ok_event_tree,event_tree,10000,255563999.99999997,219590505.0238255,35973494.97617253,0.0,0.0,35973494.97617253,0.0,35973494.97617253,0.0,0.0,0.0,0.0,0.0,11.688605376635474,0.018251729695054873,10000,11.679535399395322,0.018187174058849457,9997,3212623527.431332,3328695824762.467,243996330,
82,0.0258523484,10000,100,ok_event_tree,event_tree,10000,258522999.99999997,226881152.38941246,31641847.61058554,0.0,0.0,31641847.61058554,0.0,31641847.61058554,0.0,0.0,0.0,0.0,0.0,12.082028318714165,0.019131887331627205,10000,12.069933507983324,0.019064052590240833,9998,3404499292.0337825,3789320273692.4785,252261363,
83,0.0261517045,10000,100,ok_event_tree,event_tree,10000,261517000.00000003,224755804.8258508,36761195.17414702,0.0,0.0,36761195.17414702,0.0,36761195.17414702,0.0,0.0,0.0,0.0,0.0,12.200444903760644,0.019939073229386785,10000,12.191092653667623,0.019874972991693645,9982,3296908976.000066,3467290591605.011,249366639,
84,0.0264545269,10000,100,ok_event_tree,event_tree,10000,264545000.0,229845588.86284363,34699411.13715426,0.0,0.0,34699411.13715426,0.0,34699411.13715426,0.0,0.0,0.0,0.0,0.0,12.487466213450931,0.020608228604546575,10000,12.47559902818496,0.0205335763598607,9992,3456235950.37732,3959153626030.314,254986753,
85,0.0267608559,10000,100,ok_event_tree,event_tree,10000,267609000.0,230246148.7880757,37362851.211922094,0.0,0.0,37362851.211922094,0.0,37362851.211922094,0.0,0.0,0.0,0.0,0.0,12.581605352803065,0.021224840374207188,10000,12.571514591240822,0.02115875816475038,9996,3429772494.6478767,3801724775102.9062,255747506,
86,0.027070732,10000,100,ok_event_tree,event_tree,10000,270707000.00000006,234040077.31750655,36666922.68249129,0.0,0.0,36666922.68249129,0.0,36666922.68249129,0.0,0.0,0.0,0.0,0.0,12.884921258369609,0.022226369227852663,10000,12.869845254508647,0.02214044859496549,9989,3542591979.739571,4058875052528.4673,259313434,
87,0.0273841963,10000,100,ok_event_tree,event_tree,10000,273842000.00000006,236904326.94996068,36937673.05003694,0.0,0.0,36937673.05003694,0.0,36937673.05003694,0.0,0.0,0.0,0.0,0.0,13.282715227384582,0.02359252132933695,10000,13.266893359636413,0.023502559331133613,9994,3514683521.461707,3755946981132.3267,263006973,
88,0.0277012904,10000,100,ok_event_tree,event_tree,10000,277012999.99999994,239678690.00384092,37334309.996156976,0.0,0.0,37334309.996156976,0.0,37334309.996156976,0.0,0.0,0.0,0.0,0.0,13.49117140394214,0.024259219257536248,10000,13.477982906063835,0.02416978970110632,9991,3633713115.394437,4154611575232.167,266273098,
89,0.0280220562,10000,100,ok_event_tree,event_tree,10000,280221000.0,241021784.08334726,39199215.91665052,0.0,0.0,39199215.91665052,0.0,39199215.91665052,0.0,0.0,0.0,0.0,0.0,13.617830855582195,0.024819312907302684,10000,13.602494192493838,0.02472011261146411,9992,3611131791.1282187,4049837086387.059,267171049,
90,0.0283465363,10000,100,ok_event_tree,event_tree,10000,283465000.0,245472861.2888305,37992138.711167075,0.0,0.0,37992138.711167075,0.0,37992138.711167075,0.0,0.0,0.0,0.0,0.0,14.099709363039308,0.0263949023575148,10000,14.081281491747427,0.02628934468201205,9995,3747943578.9857883,4421790105557.085,272187365,
91,0.0286747738,10000,100,ok_event_tree,event_tree,10000,286747999.99999994,247514344.8856275,39233655.11437016,0.0,0.0,39233655.11437016,0.0,39233655.11437016,0.0,0.0,0.0,0.0,0.0,14.276940598899081,0.027290586825292756,10000,14.264911055468405,0.027184503031368545,9989,3818263427.5928216,4721308268651.172,275189783,
92,0.029006812,10000,100,ok_event_tree,event_tree,10000,290067999.99999994,250172193.6881445,39895806.31185274,0.0,0.0,39895806.31185274,0.0,39895806.31185274,0.0,0.0,0.0,0.0,0.0,14.608165590380052,0.02853850182488189,10000,14.589006473052923,0.028425859752745367,9988,3821512338.739996,4442726045515.2,277539267,
93,0.029342695,10000,100,ok_event_tree,event_tree,10000,293427000.00000006,255131501.39950433,38295498.60049338,0.0,0.0,38295498.60049338,0.0,38295498.60049338,0.0,0.0,0.0,0.0,0.0,15.105418372591915,0.030429923537462312,10000,15.087644432731343,0.030317403923301404,9990,3883154710.475076,4469621592427.319,282730143,
94,0.0296824674,10000,100,ok_event_tree,event_tree,10000,296825000.00000006,256432495.8436182,40392504.15637922,0.0,0.0,40392504.15637922,0.0,40392504.15637922,0.0,0.0,0.0,0.0,0.0,15.236605018022233,0.03087580581621195,10000,15.220379723906248,0.030761662802829885,9993,3997369152.2625937,4809114248275.765,284700667,
95,0.0300261742,10000,100,ok_event_tree,event_tree,10000,300262000.00000006,254181468.30339924,46080531.69659802,0.0,0.0,46080531.69659802,0.0,46080531.69659802,0.0,0.0,0.0,0.0,0.0,15.329165506563129,0.03171267326270343,10000,15.314942685893682,0.031606029466977374,9989,3958951291.7104893,4905128754254.338,281786436,
96,0.0303738609,10000,100,ok_event_tree,event_tree,10000,303739000.0,263675695.42872736,40063304.571270086,0.0,0.0,40063304.571270086,0.0,40063304.571270086,0.0,0.0,0.0,0.0,0.0,15.883421564762113,0.033585205628798014,10000,15.865477858166528,0.033466151657422574,9987,4071723308.169851,4926079193210.094,292824947,
97,0.0307255737,10000,100,ok_event_tree,event_tree,10000,307256000.0,263828495.32576886,43427504.67422839,0.0,0.0,43427504.67422839,0.0,43427504.67422839,0.0,0.0,0.0,0.0,0.0,16.052944570761696,0.03469964873759152,10000,16.03257112477499,0.0345624613757111,9992,4141094049.0605946,5378916813089.885,292713233,
98,0.031081359,10000,100,ok_event_tree,event_tree,10000,310814000.0,265070212.40180415,45743787.59819294,0.0,0.0,45743787.59819294,0.0,45743787.59819294,0.0,0.0,0.0,0.0,0.0,16.43811396407426,0.03635863758773361,10000,16.42298072445323,0.03623629669736436,9994,4208962042.142706,5659551988742.592,294320873,
99,0.0314412642,10000,100,ok_event_tree,event_tree,10000,314412999.99999994,272950510.44230366,41462489.55769373,0.0,0.0,41462489.55769373,0.0,41462489.55769373,0.0,0.0,0.0,0.0,0.0,17.066075782424214,0.03856805875565275,10000,17.045510605539373,0.03841902263478203,9997,4283802726.456911,5525671164808.125,303021399,
100,0.0318053369,10000,100,ok_event_tree,event_tree,10000,318052999.99999994,274831867.654407,43221132.3455906,0.0,0.0,43221132.3455906,0.0,43221132.3455906,0.0,0.0,0.0,0.0,0.0,17.05525655547672,0.03871607123987531,10000,17.03940367120779,0.03858315171028905,9996,4363434392.057015,5882528182732.358,304748472,
101,0.0321736253,10000,100,ok_event_tree,event_tree,10000,321736000.0,279292785.54233426,42443214.457663834,0.0,0.0,42443214.457663834,0.0,42443214.457663834,0.0,0.0,0.0,0.0,0.0,17.82824986665153,0.04196091120935073,10000,17.81193459566793,0.041815542146596565,9995,4496056667.775487,6517999500746.546,309496709,
102,0.0325461783,10000,100,ok_event_tree,event_tree,10000,325462000.00000006,283501217.6511533,41960782.3488447,0.0,0.0,41960782.3488447,0.0,41960782.3488447,0.0,0.0,0.0,0.0,0.0,17.916877463590726,0.042485697814905535,10000,17.902347448689536,0.04233685059843441,9998,4596186111.690415,6656625197205.768,313797974,
103,0.0329230453,10000,100,ok_event_tree,event_tree,10000,329230000.0,283268835.19087833,45961164.809120275,0.0,0.0,45961164.809120275,0.0,45961164.809120275,0.0,0.0,0.0,0.0,0.0,17.945865261982345,0.043032450525590134,10000,17.92818180151582,0.04288751171719303,9998,4602898015.7400055,6840734667500.396,314127722,
104,0.0333042762,10000,100,ok_event_tree,event_tree,10000,333042999.99999994,286673804.6886118,46369195.3113869,0.0,0.0,46369195.3113869,0.0,46369195.3113869,0.0,0.0,0.0,0.0,0.0,18.51724409972244,0.04608179205903564,10000,18.50384868161334,0.04594568127231845,10000,4675443183.376142,6761585475038.119,317719884,
105,0.0336899216,10000,100,ok_event_tree,event_tree,10000,336899000.00000006,290451823.85035616,46447176.149642736,0.0,0.0,46447176.149642736,0.0,46447176.149642736,0.0,0.0,0.0,0.0,0.0,18.934489019969458,0.04779260035230483,10000,18.91694079078979,0.04762632585376799,9997,4860764044.337283,7981551877412.758,321747687,
106,0.0340800325,10000,100,ok_event_tree,event_tree,10000,340800000.0,292719845.58491623,48080154.41508316,0.0,0.0,48080154.41508316,0.0,48080154.41508316,0.0,0.0,0.0,0.0,0.0,19.160551622787537,0.04936805917749043,10000,19.137924299460003,0.04918849226706815,9990,4935167494.913885,8268892146359.466,324516480,
107,0.0344746607,10000,100,ok_event_tree,event_tree,10000,344747000.00000006,296787136.88555485,47959863.11444458,0.0,0.0,47959863.11444458,0.0,47959863.11444458,0.0,0.0,0.0,0.0,0.0,19.524942385842486,0.05102481802536174,10000,19.507242764854805,0.050862580014467654,9997,4928848351.775685,7774090569326.402,328773906,
108,0.0348738584,10000,100,ok_event_tree,event_tree,10000,348739000.00000006,301203868.5583188,47535131.441681035,0.0,0.0,47535131.441681035,0.0,47535131.441681035,0.0,0.0,0.0,0.0,0.0,20.22102864368846,0.054482868100993946,10000,20.20287733209103,0.05429135341135108,9998,5100902600.459377,8465708162086.2,333570984,
109,0.0352776787,10000,100,ok_event_tree,event_tree,10000,352777000.00000006,306940829.3958354,45836170.60416485,0.0,0.0,45836170.60416485,0.0,45836170.60416485,0.0,0.0,0.0,0.0,0.0,20.351070124648448,0.054990230933128006,10000,20.336725401459034,0.054816777044567104,9999,5176639927.8179245,8158521015289.835,340221071,
110,0.0356861749,10000,100,ok_event_tree,event_tree,10000,356862000.00000006,307642667.34791493,49219332.65208562,0.0,0.0,49219332.65208562,0.0,49219332.65208562,0.0,0.0,0.0,0.0,0.0,20.88038340475779,0.05805484150188245,10000,20.869163931919964,0.05789300195560907,9998,5376185861.2725315,9502313067830.582,340883792,
111,0.0360994014,10000,100,ok_event_tree,event_tree,10000,360994000.00000006,311769880.0739627,49224119.92603848,0.0,0.0,49224119.92603848,0.0,49224119.92603848,0.0,0.0,0.0,0.0,0.0,21.36061980377098,0.060439836184986356,10000,21.334122449981898,0.06021833146245886,10000,5291349615.030709,8715060036303.834,345529611,
112,0.0365174127,10000,100,ok_event_tree,event_tree,10000,365174000.00000006,310905475.69782966,54268524.302171394,0.0,0.0,54268524.302171394,0.0,54268524.302171394,0.0,0.0,0.0,0.0,0.0,21.16415174886527,0.060714065080949904,10000,21.146603002411076,0.06052773545974243,9996,5228573946.86845,8459496401748.352,344167078,
113,0.0369402644,10000,100,ok_event_tree,event_tree,10000,369402999.99999994,321950168.51164466,47452831.488356985,0.0,0.0,47452831.488356985,0.0,47452831.488356985,0.0,0.0,0.0,0.0,0.0,22.301127705426172,0.06620326293365511,10000,22.28028192231539,0.06597698049805031,9991,5519490803.08555,9168261672647.486,356573111,
114,0.0373680125,10000,100,ok_event_tree,event_tree,10000,373680000.00000006,319741723.6404859,53938276.35951639,0.0,0.0,53938276.35951639,0.0,53938276.35951639,0.0,0.0,0.0,0.0,0.0,22.04474043501045,0.06617078229423477,10000,22.020693252673897,0.06593680741351178,9996,5530245766.811566,9617963366625.07,353842179,
115,0.0378007137,10000,100,ok_event_tree,event_tree,10000,378007000.00000006,326709592.8613508,51297407.13865139,0.0,0.0,51297407.13865139,0.0,51297407.13865139,0.0,0.0,0.0,0.0,0.0,23.44507929459201,0.07354662703737803,10000,23.413459218309995,0.0732793089159426,10000,5729376813.996208,10246696784410.947,361872826,
116,0.0382384254,10000,100,ok_event_tree,event_tree,10000,382384000.00000006,326270666.09617513,56113333.903827645,0.0,0.0,56113333.903827645,0.0,56113333.903827645,0.0,0.0,0.0,0.0,0.0,23.20243724739776,0.07291375575059732,10000,23.178202868313306,0.0726686544669161,9997,5695298934.371642,10041754231824.035,361334686,
117,0.0386812055,10000,100,ok_event_tree,event_tree,10000,386812000.00000006,336197401.4335667,50614598.566436194,0.0,0.0,50614598.566436194,0.0,50614598.566436194,0.0,0.0,0.0,0.0,0.0,24.51968649760186,0.07983440360056109,10000,24.49369843138233,0.07956325030048368,9991,5858841956.54004,10675387077095.172,371891459,
118,0.0391291127,10000,100,ok_event_tree,event_tree,10000,391290999.99999994,337363174.5697413,53927825.43026227,0.0,0.0,53927825.43026227,0.0,53927825.43026227,0.0,0.0,0.0,0.0,0.0,24.65297046717786,0.0811739779018696,10000,24.630713301966985,0.08091504627812104,9993,5946018968.85043,10973164274642.041,373571165,
119,0.0395822065,10000,100,ok_event_tree,event_tree,10000,395822000.00000006,340263564.4183394,55558435.581664465,0.0,0.0,55558435.581664465,0.0,55558435.581664465,0.0,0.0,0.0,0.0,0.0,25.255621181806795,0.08545002659704479,10000,25.234217549139988,0.08518496848204318,9992,5986570697.268546,11136411721215.893,376127848,
120,0.0400405468,10000,100,ok_event_tree,event_tree,10000,400405000.0,346277110.36835533,54127889.63164876,0.0,0.0,54127889.63164876,0.0,54127889.63164876,0.0,0.0,0.0,0.0,0.0,25.686891468013584,0.08777374443611725,10000,25.66094342045162,0.08749599805770356,9995,6267364452.510576,12424513442018.467,383547922,
121,0.0405041945,10000,100,ok_event_tree,event_tree,10000,405042000.00000006,349384416.4614513,55657583.53855297,0.0,0.0,55657583.53855297,0.0,55657583.53855297,0.0,0.0,0.0,0.0,0.0,26.44585875572183,0.09280829183143459,10000,26.431916066266773,0.09252536728824323,9993,6392372755.934687,12943067265076.684,386736273,
122,0.040973211,10000,100,ok_event_tree,event_tree,10000,409732000.00000006,350759515.02945924,58972484.97054577,0.0,0.0,58972484.97054577,0.0,58972484.97054577,0.0,0.0,0.0,0.0,0.0,25.88935478035366,0.09004251271531448,10000,25.85879672627224,0.08972398680008056,9994,6333120854.912957,12141870548875.217,388595756,
123,0.0414476584,10000,100,ok_event_tree,event_tree,10000,414477000.00000006,360848235.06768626,53628764.932318985,0.0,0.0,53628764.932318985,0.0,53628764.932318985,0.0,0.0,0.0,0.0,0.0,27.78185395712758,0.10159624451460693,10000,27.75188818800836,0.10124995478912857,9993,6265385287.729683,11435937655418.969,399095054,
124,0.0419275997,10000,100,ok_event_tree,event_tree,10000,419276000.0,362014420.422636,57261579.577369064,0.0,0.0,57261579.577369064,0.0,57261579.577369064,0.0,0.0,0.0,0.0,0.0,27.589699173263025,0.1016681919496787,10000,27.57143976853077,0.10136977613904113,9999,6597996561.741197,13566839944552.795,400693966,
125,0.0424130984,10000,100,ok_event_tree,event_tree,10000,424130999.99999994,367914086.5888654,56216913.41114056,0.0,0.0,56216913.41114056,0.0,56216913.41114056,0.0,0.0,0.0,0.0,0.0,28.392769865468033,0.10682697012857734,10000,28.368942537576896,0.1064850630575481,9992,6797682618.862825,13971927005938.467,406893057,
126,0.0429042189,10000,100,ok_event_tree,event_tree,10000,429042000.00000006,370621507.0740128,58420492.925993875,0.0,0.0,58420492.925993875,0.0,58420492.925993875,0.0,0.0,0.0,0.0,0.0,29.22214126403624,0.11355875740492546,10000,29.188513000045482,0.11319209749552853,9996,6733226835.294252,13528988730782.99,409926503,
127,0.0434010264,10000,100,ok_event_tree,event_tree,10000,434010000.00000006,375785615.6712161,58224384.32879096,0.0,0.0,58224384.32879096,0.0,58224384.32879096,0.0,0.0,0.0,0.0,0.0,29.418195591131443,0.11441671528617878,10000,29.381533380699583,0.11402519774682097,9994,6930138714.971066,14025432798682.64,416081574,
128,0.0439035866,10000,1000,ok_event_tree,event_tree,18460,810460456.0,697036967.4229478,113423488.57706353,0.0,0.0,113423488.57706353,0.0,113423488.57706353,0.0,0.0,0.0,0.0,0.0,55.22531249966137,0.22077813032514124,18460,55.18410417713904,0.2201595385510126,18449,12722540345.255312,25950474427835.188,770491156,
129,0.0444119661,10000,1000,ok_event_tree,event_tree,10090,448117080.0,386378908.93833333,61738171.06167256,0.0,0.0,61738171.06167256,0.0,61738171.06167256,0.0,0.0,0.0,0.0,0.0,30.719971795946307,0.1251892934909842,10090,30.70538145629475,0.12482274894858288,10077,7206435522.835446,16229053332316.188,427173333,
130,0.0449262325,10000,1000,ok_event_tree,event_tree,10540,473522148.00000006,403895500.4834803,69626647.51652746,0.0,0.0,69626647.51652746,0.0,69626647.51652746,0.0,0.0,0.0,0.0,0.0,32.63899165798979,0.1352558431531239,10540,32.60632638583144,0.13483511064585146,10540,7472291262.146581,15669028014000.312,447018659,
131,0.0454464537,10000,1000,ok_event_tree,event_tree,10090,458555185.0,398800553.79368335,59754631.20632472,0.0,0.0,59754631.20632472,0.0,59754631.20632472,0.0,0.0,0.0,0.0,0.0,32.79212962714496,0.14091420978381936,10090,32.76161135439969,0.14050342470472788,10082,7362136496.844757,15412963475434.902,440775514,
132,0.0459726989,10000,1000,ok_event_tree,event_tree,10090,463864543.00000006,403200703.9347989,60663839.06520943,0.0,0.0,60663839.06520943,0.0,60663839.06520943,0.0,0.0,0.0,0.0,0.0,33.00664842631267,0.14349772609163164,10090,32.973175300237074,0.1430308355343077,10088,7730532353.258213,17173475922226.11,445623117,
133,0.0465050376,10000,1000,ok_event_tree,event_tree,10090,469235450.00000006,409203297.95329964,60032152.046711005,0.0,0.0,60032152.046711005,0.0,60032152.046711005,0.0,0.0,0.0,0.0,0.0,33.97260467834956,0.15027498825027794,10090,33.936739859365446,0.1497787690490328,10081,7821096131.446387,17219230963433.64,452491531,
134,0.0470435406,10000,1000,ok_event_tree,event_tree,10090,474668915.00000006,408267706.09978294,66401208.90022617,0.0,0.0,66401208.90022617,0.0,66401208.90022617,0.0,0.0,0.0,0.0,0.0,34.29608000050041,0.1550235382267093,10090,34.27363570026915,0.15461088059084221,10077,7866322316.587982,18006543719210.29,451582081,
135,0.0475882791,10000,1000,ok_event_tree,event_tree,10090,480165947.0,412228490.78760284,67937456.21240732,0.0,0.0,67937456.21240732,0.0,67937456.21240732,0.0,0.0,0.0,0.0,0.0,34.27472281899149,0.15494318153951256,10090,34.24905429252132,0.15450389881120402,10090,8084676343.576005,20073887275034.42,454919749,
136,0.0481393254,10000,1000,ok_event_tree,event_tree,10090,485725537.0,415642415.0862006,70083121.91381143,0.0,0.0,70083121.91381143,0.0,70083121.91381143,0.0,0.0,0.0,0.0,0.0,35.26730852250798,0.16624404776255577,10090,35.23812756993137,0.16574567826823317,10088,8373311017.776434,21302794227579.25,459559119,
137,0.0486967525,10000,1000,ok_event_tree,event_tree,10090,491350712.0,425592697.7433511,65758014.256660655,0.0,0.0,65758014.256660655,0.0,65758014.256660655,0.0,0.0,0.0,0.0,0.0,36.88422183930541,0.17838610276206118,10090,36.85296545992941,0.17786764000085484,10090,8131911938.630436,18742800437791.36,465298985,
138,0.0492606343,10000,100,ok_event_tree,event_tree,10000,492605999.99999994,423768673.3222715,68837326.67774014,0.0,0.0,68837326.67774014,0.0,68837326.67774014,0.0,0.0,0.0,0.0,0.0,36.39838087668764,0.1769519677117547,10000,36.35506083996314,0.17640108915935188,9988,8234455921.084442,20477395002821.375,446152258,
139,0.0498310456,10000,100,ok_event_tree,event_tree,10000,498310000.00000006,430228003.0900735,68081996.90993905,0.0,0.0,68081996.90993905,0.0,68081996.90993905,0.0,0.0,0.0,0.0,0.0,37.81909215417479,0.19037743789310393,10000,37.77829567172185,0.18981055204874614,9997,8157284382.548548,20075993935389.727,452822425,
140,0.0504080619,10000,100,ok_event_tree,event_tree,10000,504080999.99999994,437451734.630577,66629265.36943591,0.0,0.0,66629265.36943591,0.0,66629265.36943591,0.0,0.0,0.0,0.0,0.0,38.385584011720894,0.19661945105037662,10000,38.364764121301356,0.19612679205280964,9997,8683286224.475178,22608111980852.15,460887222,
141,0.0509917598,10000,100,ok_event_tree,event_tree,10000,509917999.99999994,442976514.78209555,66941485.217917666,0.0,0.0,66941485.217917666,0.0,66941485.217917666,0.0,0.0,0.0,0.0,0.0,39.215853939809485,0.20293905054897468,10000,39.185742810705136,0.20234842373794032,10000,8636439580.252539,21749799648521.703,466220072,
142,0.0515822165,10000,100,ok_event_tree,event_tree,10000,515822000.00000006,445639503.6159727,70182496.38404092,0.0,0.0,70182496.38404092,0.0,70182496.38404092,0.0,0.0,0.0,0.0,0.0,39.684628495265166,0.20979379073525287,10000,39.65070714257377,0.2092130129305966,9993,8626316218.736996,22133782873120.87,468777956,
143,0.0521795104,10000,100,ok_event_tree,event_tree,10000,521795000.0,452297747.9942759,69497252.00573857,0.0,0.0,69497252.00573857,0.0,69497252.00573857,0.0,0.0,0.0,0.0,0.0,40.64839176848118,0.2186106132231064,10000,40.61617755584792,0.21799748788731324,9997,8958153069.042528,23784816539436.824,476066631,
144,0.0527837207,10000,100,ok_event_tree,event_tree,10000,527837000.0,456990559.3820355,70846440.61797926,0.0,0.0,70846440.61797926,0.0,70846440.61797926,0.0,0.0,0.0,0.0,0.0,41.4592344241498,0.22787900358509008,10000,41.42958773705452,0.22727663172659351,9992,9132577200.830687,24222300086378.355,481217525,
145,0.0533949274,10000,100,ok_event_tree,event_tree,10000,533949000.00000006,464207602.5665305,69741397.43348517,0.0,0.0,69741397.43348517,0.0,69741397.43348517,0.0,0.0,0.0,0.0,0.0,42.95660863394155,0.24384755297894706,10000,42.92921532729488,0.2431771081898695,9997,9309310556.497595,25629434299564.723,487880211,
146,0.0540132115,10000,100,ok_event_tree,event_tree,10000,540132000.0,466042750.26400155,74089249.73601396,0.0,0.0,74089249.73601396,0.0,74089249.73601396,0.0,0.0,0.0,0.0,0.0,43.588512554847746,0.2537985708741066,10000,43.55842677676239,0.25318880360312457,9993,9513419885.790367,27483863242946.977,490308896,
147,0.054638655,10000,100,ok_event_tree,event_tree,10000,546387000.0,474663499.3958592,71723500.60415749,0.0,0.0,71723500.60415749,0.0,71723500.60415749,0.0,0.0,0.0,0.0,0.0,44.47029942034608,0.263014017781436,10000,44.44353510158884,0.2623629193005485,9998,9659276888.929781,27813088345150.652,499383216,
148,0.0552713408,10000,100,ok_event_tree,event_tree,10000,552713000.0,474177259.3826613,78535740.6173552,0.0,0.0,78535740.6173552,0.0,78535740.6173552,0.0,0.0,0.0,0.0,0.0,44.68673315524331,0.2685799300692663,10000,44.66112979236466,0.2679234551562631,9996,9729471597.257307,28186001507722.75,498776565,
149,0.0559113528,10000,100,ok_event_tree,event_tree,10000,559114000.0000001,482724328.7105533,76389671.28946453,0.0,0.0,76389671.28946453,0.0,76389671.28946453,0.0,0.0,0.0,0.0,0.0,46.248657403503,0.28515374441202923,10000,46.21799117175285,0.28444421852282387,9999,9855706008.32589,29464253157660.336,507490607,
150,0.0565587757,10000,100,ok_event_tree,event_tree,10000,565588000.0,487997472.060886,77590527.93913205,0.0,0.0,77590527.93913205,0.0,77590527.93913205,0.0,0.0,0.0,0.0,0.0,46.837265296029216,0.29193256371884363,10000,46.81490785949847,0.2912108348714966,9990,10020782794.981539,29832801009621.152,512928421,
151,0.0572136955,10000,100,ok_event_tree,event_tree,10000,572137000.0000001,492303061.33401793,79833938.66600071,0.0,0.0,79833938.66600071,0.0,79833938.66600071,0.0,0.0,0.0,0.0,0.0,47.65940392588012,0.3047419524471394,10000,47.63602911093314,0.3041044744442427,9999,10023608552.56395,29901676447482.508,517808334,
152,0.0578761988,10000,100,ok_event_tree,event_tree,10000,578762000.0,500712227.6483155,78049772.35170357,0.0,0.0,78049772.35170357,0.0,78049772.35170357,0.0,0.0,0.0,0.0,0.0,48.66220458138411,0.31698309076453635,10000,48.61744729721373,0.31604957272038486,9997,10485978870.903976,33150425366297.17,526172886,
153,0.0585463736,10000,100,ok_event_tree,event_tree,10000,585464000.0000001,508781466.8539591,76682533.14606129,0.0,0.0,76682533.14606129,0.0,76682533.14606129,0.0,0.0,0.0,0.0,0.0,50.165467671284304,0.33166021725264805,10000,50.137552012514355,0.33082319233169405,9994,10861018179.94778,35977019931379.516,535250337,
154,0.0592243087,10000,100,ok_event_tree,event_tree,10000,592243000.0,512882336.3799708,79360663.6200499,0.0,0.0,79360663.6200499,0.0,79360663.6200499,0.0,0.0,0.0,0.0,0.0,50.80815120523802,0.34289701313162285,10000,50.78879800572828,0.3421581454508725,9996,10745876719.757013,33023352071993.324,539347456,
155,0.0599100939,10000,100,ok_event_tree,event_tree,10000,599100999.9999999,518483989.09012896,80617010.9098918,0.0,0.0,80617010.9098918,0.0,80617010.9098918,0.0,0.0,0.0,0.0,0.0,52.14728169333431,0.36054159983366385,10000,52.1356412273792,0.3598055938178443,9994,11200732974.587446,37921066886790.484,545213920,
156,0.0606038201,10000,100,ok_event_tree,event_tree,10000,606038000.0,522638322.0602359,83399677.93978572,0.0,0.0,83399677.93978572,0.0,83399677.93978572,0.0,0.0,0.0,0.0,0.0,52.808627154224716,0.37244259231702637,10000,52.758810587980285,0.3714651218392875,9996,11052688319.948153,35819950656447.945,549575505,
157,0.0613055792,10000,100,ok_event_tree,event_tree,10000,613055999.9999999,529511285.45819265,83544714.54182926,0.0,0.0,83544714.54182926,0.0,83544714.54182926,0.0,0.0,0.0,0.0,0.0,54.38935338918912,0.39345116531997865,10000,54.378143445684586,0.3927311211343193,10000,11489631209.957726,39207797838408.26,556927380,
158,0.0620154644,10000,100,ok_event_tree,event_tree,10000,620155000.0000001,541048008.4257319,79106991.57429159,0.0,0.0,79106991.57429159,0.0,79106991.57429159,0.0,0.0,0.0,0.0,0.0,56.132302305988546,0.4125157408588994,10000,56.10025696189631,0.41158327090820557,9998,11696858567.840736,38946740290512.08,568458250,
159,0.0627335696,10000,100,ok_event_tree,event_tree,10000,627335999.9999999,542138073.0312219,85197926.96880172,0.0,0.0,85197926.96880172,0.0,85197926.96880172,0.0,0.0,0.0,0.0,0.0,56.335711524678885,0.42340988905370247,10000,56.29818745015639,0.4223765208900436,9999,12001595232.067902,42585909199926.58,570021318,
160,0.0634599901,10000,100,ok_event_tree,event_tree,10000,634600000.0000001,546976902.309069,87623097.69095476,0.0,0.0,87623097.69095476,0.0,87623097.69095476,0.0,0.0,0.0,0.0,0.0,56.79025975015377,0.43005646262425035,10000,56.77770773125343,0.4290352057378352,9997,11972968753.87562,40915747006571.625,575027425,
161,0.0641948222,10000,100,ok_event_tree,event_tree,10000,641948000.0,555688756.7520267,86259243.24799642,0.0,0.0,86259243.24799642,0.0,86259243.24799642,0.0,0.0,0.0,0.0,0.0,59.27093670711447,0.4653017408456872,10000,59.23741249424357,0.4643320529134374,9994,12124656337.44114,40996466669933.57,583410896,
162,0.0649381632,10000,100,ok_event_tree,event_tree,10000,649382000.0,559617399.2959373,89764600.704086,0.0,0.0,89764600.704086,0.0,89764600.704086,0.0,0.0,0.0,0.0,0.0,59.75693905197552,0.47447849376712364,10000,59.73346485083718,0.47359956816316245,9994,12418759724.057894,44246502976103.49,587720848,
163,0.0656901116,10000,100,ok_event_tree,event_tree,10000,656900999.9999999,572205965.6446469,84695034.35537669,0.0,0.0,84695034.35537669,0.0,84695034.35537669,0.0,0.0,0.0,0.0,0.0,61.649606074877966,0.5009975019954244,10000,61.62660237103693,0.5000343485559469,9998,12984466908.326225,49806027667358.164,601274876,
164,0.0664507673,10000,100,ok_event_tree,event_tree,10000,664508000.0000001,575371811.1958256,89136188.80419756,0.0,0.0,89136188.80419756,0.0,89136188.80419756,0.0,0.0,0.0,0.0,0.0,61.51596790285372,0.5012109317894877,10000,61.50020376514232,0.5002458994506533,9998,13484759001.9709,53831444681923.87,604342542,
165,0.0672202309,10000,100,ok_event_tree,event_tree,10000,672202000.0,581446525.7065858,90755474.29343724,0.0,0.0,90755474.29343724,0.0,90755474.29343724,0.0,0.0,0.0,0.0,0.0,62.75932525959162,0.5228824315358325,10000,62.720578526707456,0.5215996894385907,9998,12937641449.49637,47239933356252.74,610518394,
166,0.0679986045,10000,100,ok_event_tree,event_tree,10000,679985999.9999999,586131575.2980591,93854424.70196393,0.0,0.0,93854424.70196393,0.0,93854424.70196393,0.0,0.0,0.0,0.0,0.0,64.29781823012225,0.5501376553036744,10000,64.26287990034044,0.5489412187985339,9993,13449002374.103527,52446382185768.57,615916703,
167,0.0687859912,10000,100,ok_event_tree,event_tree,10000,687860000.0,596569789.5501316,91290210.44989131,0.0,0.0,91290210.44989131,0.0,91290210.44989131,0.0,0.0,0.0,0.0,0.0,65.70815847300125,0.5715083472164869,10000,65.6732436391929,0.5702844641473441,9999,13622220300.199001,51390905058838.98,626650778,
168,0.0695824955,10000,100,ok_event_tree,event_tree,10000,695825000.0,603767778.0414522,92057221.95857058,0.0,0.0,92057221.95857058,0.0,92057221.95857058,0.0,0.0,0.0,0.0,0.0,67.43238564205943,0.6035209973615712,10000,67.40984249427186,0.6023312164378152,9999,13802627411.16215,53103975716262.37,633425844,
169,0.0703882228,10000,100,ok_event_tree,event_tree,10000,703881999.9999999,605312308.8763535,98569691.12366842,0.0,0.0,98569691.12366842,0.0,98569691.12366842,0.0,0.0,0.0,0.0,0.0,67.94972017754259,0.6161131101675991,10000,67.93753030692459,0.6150654280896585,10000,14122450191.302704,55575794015153.914,635863623,
170,0.07120328,10000,100,ok_event_tree,event_tree,10000,712033000.0000001,613445234.839937,98587765.16008568,0.0,0.0,98587765.16008568,0.0,98587765.16008568,0.0,0.0,0.0,0.0,0.0,70.02345752997533,0.6505387096612771,10000,70.00973640166981,0.6494370965623252,10000,14375899355.369436,56996560852753.055,644581640,
171,0.0720277751,10000,100,ok_event_tree,event_tree,10000,720278000.0000001,623095304.4628465,97182695.53717548,0.0,0.0,97182695.53717548,0.0,97182695.53717548,0.0,0.0,0.0,0.0,0.0,72.24310851185312,0.6946316682544268,10000,72.20162904897761,0.6931442347971031,9997,14425815079.741192,57728278596038.36,653580958,
172,0.0728618175,10000,100,ok_event_tree,event_tree,8560,623697008.0000001,540219744.9519773,83477263.04804194,0.0,0.0,83477263.04804194,0.0,83477263.04804194,0.0,0.0,0.0,0.0,0.0,62.17028853992772,0.5929491000151659,8560,62.16657989198602,0.5920008502270824,8559,12981087976.548613,53021852404811.02,571308222,
173,0.0737055175,10000,100,ok_event_tree,event_tree,10000,737055000.0000001,634100513.5596279,102954486.4403942,0.0,0.0,102954486.4403942,0.0,102954486.4403942,0.0,0.0,0.0,0.0,0.0,73.31372633604028,0.7186261369929071,10000,73.27777752967016,0.7173713844028885,9998,14871649408.378376,60054844117258.06,664962365,
174,0.0745589872,10000,100,ok_event_tree,event_tree,10000,745590000.0,646184625.5461972,99405374.45382524,0.0,0.0,99405374.45382524,0.0,99405374.45382524,0.0,0.0,0.0,0.0,0.0,76.29923123756896,0.769244502878979,10000,76.25410834480948,0.7676217940946157,9995,15476534214.822773,64617717101476.61,697888659,
175,0.0754223396,10000,100,ok_event_tree,event_tree,10000,754223000.0000001,650958683.9782534,103264316.02176939,0.0,0.0,103264316.02176939,0.0,103264316.02176939,0.0,0.0,0.0,0.0,0.0,77.36022091497188,0.7965446406175023,10000,77.34522236468996,0.7951119012576273,9999,15566938779.927399,62024901528416.37,716119199,
176,0.0762956891,10000,100,ok_event_tree,event_tree,10000,762956999.9999999,660701376.4291719,102255623.57085057,0.0,0.0,102255623.57085057,0.0,102255623.57085057,0.0,0.0,0.0,0.0,0.0,78.57661940432973,0.8169144044054116,10000,78.57202023165458,0.8157313242467662,10000,15646733212.444174,62465890590793.34,727755974,
177,0.0771791516,10000,100,ok_event_tree,event_tree,10000,771791999.9999999,665867493.0937794,105924506.90624309,0.0,0.0,105924506.90624309,0.0,105924506.90624309,0.0,0.0,0.0,0.0,0.0,79.67710893969557,0.848409760470134,10000,79.66907144146687,0.8469861164135545,9998,16979440251.90238,79601933034051.44,733455178,
178,0.078072844,10000,100,ok_event_tree,event_tree,10000,780728000.0000001,677510899.20105,103217063.97895773,0.0,0.0,103217063.97895773,0.0,103217063.97895773,0.0,0.0,0.0,0.0,0.0,82.6920849177157,0.9045911779722173,10000,82.65778500599393,0.902707390021976,9996,15943008393.388985,63250896140968.664,745722720,
179,0.0789768849,10000,100,ok_event_tree,event_tree,10000,789769000.0000001,682852880.8444259,106916119.15559657,0.0,0.0,106916119.15559657,0.0,106916119.15559657,0.0,0.0,0.0,0.0,0.0,82.39318166343031,0.9029573304496316,10000,82.38972520361537,0.9015039509632243,10000,17294434125.07455,78341818436583.03,752128135,
180,0.0798913942,10000,100,ok_event_tree,event_tree,10000,798914000.0000001,690204666.6521839,108709333.34783855,0.0,0.0,108709333.34783855,0.0,108709333.34783855,0.0,0.0,0.0,0.0,0.0,85.38869227509049,0.9653194086558806,10000,85.35078185333833,0.96345874715051,9995,17605942971.038097,83615239424785.69,759291343,
181,0.0808164929,10000,100,ok_event_tree,event_tree,10000,808165000.0000001,696999261.2151737,111165738.78484866,0.0,0.0,111165738.78484866,0.0,111165738.78484866,0.0,0.0,0.0,0.0,0.0,86.72900716627683,1.0028446943358789,10000,86.7112025277535,1.0012097390683996,10000,17531133292.301296,81574916693388.11,767361627,
182,0.0817523038,10000,100,ok_event_tree,event_tree,10000,817523000.0000001,713178668.6454071,104344331.35461473,0.0,0.0,104344331.35461473,0.0,104344331.35461473,0.0,0.0,0.0,0.0,0.0,88.98877598102642,1.0452348490017165,10000,88.98242461718554,1.0436858393267627,9996,18271780763.136944,84233936023847.19,784294103,
183,0.0826989509,10000,100,ok_event_tree,event_tree,10000,826990000.0,716074249.9503231,110915750.04969868,0.0,0.0,110915750.04969868,0.0,110915750.04969868,0.0,0.0,0.0,0.0,0.0,90.50378843302015,1.0817686870493284,10000,90.48627243284052,1.0798758155363872,9999,17857167091.404118,81745500957962.55,786870723,
184,0.0836565596,10000,100,ok_event_tree,event_tree,10000,836565999.9999999,730376612.8868524,106189387.11316928,0.0,0.0,106189387.11316928,0.0,106189387.11316928,0.0,0.0,0.0,0.0,0.0,92.64060465815605,1.126026104143593,10000,92.6072426613069,1.1240401032183847,9997,18816013983.32909,87529708863617.38,803487061,
185,0.0846252569,10000,100,ok_event_tree,event_tree,10000,846253000.0000001,735491900.5237623,110761099.47625901,0.0,0.0,110761099.47625901,0.0,110761099.47625901,0.0,0.0,0.0,0.0,0.0,93.37821219287895,1.153655599414315,10000,93.38561946762972,1.152127965927547,9996,19327814729.91427,98513496814287.92,808230766,
186,0.0856051712,10000,100,ok_event_tree,event_tree,10000,856051999.9999999,740822243.1141258,115229756.88589522,0.0,0.0,115229756.88589522,0.0,115229756.88589522,0.0,0.0,0.0,0.0,0.0,94.82592999025283,1.1976729068392296,10000,94.82901972853027,1.1959811953615818,10000,19848432171.948288,106169344416583.48,815378934,
187,0.0865964323,10000,100,ok_event_tree,event_tree,10000,865964000.0000001,744202005.2270527,121761994.77296814,0.0,0.0,121761994.77296814,0.0,121761994.77296814,0.0,0.0,0.0,0.0,0.0,97.23530700850331,1.2604301807595,10000,97.22886645986628,1.258589062920056,10000,19365424797.085545,97597391527221.84,818266091,
188,0.0875991718,10000,100,ok_event_tree,event_tree,10000,875991999.9999999,763063203.9473149,112928796.05270569,0.0,0.0,112928796.05270569,0.0,112928796.05270569,0.0,0.0,0.0,0.0,0.0,98.99302721393212,1.2948602593874041,10000,98.98462586617202,1.2929456246179267,10000,20621910548.456104,109569610905049.45,839543605,
189,0.0886135224,10000,100,ok_event_tree,event_tree,10000,886135000.0,764228633.5163015,121906366.4837192,0.0,0.0,121906366.4837192,0.0,121906366.4837192,0.0,0.0,0.0,0.0,0.0,100.45449195388095,1.3411670623488077,10000,100.44640676775958,1.3393322065097562,10000,20745367919.773804,109920696419074.92,840664665,
190,0.0896396186,10000,100,ok_event_tree,event_tree,10000,896395999.9999999,769648254.0263222,126747745.97369729,0.0,0.0,126747745.97369729,0.0,126747745.97369729,0.0,0.0,0.0,0.0,0.0,102.34787888027016,1.3957989405265598,10000,102.34281411719381,1.393872656934446,9992,20634193934.173374,107314921007833.19,846822946,
191,0.0906775965,10000,100,ok_event_tree,event_tree,10000,906775999.9999999,791029201.9763927,115746798.02362716,0.0,0.0,115746798.02362716,0.0,115746798.02362716,0.0,0.0,0.0,0.0,0.0,104.66258688832606,1.451394374417021,10000,104.68817674030888,1.4498478155046213,10000,21579889501.382473,120843049690845.86,869390185,
192,0.0917275935,10000,100,ok_event_tree,event_tree,10000,917275999.9999999,805291421.3544484,111984578.64557107,0.0,0.0,111984578.64557107,0.0,111984578.64557107,0.0,0.0,0.0,0.0,0.0,109.38517973043892,1.5682717271528541,10000,109.38830613223243,1.5665453603962192,9994,21970931347.104893,119125725207142.61,885768276,
193,0.092789749,10000,100,ok_event_tree,event_tree,10000,927896999.9999999,810594406.3023739,117302593.69764525,0.0,0.0,117302593.69764525,0.0,117302593.69764525,0.0,0.0,0.0,0.0,0.0,110.91880352185628,1.6088311930121513,10000,110.89884487224884,1.6065299382762517,9998,22157029323.074757,126927263096365.2,890270079,
194,0.0938642037,10000,100,ok_event_tree,event_tree,10000,938641999.9999999,809948787.9196715,128693212.08034761,0.0,0.0,128693212.08034761,0.0,128693212.08034761,0.0,0.0,0.0,0.0,0.0,110.7132407376328,1.6350456766110961,10000,110.70982970753319,1.6330874288563384,9999,22057338970.864925,122424000437818.2,890099630,
195,0.0949510999,10000,100,ok_event_tree,event_tree,10000,949510999.9999999,818884581.0639056,130626418.93611284,0.0,0.0,130626418.93611284,0.0,130626418.93611284,0.0,0.0,0.0,0.0,0.0,112.7292180152809,1.699012564569403,10000,112.75973924127405,1.697648631254195,9999,23055334772.491005,137019797750676.3,899563410,
196,0.0960505818,10000,100,ok_event_tree,event_tree,10000,960505999.9999999,832060868.9935658,128445131.00645281,0.0,0.0,128445131.00645281,0.0,128445131.00645281,0.0,0.0,0.0,0.0,0.0,114.28620760373892,1.7336012857795227,10000,114.30810414397315,1.7318392541716423,9998,23361442408.619614,137157278717516.92,914466036,
197,0.0971627952,10000,100,ok_event_tree,event_tree,10000,971628000.0000001,837193716.9129136,134434283.0871046,0.0,0.0,134434283.0871046,0.0,134434283.0871046,0.0,0.0,0.0,0.0,0.0,117.9412332588562,1.8568189202611096,10000,117.95937650456531,1.8548860203111202,9998,24432319299.11314,151504845214621.75,920549197,
198,0.0982878873,10000,100,ok_event_tree,event_tree,10000,982879000.0000001,852892376.8439581,129986623.15606007,0.0,0.0,129986623.15606007,0.0,129986623.15606007,0.0,0.0,0.0,0.0,0.0,120.78996695430472,1.926689093918902,10000,120.79168813642112,1.924681687769944,9997,24212040394.142117,146916535385455.78,937214567,
199,0.0994260074,10000,100,ok_event_tree,event_tree,10000,994260000.0,863056095.3417021,131203904.65831581,0.0,0.0,131203904.65831581,0.0,131203904.65831581,0.0,0.0,0.0,0.0,0.0,120.24997467477316,1.9123067866412469,10000,120.26941140455976,1.9105179231337726,9998,24571401313.94125,148341473553685.5,949137827,
200,0.100577306,1000,100,ok_event_tree,event_tree,1000,100577000.0,89959067.91863383,10617932.08136778,0.0,0.0,10617932.08136778,0.0,10617932.08136778,0.0,0.0,0.0,0.0,0.0,13.486754301828705,0.23425550127886968,1000,13.483097960686008,0.23389927972034044,1000,2356969187.626254,11875710268169.59,98998366,
201,0.101741937,1000,100,ok_event_tree,event_tree,1000,101742000.00000001,86218711.93645237,15523288.063549524,0.0,0.0,15523288.063549524,0.0,15523288.063549524,0.0,0.0,0.0,0.0,0.0,11.697494939128905,0.1863251888200126,1000,11.697392585700747,0.18619568193221228,1000,2331373136.566698,13053300850956.996,94679973,
202,0.102920053,1000,100,ok_event_tree,event_tree,1000,102920000.0,90607170.84204078,12312829.157961067,0.0,0.0,12312829.157961067,0.0,12312829.157961067,0.0,0.0,0.0,0.0,0.0,13.287841009766979,0.22688179826513938,1000,13.287700068843568,0.22675044947943473,1000,2397854694.9986362,10920668299569.81,99621137,
203,0.104111811,1000,100,ok_event_tree,event_tree,1000,104112000.0,92041049.05038911,12070950.949612653,0.0,0.0,12070950.949612653,0.0,12070950.949612653,0.0,0.0,0.0,0.0,0.0,12.56121475096124,0.20864975621575746,1000,12.557687294331815,0.20839517188736234,1000,2933914282.2133155,23205232914754.49,101142207,
204,0.105317369,1000,100,ok_event_tree,event_tree,1000,105317000.0,90814304.17789383,14502695.82210774,0.0,0.0,14502695.82210774,0.0,14502695.82210774,0.0,0.0,0.0,0.0,0.0,13.450465644537855,0.24058583028082717,1000,13.465689600355699,0.2404455402428173,1000,2331065188.2895207,12548600847463.951,99371588,
205,0.106536886,1000,100,ok_event_tree,event_tree,1000,106537000.00000001,93113220.84386049,13423779.156141099,0.0,0.0,13423779.156141099,0.0,13423779.156141099,0.0,0.0,0.0,0.0,0.0,14.04126568588758,0.25701151683346146,1000,14.037610512516967,0.25663425670291873,1000,2714844126.333801,18527296689461.65,102367289,
206,0.107770525,1000,100,ok_event_tree,event_tree,1000,107771000.00000001,96355512.44306903,11415487.556932528,0.0,0.0,11415487.556932528,0.0,11415487.556932528,0.0,0.0,0.0,0.0,0.0,15.227977545840183,0.2947811899505918,1000,15.229281398469034,0.2945464144041479,1000,3075520474.688104,24028050565009.605,105864972,
207,0.109018449,1000,100,ok_event_tree,event_tree,1000,109018000.00000001,98426135.78368677,10591864.216314802,0.0,0.0,10591864.216314802,0.0,10591864.216314802,0.0,0.0,0.0,0.0,0.0,14.908153626838423,0.28075588003243557,1000,14.896454033540389,0.28030705890031643,1000,3112247073.646153,22969270145982.008,107728966,
208,0.110280823,1000,100,ok_event_tree,event_tree,1000,110281000.00000001,93841223.81987637,16439776.180124959,0.0,0.0,16439776.180124959,0.0,16439776.180124959,0.0,0.0,0.0,0.0,0.0,14.037004634940159,0.26860869919639646,1000,14.04749022315205,0.2682330813528861,1000,2975827724.5736084,19575954714683.34,102912879,
209,0.111557815,1000,100,ok_event_tree,event_tree,1000,111558000.00000001,97634664.73769899,13923335.262302589,0.0,0.0,13923335.262302589,0.0,13923335.262302589,0.0,0.0,0.0,0.0,0.0,14.820982583172476,0.28914307132818484,1000,14.818324169909168,0.28885785708559625,1000,3087314304.2795324,23068352209230.406,107258592,
210,0.112849594,1000,100,ok_event_tree,event_tree,1000,112850000.0,97464718.44146562,15385281.55853583,0.0,0.0,15385281.55853583,0.0,15385281.55853583,0.0,0.0,0.0,0.0,0.0,13.754090227370385,0.2616705306179272,1000,13.742001232286855,0.2612590407340385,1000,3175974669.628922,23686949791286.75,106772952,
211,0.11415633,1000,100,ok_event_tree,event_tree,1000,114156000.00000001,101765719.13511164,12390280.86488989,0.0,0.0,12390280.86488989,0.0,12390280.86488989,0.0,0.0,0.0,0.0,0.0,16.700616619685903,0.3510626158919956,1000,16.693398450173266,0.35060503306703783,1000,2950446038.6300764,17130525357383.547,111733432,
212,0.115478198,1000,100,ok_event_tree,event_tree,1000,115478000.0,103207391.87851179,12270608.1214895,0.0,0.0,12270608.1214895,0.0,12270608.1214895,0.0,0.0,0.0,0.0,0.0,16.82705770918657,0.356638177172505,1000,16.8688530280371,0.35702080525149715,1000,3486281111.9295917,29099118753843.64,113125281,
213,0.116815373,1000,100,ok_event_tree,event_tree,1000,116815000.00000001,102766938.24670961,14048061.753291748,0.0,0.0,14048061.753291748,0.0,14048061.753291748,0.0,0.0,0.0,0.0,0.0,16.768041394934755,0.3620054050057033,1000,16.79265391534933,0.362273292113853,1000,3290204765.838336,23525583405612.48,112799400,
214,0.118168031,1000,100,ok_event_tree,event_tree,1000,118168000.00000001,105368713.04806347,12799286.95193769,0.0,0.0,12799286.95193769,0.0,12799286.95193769,0.0,0.0,0.0,0.0,0.0,17.219895983920242,0.3804473138073474,1000,17.233037118695854,0.38014367861223536,1000,3822232364.740561,37843751773672.32,115745953,
215,0.119536353,1000,100,ok_event_tree,event_tree,1000,119536000.00000001,105741359.11358958,13794640.886411516,0.0,0.0,13794640.886411516,0.0,13794640.886411516,0.0,0.0,0.0,0.0,0.0,17.46439004587931,0.3950996453667465,1000,17.47424982892618,0.3952255066215267,1000,3390245534.640093,27542528702270.945,116141173,
216,0.120920518,1000,100,ok_event_tree,event_tree,1000,120921000.00000001,107854679.5166544,13066320.483346691,0.0,0.0,13066320.483346691,0.0,13066320.483346691,0.0,0.0,0.0,0.0,0.0,17.945102710151367,0.41835706125238686,1000,17.93883819903097,0.4177047167952298,1000,3178539938.726033,24321754612473.125,118092840,
217,0.122320712,1000,100,ok_event_tree,event_tree,1000,122321000.0,103085612.53548893,19235387.46451238,0.0,0.0,19235387.46451238,0.0,19235387.46451238,0.0,0.0,0.0,0.0,0.0,17.645526408041075,0.4161594852947356,1000,17.65724556217679,0.41595652947404693,1000,3456856603.305741,31960446266106.477,113224779,
218,0.123737119,1000,100,ok_event_tree,event_tree,1000,123737000.0,109577055.19506136,14159944.804940002,0.0,0.0,14159944.804940002,0.0,14159944.804940002,0.0,0.0,0.0,0.0,0.0,18.021972435050884,0.4149542821076543,1000,18.034479876483136,0.4151507551243808,1000,3696100661.694995,25810070555418.2,120724250,
219,0.125169927,1000,100,ok_event_tree,event_tree,1000,125170000.00000001,100481416.52801488,24688583.47198587,0.0,0.0,24688583.47198587,0.0,24688583.47198587,0.0,0.0,0.0,0.0,0.0,17.2190361413344,0.42415205933951566,1000,17.249254171686548,0.4239383727378111,1000,3101828769.333435,26293504994424.438,109846935,
220,0.126619327,1000,100,ok_event_tree,event_tree,1000,126619000.00000001,113397846.4116165,13221153.588384746,0.0,0.0,13221153.588384746,0.0,13221153.588384746,0.0,0.0,0.0,0.0,0.0,18.868278138417512,0.46180253061671583,1000,18.86809808392095,0.4611018975605632,1000,4073479693.7596917,34558700533235.535,124542432,
221,0.128085509,1000,100,ok_event_tree,event_tree,1000,128086000.00000001,110530162.88070764,17555837.119293764,0.0,0.0,17555837.119293764,0.0,17555837.119293764,0.0,0.0,0.0,0.0,0.0,19.254305934875198,0.49125481388619746,1000,19.268999441954637,0.4908510653351867,1000,3803167464.823318,32004686620197.305,121263657,
222,0.12956867,1000,100,ok_event_tree,event_tree,1000,129569000.0,110124259.342287,19444740.657714445,0.0,0.0,19444740.657714445,0.0,19444740.657714445,0.0,0.0,0.0,0.0,0.0,19.31463040719296,0.49717631891636277,1000,19.40253918518712,0.49844157848392673,1000,4064695534.4468274,42252533930787.4,120505005,
223,0.131069004,1000,100,ok_event_tree,event_tree,1000,131069000.0,111242296.98385435,19826703.01614754,0.0,0.0,19826703.01614754,0.0,19826703.01614754,0.0,0.0,0.0,0.0,0.0,19.08106457930069,0.4935550904056448,1000,19.093209356712205,0.4931685041856818,1000,3729439203.310282,31351606621840.69,122334713,
224,0.132586712,1000,100,ok_event_tree,event_tree,1000,132587000.0,119208907.25872801,13378092.741274118,0.0,0.0,13378092.741274118,0.0,13378092.741274118,0.0,0.0,0.0,0.0,0.0,19.92341120590778,0.5127925995792963,1000,19.919210024796755,0.5125188215452663,1000,4678603711.314266,42592872222617.4,131274645,
225,0.134121994,1000,100,ok_event_tree,event_tree,1000,134122000.00000001,118760235.71574181,15361764.284260377,0.0,0.0,15361764.284260377,0.0,15361764.284260377,0.0,0.0,0.0,0.0,0.0,20.671228758581943,0.5532285472929734,1000,20.687458574161692,0.5532910149123331,1000,4523022809.332799,48725320577174.43,130401489,
226,0.135675053,1000,100,ok_event_tree,event_tree,1000,135675000.00000003,120491465.38926627,15183534.610736163,0.0,0.0,15183534.610736163,0.0,15183534.610736163,0.0,0.0,0.0,0.0,0.0,21.42498708763041,0.5920665328272935,1000,21.412369917498488,0.5911530520526528,1000,4157180867.2725844,36099713144377.695,132342970,
227,0.137246096,1000,100,ok_event_tree,event_tree,1000,137246000.0,119063150.82107861,18182849.17892454,0.0,0.0,18182849.17892454,0.0,18182849.17892454,0.0,0.0,0.0,0.0,0.0,18.716300083564633,0.46930172414415167,1000,18.712676656986595,0.4688528965796558,1000,4942996460.734171,52487214024078.05,130503473,
228,0.138835331,1000,100,ok_event_tree,event_tree,1000,138835000.00000003,121169478.10297176,17665521.897031404,0.0,0.0,17665521.897031404,0.0,17665521.897031404,0.0,0.0,0.0,0.0,0.0,22.37134004477498,0.6589953744298078,1000,22.36189154787278,0.6581399023423545,1000,3879226108.9306784,28339163940245.215,133198148,
229,0.140442968,1000,100,ok_event_tree,event_tree,1000,140443000.00000003,126508308.77696383,13934691.223039549,0.0,0.0,13934691.223039549,0.0,13934691.223039549,0.0,0.0,0.0,0.0,0.0,22.85594488436746,0.6514684129364998,1000,22.838108860289587,0.6501559383624369,1000,4318749138.879375,30422366642329.734,138698054,
230,0.142069221,1000,100,ok_event_tree,event_tree,1000,142069000.0,125098842.49944049,16970157.50056311,0.0,0.0,16970157.50056311,0.0,16970157.50056311,0.0,0.0,0.0,0.0,0.0,21.53740785298282,0.6279100430458403,1000,21.540679790539887,0.6275500458454172,1000,4787022984.611685,53052812084913.39,137070941,
231,0.143714305,1000,100,ok_event_tree,event_tree,1000,143714000.00000003,116249885.10145631,27464114.898546986,0.0,0.0,27464114.898546986,0.0,27464114.898546986,0.0,0.0,0.0,0.0,0.0,21.324677125897736,0.6315619135262737,1000,21.340565207324648,0.6316013510603187,1000,4519742750.111854,45104833323821.87,127602452,
232,0.145378439,1000,100,ok_event_tree,event_tree,1000,145378000.0,124824954.7363423,20553045.263661478,0.0,0.0,20553045.263661478,0.0,20553045.263661478,0.0,0.0,0.0,0.0,0.0,21.48934981211844,0.6374307260893389,1000,21.48595344414897,0.6372186279501313,1000,4598854184.782005,44866248443020.945,136733144,
233,0.147061842,1000,100,ok_event_tree,event_tree,1000,147062000.00000003,127484357.35853678,19577628.590946335,0.0,0.0,19577628.590946335,0.0,19577628.590946335,0.0,0.0,0.0,0.0,0.0,23.748560346201263,0.7457266850580722,1000,23.752666823404056,0.7457563512472609,1000,4312970507.509461,36826385634530.86,139892398,
234,0.148764737,1000,100,ok_event_tree,event_tree,1000,148765000.0,128891089.4985945,19873910.501409966,0.0,0.0,19873910.501409966,0.0,19873910.501409966,0.0,0.0,0.0,0.0,0.0,23.30805002743087,0.7260755986558772,1000,23.318605614620274,0.7253840584510178,1000,5098891916.336469,56335588014678.67,141301008,
235,0.150487352,1000,100,ok_event_tree,event_tree,1000,150487000.00000003,128532114.34403619,21954885.65596835,0.0,0.0,21954885.65596835,0.0,21954885.65596835,0.0,0.0,0.0,0.0,0.0,22.72936831181343,0.6908845347614474,1000,22.73827838931415,0.6907286420288351,1000,4918635131.95163,44038626564709.46,141070124,
236,0.152229913,1000,100,ok_event_tree,event_tree,1000,152230000.0,135927083.9966424,16302916.003362807,0.0,0.0,16302916.003362807,0.0,16302916.003362807,0.0,0.0,0.0,0.0,0.0,26.478678921012364,0.9069686647373473,1000,26.479363564386922,0.9061365170273852,1000,4956109864.222901,53778239521331.91,148795045,
237,0.153992653,1000,100,ok_event_tree,event_tree,1000,153993000.0,140665254.1776182,13327745.822387625,0.0,0.0,13327745.822387625,0.0,13327745.822387625,0.0,0.0,0.0,0.0,0.0,27.464811144827276,0.954133531699319,1000,27.48527670014977,0.9542032915559968,1000,5346741230.012743,54460004425382.734,154242552,
238,0.155775803,1000,100,ok_event_tree,event_tree,1000,155776000.00000003,127229594.78082012,28546405.21918477,0.0,0.0,28546405.21918477,0.0,28546405.21918477,0.0,0.0,0.0,0.0,0.0,23.551612698517772,0.7923577289737531,1000,23.637018381554146,0.7932774594645827,1000,5681446792.26498,80741002563503.31,139590168,
239,0.157579602,1000,100,ok_event_tree,event_tree,1000,157580000.00000003,137130759.33499473,20449240.66501129,0.0,0.0,20449240.66501129,0.0,20449240.66501129,0.0,0.0,0.0,0.0,0.0,26.2222790815297,0.9353512801549483,1000,26.25376585974507,0.9356518198086291,1000,5044746997.040172,52531954209923.41,150169185,
240,0.159404288,1000,100,ok_event_tree,event_tree,1000,159404000.0,138283881.6214339,21120118.378572296,0.0,0.0,21120118.378572296,0.0,21120118.378572296,0.0,0.0,0.0,0.0,0.0,26.151879542721694,0.9109103170760302,1000,26.176743379694763,0.911147323190867,1000,5047762664.194886,46919887040705.57,151330932,
241,0.161250103,1000,100,ok_event_tree,event_tree,1000,161250000.0,143675478.56913102,17574521.430875357,0.0,0.0,17574521.430875357,0.0,17574521.430875357,0.0,0.0,0.0,0.0,0.0,28.963934362670038,1.0759027212194794,1000,28.953454229873426,1.0751357625941287,1000,5538408953.120435,55734015323619.34,157685271,
242,0.163117291,1000,100,ok_event_tree,event_tree,1000,163117000.0,141802833.19299114,21314166.807015654,0.0,0.0,21314166.807015654,0.0,21314166.807015654,0.0,0.0,0.0,0.0,0.0,27.34499929282303,1.0213440346822764,1000,27.393324099803138,1.021016992589452,1000,5146219573.051071,44103600992831.734,155364925,
243,0.1650061,1000,100,ok_event_tree,event_tree,1000,165006000.00000003,145544361.4028318,19461638.59717562,0.0,0.0,19461638.59717562,0.0,19461638.59717562,0.0,0.0,0.0,0.0,0.0,29.623428524878523,1.13917895786073,1000,29.61825383145501,1.1382256919013163,1000,5439687202.631211,57004388143342.44,159221103,
244,0.166916781,1000,100,ok_event_tree,event_tree,1000,166917000.00000003,150972390.34237963,15944609.657627868,0.0,0.0,15944609.657627868,0.0,15944609.657627868,0.0,0.0,0.0,0.0,0.0,27.441023054474766,0.9908343998071566,1000,27.476405841194886,0.9912038847375937,1000,6743924177.001067,86592035391777.44,165161940,
245,0.168849586,1000,100,ok_event_tree,event_tree,1000,168850000.0,147716377.55857858,21133622.441429425,0.0,0.0,21133622.441429425,0.0,21133622.441429425,0.0,0.0,0.0,0.0,0.0,29.602515575632232,1.1426514269700423,1000,29.66637422811317,1.1437819840935162,1000,5968769976.784917,66910971644727.82,162103895,
246,0.170804772,1000,100,ok_event_tree,event_tree,1000,170805000.00000003,151087041.3277948,19717958.672213722,0.0,0.0,19717958.672213722,0.0,19717958.672213722,0.0,0.0,0.0,0.0,0.0,30.372121054995457,1.187967551143341,1000,30.386417503769167,1.188052829185482,1000,6738325013.040875,91584152211001.8,165461279,
247,0.172782598,1000,100,ok_event_tree,event_tree,1000,172783000.0,147659701.20106566,25123298.7989429,0.0,0.0,25123298.7989429,0.0,25123298.7989429,0.0,0.0,0.0,0.0,0.0,29.724417959069722,1.2055068992259617,1000,29.830457025959657,1.2079034591960074,1000,7575838398.470702,116293539989859.11,161590253,
248,0.174783326,1000,100,ok_event_tree,event_tree,1000,174783000.0,151755456.75196296,23027543.248045933,0.0,0.0,23027543.248045933,0.0,23027543.248045933,0.0,0.0,0.0,0.0,0.0,31.973411499328805,1.3444538809156952,1000,31.999578799996808,1.344902678004876,1000,6148299576.7265,65214094716197.68,166331871,
249,0.176807222,1000,100,ok_event_tree,event_tree,1000,176807000.0,163059992.14483672,13747007.85517287,0.0,0.0,13747007.85517287,0.0,13747007.85517287,0.0,0.0,0.0,0.0,0.0,35.06279193769969,1.5205137333343537,1000,35.14318800290157,1.5216883994750252,1000,6804840880.040322,83250254032626.64,178433855,
250,0.178854553,1000,100,ok_event_tree,event_tree,1000,178855000.0,153366958.51087996,25488041.489129063,0.0,0.0,25488041.489129063,0.0,25488041.489129063,0.0,0.0,0.0,0.0,0.0,32.538231957738574,1.441024339952544,1000,32.53493864742409,1.4397972179986578,1000,6357804441.735769,77246476879069.67,168105838,
251,0.180925591,1000,100,ok_event_tree,event_tree,1000,180926000.0,158125918.63441098,22800081.36559861,0.0,0.0,22800081.36559861,0.0,22800081.36559861,0.0,0.0,0.0,0.0,0.0,34.03033504524631,1.4732932817554047,1000,34.03794953702258,1.4728182319271124,1000,6522523269.72877,76128331563408.92,173255821,
252,0.183020611,1000,100,ok_event_tree,event_tree,1000,183021000.0,149972048.19490483,33048951.805105004,0.0,0.0,33048951.805105004,0.0,33048951.805105004,0.0,0.0,0.0,0.0,0.0,32.06462811204717,1.399051216693956,1000,32.07779904089725,1.3992279373911969,1000,6194389687.147796,64927552466743.92,164443126,
253,0.185139889,1000,100,ok_event_tree,event_tree,1000,185140000.0,153396110.64844823,31743889.35156168,0.0,0.0,31743889.35156168,0.0,31743889.35156168,0.0,0.0,0.0,0.0,0.0,30.6863797402634,1.3230707845420764,1000,30.72796366685193,1.3234714641074652,1000,7635225258.611613,108121813745950.2,168162110,
254,0.187283708,1000,100,ok_event_tree,event_tree,1000,187284000.0,163889156.93408746,23394843.065923266,0.0,0.0,23394843.065923266,0.0,23394843.065923266,0.0,0.0,0.0,0.0,0.0,34.26120192503877,1.5851964946573993,1000,34.27954996312757,1.5847055089934303,1000,6335231450.738236,63991766844678.56,179027327,
255,0.189452351,1000,100,ok_event_tree,event_tree,1000,189452000.00000003,168423795.98262683,21028204.01738517,0.0,0.0,21028204.01738517,0.0,21028204.01738517,0.0,0.0,0.0,0.0,0.0,35.40153035067676,1.621390994669241,1000,35.481710892345255,1.6220971551782435,1000,8268969370.541451,117196656289816.62,184864480,
256,0.191646106,1000,100,ok_event_tree,event_tree,1000,191646000.0,170794574.79478964,20851425.205222495,0.0,0.0,20851425.205222495,0.0,20851425.205222495,0.0,0.0,0.0,0.0,0.0,37.108147656117694,1.7648252548974979,1000,37.095518374753375,1.7632024406413702,1000,6474463076.711279,74028927355602.4,186703442,
257,0.193865264,1000,100,ok_event_tree,event_tree,1000,193865000.00000003,167864154.87913767,26000845.12087392,0.0,0.0,26000845.12087392,0.0,26000845.12087392,0.0,0.0,0.0,0.0,0.0,33.635699534161176,1.5185069602724066,1000,33.67643444280778,1.518779742190308,1000,8122676786.099867,136943120861875.08,183640273,
258,0.196110118,1000,100,ok_event_tree,event_tree,1000,196110000.00000003,167771446.4289457,28338553.57106641,0.0,0.0,28338553.57106641,0.0,28338553.57106641,0.0,0.0,0.0,0.0,0.0,36.12844394466027,1.7580460540555676,1000,36.12273933142588,1.7560631593649088,1000,7372797814.221861,87797537225943.8,183981938,
259,0.198380966,1000,100,ok_event_tree,event_tree,1000,198381000.0,173488547.75967225,24892452.240340307,0.0,0.0,24892452.240340307,0.0,24892452.240340307,0.0,0.0,0.0,0.0,0.0,39.440249022811955,2.0611286571194416,1000,39.44642347470151,2.060476496812411,1000,8069910021.015653,124573889875835.8,189667726,
260,0.200678109,1000,100,ok_event_tree,event_tree,1000,200678000.0,178732603.31589997,21945396.684113834,0.0,0.0,21945396.684113834,0.0,21945396.684113834,0.0,0.0,0.0,0.0,0.0,37.11844466107609,1.7681349052297557,1000,37.141050018310985,1.7681097971463011,1000,9643613524.427372,164124299148523.84,195715255,
261,0.203001852,1000,100,ok_event_tree,event_tree,1000,203002000.00000003,177027605.31801748,25974394.681996632,0.0,0.0,25974394.681996632,0.0,25974394.681996632,0.0,0.0,0.0,0.0,0.0,40.58944064511275,2.1724467413308166,1000,40.59693720081588,2.1713371171882927,1000,8418489053.144268,110821111633241.5,193940296,
262,0.205352503,1000,100,ok_event_tree,event_tree,1000,205353000.00000003,185293418.121353,20059581.878661867,0.0,0.0,20059581.878661867,0.0,20059581.878661867,0.0,0.0,0.0,0.0,0.0,42.177608297049446,2.2064913507063073,1000,42.2034231854919,2.2071867004550887,1000,9199018268.939924,131795759542184.62,202949828,
263,0.207730373,1000,100,ok_event_tree,event_tree,1000,207730000.0,181265696.4857064,26464303.514307823,0.0,0.0,26464303.514307823,0.0,26464303.514307823,0.0,0.0,0.0,0.0,0.0,43.418337707188385,2.398246921479027,1000,43.48208314484953,2.401561702811083,1000,8280137123.664847,118339885616915.16,198121739,
264,0.210135777,1000,100,ok_event_tree,event_tree,1000,210136000.0,180481146.54192364,29654853.458091017,0.0,0.0,29654853.458091017,0.0,29654853.458091017,0.0,0.0,0.0,0.0,0.0,39.89818430100272,2.144840716208325,1000,39.89596291444512,2.1437159846171876,1000,8200867567.454976,120664458178927.33,197087389,
265,0.212569035,1000,100,ok_event_tree,event_tree,1000,212569000.0,192069243.91092646,20499756.08909007,0.0,0.0,20499756.08909007,0.0,20499756.08909007,0.0,0.0,0.0,0.0,0.0,43.42261827616753,2.4278637219894503,1000,43.525707790387074,2.4314450285450753,1000,10623891612.945902,192534961640650.5,210144336,
266,0.215030468,1000,100,ok_event_tree,event_tree,1000,215030000.0,188341606.31688598,26688393.683129713,0.0,0.0,26688393.683129713,0.0,26688393.683129713,0.0,0.0,0.0,0.0,0.0,43.54437132910283,2.511082292657968,1000,43.53432062922594,2.5090607240447174,1000,9456198849.540346,157628260502714.6,206012954,
267,0.217520403,1000,100,ok_event_tree,event_tree,1000,217520000.00000003,190035600.28388688,27484399.716129445,0.0,0.0,27484399.716129445,0.0,27484399.716129445,0.0,0.0,0.0,0.0,0.0,45.760776634397935,2.8044957588690558,1000,45.805822753200054,2.803834136312099,1000,9948152346.70505,171380814248020.28,208223276,
268,0.220039171,1000,100,ok_event_tree,event_tree,1000,220039000.0,183573050.69854376,36465949.301471055,0.0,0.0,36465949.301471055,0.0,36465949.301471055,0.0,0.0,0.0,0.0,0.0,44.42392300445672,2.7094519733140743,1000,44.468851277815226,2.708522314076711,1000,8274751073.1549225,112623285990294.81,200714204,
269,0.222587104,1000,100,ok_event_tree,event_tree,1000,222587000.00000003,187642320.87699306,34944679.12302364,0.0,0.0,34944679.12302364,0.0,34944679.12302364,0.0,0.0,0.0,0.0,0.0,43.811164915929204,2.6330520847657763,1000,43.83797468028107,2.633651788607058,1000,10171136809.042822,175581471694131.47,205445817,
270,0.225164542,1000,100,ok_event_tree,event_tree,1000,225165000.0,195801874.3969394,29363125.603077885,0.0,0.0,29363125.603077885,0.0,29363125.603077885,0.0,0.0,0.0,0.0,0.0,45.5931693896167,2.7135896102327477,1000,45.6361275590609,2.7134079602623777,1000,10704779949.63707,190232674854932.72,214069184,
271,0.227771824,1000,100,ok_event_tree,event_tree,1000,227772000.0,194639276.8195026,33132723.180513836,0.0,0.0,33132723.180513836,0.0,33132723.180513836,0.0,0.0,0.0,0.0,0.0,44.67729348531196,2.669074092901639,1000,44.76984484820812,2.678836174974018,1000,10299711059.540758,162805046796875.88,212986351,
272,0.230409298,1000,100,ok_event_tree,event_tree,1000,230409000.0,206788970.35976118,23620029.640258607,0.0,0.0,23620029.640258607,0.0,23620029.640258607,0.0,0.0,0.0,0.0,0.0,48.817374907221115,3.0336266307723365,1000,48.851464727284394,3.033243362562597,1000,10907467855.723642,197351875964507.94,225904778,
273,0.233077312,1000,100,ok_event_tree,event_tree,1000,233077000.00000003,213085695.15350622,19991304.84651387,0.0,0.0,19991304.84651387,0.0,19991304.84651387,0.0,0.0,0.0,0.0,0.0,46.35195678898097,2.890264881186946,1000,46.39511489298683,2.8911070770839675,1000,11923508265.258429,205919185641780.47,232971659,
274,0.23577622,1000,100,ok_event_tree,event_tree,1000,235776000.00000003,205242878.43249398,30533121.56752555,0.0,0.0,30533121.56752555,0.0,30533121.56752555,0.0,0.0,0.0,0.0,0.0,50.20320261862718,3.3364811523112388,1000,50.314292120031595,3.3411450540313496,1000,12226307389.495708,235304960002520.78,224806623,
275,0.23850638,1000,100,ok_event_tree,event_tree,1000,238506000.0,217453743.1948556,21052256.80516534,0.0,0.0,21052256.80516534,0.0,21052256.80516534,0.0,0.0,0.0,0.0,0.0,51.987314118148774,3.436937733278108,1000,52.125980955829704,3.446308976221387,1000,13071976991.82522,262274390286706.06,237289117,
276,0.241268153,1000,100,ok_event_tree,event_tree,1000,241268000.00000003,207917306.49842778,33350693.50159237,0.0,0.0,33350693.50159237,0.0,33350693.50159237,0.0,0.0,0.0,0.0,0.0,51.562953809638365,3.520630054337662,1000,51.608556914565916,3.522692855207212,1000,11731036200.52402,210512574755775.47,227338841,
277,0.244061907,1000,100,ok_event_tree,event_tree,1000,244062000.00000003,211770803.15441516,32291196.84560523,0.0,0.0,32291196.84560523,0.0,32291196.84560523,0.0,0.0,0.0,0.0,0.0,52.11939173011782,3.4878717035477855,1000,52.19294993862503,3.4882827762883766,1000,10379155103.671953,170279829049934.34,231374263,
278,0.24688801,1000,100,ok_event_tree,event_tree,1000,246888000.00000003,213307107.56261104,33580892.43740977,0.0,0.0,33580892.43740977,0.0,33580892.43740977,0.0,0.0,0.0,0.0,0.0,56.4209480593009,4.146788752819169,1000,56.458169052067554,4.150147835179143,1000,10081120957.608696,172360774232190.25,233813566,
279,0.249746839,1000,100,ok_event_tree,event_tree,1000,249747000.00000003,227199043.9855194,22547956.01450398,0.0,0.0,22547956.01450398,0.0,22547956.01450398,0.0,0.0,0.0,0.0,0.0,57.26730982740796,4.245079087069276,1000,57.30816614546252,4.244482167738233,1000,14688477460.623205,297184157782127.9,249082589,
280,0.252638771,1000,100,ok_event_tree,event_tree,1000,252639000.0,220355029.4304178,32283970.569605224,0.0,0.0,32283970.569605224,0.0,32283970.569605224,0.0,0.0,0.0,0.0,0.0,51.76054155851642,3.5065934362844975,1000,51.87323485734852,3.5172889916858434,1000,12991702009.922447,219100680490548.0,241253407,
281,0.25556419,1000,100,ok_event_tree,event_tree,1000,255564000.00000003,224948480.62141144,30615519.37861199,0.0,0.0,30615519.37861199,0.0,30615519.37861199,0.0,0.0,0.0,0.0,0.0,55.996423427186436,4.08818999818459,1000,56.088518999603,4.091191074263339,1000,12558121196.6014,210437130386935.53,245996745,
282,0.258523484,1000,100,ok_event_tree,event_tree,1000,258523000.0,224366862.5666414,34156137.43338319,0.0,0.0,34156137.43338319,0.0,34156137.43338319,0.0,0.0,0.0,0.0,0.0,57.58070808179278,4.332176037798688,1000,57.588500146437084,4.331656006098823,1000,10933835821.015644,199174166459141.1,245026626,
283,0.261517045,1000,100,ok_event_tree,event_tree,1000,261517000.0,230361996.0928947,31155003.907128993,0.0,0.0,31155003.907128993,0.0,31155003.907128993,0.0,0.0,0.0,0.0,0.0,58.52976317091213,4.478315587982058,1000,58.5188669587965,4.475622551727584,1000,12406830366.826,207117899309013.6,251626143,
284,0.264545269,1000,100,ok_event_tree,event_tree,1000,264545000.00000003,225551691.77545863,38993308.22456593,0.0,0.0,38993308.22456593,0.0,38993308.22456593,0.0,0.0,0.0,0.0,0.0,59.42713558253228,4.6490357355376215,1000,59.50722786734795,4.649544995388615,1000,15448592730.404535,378731724571645.6,247075880,
285,0.267608559,1000,100,ok_event_tree,event_tree,1000,267609000.0,233429107.94101888,34179892.059006594,0.0,0.0,34179892.059006594,0.0,34179892.059006594,0.0,0.0,0.0,0.0,0.0,59.691975389063685,4.8352142276925605,1000,59.713300233859755,4.83437726144124,1000,12319239020.246815,222157387830764.94,254673346,
286,0.27070732,1000,100,ok_event_tree,event_tree,1000,270707000.0,238385101.4641392,32321898.535886813,0.0,0.0,32321898.535886813,0.0,32321898.535886813,0.0,0.0,0.0,0.0,0.0,58.721549396959276,4.421630143888148,1000,59.23196759610858,4.469429244387062,1000,17820968877.466057,498952834759772.75,260398398,
287,0.273841963,1000,100,ok_event_tree,event_tree,1000,273842000.0,235019110.1887987,38822889.811228074,0.0,0.0,38822889.811228074,0.0,38822889.811228074,0.0,0.0,0.0,0.0,0.0,62.83414872130638,5.225609241346221,1000,62.95360090407973,5.230275537774218,1000,12399293448.439983,239548860395098.4,256531374,
288,0.277012904,1000,100,ok_event_tree,event_tree,1000,277013000.0,244038906.4559875,32974093.544040922,0.0,0.0,32974093.544040922,0.0,32974093.544040922,0.0,0.0,0.0,0.0,0.0,71.82921030601607,6.528402958277778,1000,71.8188275518846,6.526286722475805,1000,12280013736.886076,214207671591209.16,266413243,
289,0.280220562,1000,100,ok_event_tree,event_tree,1000,280221000.0,249301239.17714816,30919760.822881125,0.0,0.0,30919760.822881125,0.0,30919760.822881125,0.0,0.0,0.0,0.0,0.0,68.41584137903162,6.001536554519674,1000,68.4627459087478,6.005233065279966,1000,12762953042.97417,209863717999178.28,271329047,
290,0.283465363,1000,100,ok_event_tree,event_tree,1000,283465000.0,253364590.7199097,30100409.280119386,0.0,0.0,30100409.280119386,0.0,30100409.280119386,0.0,0.0,0.0,0.0,0.0,66.98185549991071,5.703054397714729,1000,67.14930963927416,5.730382900821282,1000,13998802478.432215,259969372830890.4,277202731,
291,0.286747738,1000,100,ok_event_tree,event_tree,1000,286748000.0,246708966.74930385,40039033.250723794,0.0,0.0,40039033.250723794,0.0,40039033.250723794,0.0,0.0,0.0,0.0,0.0,64.41664500369242,5.653532895169695,1000,64.55001532425341,5.663338706465914,1000,13574625171.66955,249179648261556.94,269149454,
292,0.29006812,1000,100,ok_event_tree,event_tree,1000,290068000.0,254331484.29542634,35736515.70460335,0.0,0.0,35736515.70460335,0.0,35736515.70460335,0.0,0.0,0.0,0.0,0.0,70.46922115743043,6.5058598258713545,1000,70.52955678941117,6.507374223140023,1000,14135011665.462626,297973745392089.4,276836435,
293,0.29342695,1000,100,ok_event_tree,event_tree,1000,293427000.00000006,256037258.81013227,37389741.18989688,0.0,0.0,37389741.18989688,0.0,37389741.18989688,0.0,0.0,0.0,0.0,0.0,64.58599557002667,5.393183046804738,1000,64.63269211535876,5.394160831416538,1000,15016104587.17999,289168142558917.25,279261254,
294,0.296824674,1000,100,ok_event_tree,event_tree,1000,296825000.0,269088079.28799075,27736920.712040655,0.0,0.0,27736920.712040655,0.0,27736920.712040655,0.0,0.0,0.0,0.0,0.0,71.88738625325243,6.625423315562963,1000,71.91774387463447,6.629422705451758,1000,16748093249.123207,351739852619845.75,293228695,
295,0.300261742,1000,100,ok_event_tree,event_tree,1000,300262000.00000006,273456592.0370436,26805407.962990776,0.0,0.0,26805407.962990776,0.0,26805407.962990776,0.0,0.0,0.0,0.0,0.0,71.91504196176831,6.54379476083307,1000,72.11104749425611,6.558957841453146,1000,15859848664.658323,320979964543714.0,298450411,
296,0.303738609,1000,100,ok_event_tree,event_tree,1000,303739000.0,272001353.1357421,31737646.8642909,0.0,0.0,31737646.8642909,0.0,31737646.8642909,0.0,0.0,0.0,0.0,0.0,75.51972145776763,7.354479392080331,1000,75.54389854650792,7.354218469958386,1000,14840216532.334854,255349913419713.72,296792706,
297,0.307255737,1000,100,ok_event_tree,event_tree,1000,307256000.0,281791319.57202125,25464680.428013954,0.0,0.0,25464680.428013954,0.0,25464680.428013954,0.0,0.0,0.0,0.0,0.0,77.7244870427776,7.767412447276052,1000,77.72744109596776,7.768129636628069,1000,15478079476.449564,277364492155690.4,307929283,
298,0.31081359,1000,100,ok_event_tree,event_tree,1000,310814000.00000006,284984891.87900895,25829108.12102516,0.0,0.0,25829108.12102516,0.0,25829108.12102516,0.0,0.0,0.0,0.0,0.0,84.49720426671767,8.917960065970686,1000,84.5644628936452,8.921649865188485,1000,14392727956.301168,238888499383078.94,311283340,
299,0.314412642,1000,100,ok_event_tree,event_tree,1000,314413000.0,275938365.11697114,38474634.88306285,0.0,0.0,38474634.88306285,0.0,38474634.88306285,0.0,0.0,0.0,0.0,0.0,72.99023811446872,7.152908718227103,1000,73.12360001630024,7.16687985086206,1000,17953012896.57371,412101403911026.7,301022038,
300,0.318053369,1000,100,ok_event_tree,event_tree,1000,318053000.00000006,277645382.43350846,40407617.566526994,0.0,0.0,40407617.566526994,0.0,40407617.566526994,0.0,0.0,0.0,0.0,0.0,76.03020053184335,7.86497085480016,1000,76.0783912924797,7.871539978484573,1000,14940937885.076527,281662588061434.0,302386687,
301,0.321736253,1000,100,ok_event_tree,event_tree,1000,321736000.00000006,275469120.4970778,46266879.50295659,0.0,0.0,46266879.50295659,0.0,46266879.50295659,0.0,0.0,0.0,0.0,0.0,78.6784001982875,8.407763264091335,1000,78.72098197649515,8.407156150539059,1000,17911557627.142265,436880198431349.0,300902885,
302,0.325461783,1000,100,ok_event_tree,event_tree,1000,325462000.0,282205821.81242746,43256178.18760775,0.0,0.0,43256178.18760775,0.0,43256178.18760775,0.0,0.0,0.0,0.0,0.0,80.22056274669553,8.521724768397304,1000,80.27256431747175,8.523143062650737,1000,13786212285.854822,240248197750010.22,307629372,
303,0.329230453,1000,100,ok_event_tree,event_tree,1000,329230000.00000006,287405776.6593915,41824223.340645,0.0,0.0,41824223.340645,0.0,41824223.340645,0.0,0.0,0.0,0.0,0.0,82.82504710416251,9.130564217043199,1000,82.99501028443693,9.138123280262572,1000,21136782023.260426,600004852135227.8,314187317,
304,0.333042762,1000,100,ok_event_tree,event_tree,1000,333043000.00000006,291686304.9487711,41356695.051265195,0.0,0.0,41356695.051265195,0.0,41356695.051265195,0.0,0.0,0.0,0.0,0.0,82.73749216604104,9.099521503991726,1000,82.81108420610045,9.10758560650987,1000,19743866396.324074,514953419329181.75,318524846,
305,0.336899216,1000,100,ok_event_tree,event_tree,1000,336899000.0,299879732.79813987,37019267.20189843,0.0,0.0,37019267.20189843,0.0,37019267.20189843,0.0,0.0,0.0,0.0,0.0,90.00255419143751,10.511842892235352,1000,90.03616574040407,10.513001421414257,1000,17677296724.19604,404416473920555.25,327216860,
306,0.340800325,1000,100,ok_event_tree,event_tree,1000,340800000.0,305242801.41553223,35557198.58450628,0.0,0.0,35557198.58450628,0.0,35557198.58450628,0.0,0.0,0.0,0.0,0.0,90.3016932477133,10.60742160094325,1000,90.43206916716353,10.621846618323888,1000,20376754402.963436,542457311848729.06,332952085,
307,0.344746607,1000,100,ok_event_tree,event_tree,1000,344747000.00000006,301700587.20126355,43046412.7987745,0.0,0.0,43046412.7987745,0.0,43046412.7987745,0.0,0.0,0.0,0.0,0.0,88.5834239243671,10.232545697436715,1000,88.66371665830866,10.244827567393894,1000,23119399412.812046,694258977894069.0,329436486,
308,0.348738584,1000,100,ok_event_tree,event_tree,1000,348739000.0,310998990.77656955,37740009.22347099,0.0,0.0,37740009.22347099,0.0,37740009.22347099,0.0,0.0,0.0,0.0,0.0,96.56939907587625,11.702732131728451,1000,96.62371788027212,11.709965308108291,1000,20216200464.24965,516724150658537.5,339149163,
309,0.352776787,1000,100,ok_event_tree,event_tree,1000,352777000.0,307822752.4221487,44954247.577890486,0.0,0.0,44954247.577890486,0.0,44954247.577890486,0.0,0.0,0.0,0.0,0.0,88.3456469467777,10.386120957384883,1000,88.51739161543688,10.41629567292726,1000,20425677815.85865,500937478941890.25,335486544,
310,0.356861749,1000,100,ok_event_tree,event_tree,1000,356862000.0,326324700.76817673,30537299.231865942,0.0,0.0,30537299.231865942,0.0,30537299.231865942,0.0,0.0,0.0,0.0,0.0,105.28838992776946,13.704741517686514,1000,105.33324084139919,13.708867452535134,1000,20434054612.826,465921265087129.56,355860564,
311,0.360994014,1000,100,ok_event_tree,event_tree,1000,360994000.00000006,319492002.1371356,41501997.86290632,0.0,0.0,41501997.86290632,0.0,41501997.86290632,0.0,0.0,0.0,0.0,0.0,95.93999758391409,11.974360508681535,1000,96.07356659971089,11.990270302803962,1000,21706960785.290092,539021540261664.56,348778089,
312,0.365174127,1000,100,ok_event_tree,event_tree,1000,365174000.0,332116745.9605998,33057254.039443817,0.0,0.0,33057254.039443817,0.0,33057254.039443817,0.0,0.0,0.0,0.0,0.0,96.05119742341658,11.702974622316967,1000,96.41054446364444,11.7292457083248,1000,23504395693.97514,680765589895780.4,362026492,
313,0.369402644,1000,100,ok_event_tree,event_tree,1000,369403000.00000006,305230541.8830362,64172458.117004186,0.0,0.0,64172458.117004186,0.0,64172458.117004186,0.0,0.0,0.0,0.0,0.0,91.47073621800969,11.685585977005752,1000,91.54967437242811,11.686884695578607,1000,18171797807.640614,376277774756393.8,332666095,
314,0.373680125,1000,100,ok_event_tree,event_tree,1000,373680000.0,337113911.97464895,36566088.025394864,0.0,0.0,36566088.025394864,0.0,36566088.025394864,0.0,0.0,0.0,0.0,0.0,108.57222282523624,14.793845002620683,1000,108.68765670862695,14.814288470748476,1000,19002706169.493248,366749557757406.06,367519737,
315,0.378007137,1000,100,ok_event_tree,event_tree,1000,378007000.00000006,336818858.8242945,41188141.175750345,0.0,0.0,41188141.175750345,0.0,41188141.175750345,0.0,0.0,0.0,0.0,0.0,105.12785941519944,13.898139443355372,1000,105.145382459439,13.897424317006834,1000,18715369466.82117,372158258846304.06,367488463,
316,0.382384254,1000,100,ok_event_tree,event_tree,1000,382384000.0,332417806.57497305,49966193.42506984,0.0,0.0,49966193.42506984,0.0,49966193.42506984,0.0,0.0,0.0,0.0,0.0,106.35016985180174,14.97688451781922,1000,106.47072518302238,14.990125761789212,1000,24161161171.88684,589201415283069.6,362822417,
317,0.386812055,1000,100,ok_event_tree,event_tree,1000,386812000.00000006,341242072.0971394,45569927.902907364,0.0,0.0,45569927.902907364,0.0,45569927.902907364,0.0,0.0,0.0,0.0,0.0,109.39312881912025,15.450062404709039,1000,109.40026030770102,15.44451136238091,1000,21988945839.1053,512433866462035.75,371933448,
318,0.391291127,1000,100,ok_event_tree,event_tree,1000,391291000.0,341300857.8674429,49990142.132602885,0.0,0.0,49990142.132602885,0.0,49990142.132602885,0.0,0.0,0.0,0.0,0.0,105.35475188546927,14.880404470875227,1000,105.49664945385315,14.891260534594686,1000,24489288525.07215,723386683066457.9,372176969,
319,0.395822065,1000,100,ok_event_tree,event_tree,1000,395822000.0,354929803.82502985,40892196.1750191,0.0,0.0,40892196.1750191,0.0,40892196.1750191,0.0,0.0,0.0,0.0,0.0,102.71861138252953,13.837588991099043,1000,102.98591215575163,13.857145662675848,1000,24157738703.510242,631000924504995.9,387568091,
320,0.400405468,1000,100,ok_event_tree,event_tree,1000,400405000.0,336196932.1400303,64208067.860014625,0.0,0.0,64208067.860014625,0.0,64208067.860014625,0.0,0.0,0.0,0.0,0.0,106.16890801171168,15.224753076093853,1000,106.22957470085915,15.228070633925938,1000,23216136798.010525,623888073872716.0,366780926,
321,0.405041945,1000,100,ok_event_tree,event_tree,1000,405042000.0,357719552.90010285,47322447.09994508,0.0,0.0,47322447.09994508,0.0,47322447.09994508,0.0,0.0,0.0,0.0,0.0,116.02559492646132,17.813633840211295,1000,116.33520133543925,17.845925723326104,1000,26415293587.26269,863188430583856.4,389640886,
322,0.40973211,1000,100,ok_event_tree,event_tree,1000,409732000.00000006,352756957.44695294,56975042.553093515,0.0,0.0,56975042.553093515,0.0,56975042.553093515,0.0,0.0,0.0,0.0,0.0,108.38219682744636,16.022398069966634,1000,108.73293481394452,16.038974327239,1000,33359263058.958202,1166618645933329.2,384698371,
323,0.414476584,1000,100,ok_event_tree,event_tree,1000,414477000.0,361425864.6861012,53051135.31394835,0.0,0.0,53051135.31394835,0.0,53051135.31394835,0.0,0.0,0.0,0.0,0.0,116.86891471328755,17.557613629664882,1000,117.05453028890243,17.594545005724054,1000,24253027752.245785,633529881761539.1,394128924,
324,0.419275997,1000,100,ok_event_tree,event_tree,1000,419276000.00000006,369516705.42399335,49759294.57605756,0.0,0.0,49759294.57605756,0.0,49759294.57605756,0.0,0.0,0.0,0.0,0.0,122.25943500389414,19.20332457475837,1000,122.48099094651897,19.23230853137925,1000,31316119663.62239,1088983805188432.8,403803726,
325,0.424130984,1000,100,ok_event_tree,event_tree,1000,424131000.0,383098979.2666889,41032020.733363345,0.0,0.0,41032020.733363345,0.0,41032020.733363345,0.0,0.0,0.0,0.0,0.0,130.32342179204167,21.05131244222315,1000,130.3824170527812,21.0568197992551,1000,24984422482.286686,639571346609534.5,418340562,
326,0.429042189,1000,100,ok_event_tree,event_tree,1000,429042000.0,378679647.2346359,50362352.76541701,0.0,0.0,50362352.76541701,0.0,50362352.76541701,0.0,0.0,0.0,0.0,0.0,123.04651674841891,20.06244891442475,1000,123.38787735947679,20.107713747342746,1000,26883839617.058216,766864880458476.1,412864735,
327,0.434010264,1000,100,ok_event_tree,event_tree,1000,434010000.0,380228937.32951945,53781062.67053218,0.0,0.0,53781062.67053218,0.0,53781062.67053218,0.0,0.0,0.0,0.0,0.0,127.42691477426341,21.406713116954386,1000,127.53837458566133,21.429531938338304,1000,25012638982.20134,652792620005424.6,414566161,
328,0.439035866,1000,100,ok_event_tree,event_tree,1000,439036000.00000006,374406200.430941,64629799.56911073,0.0,0.0,64629799.56911073,0.0,64629799.56911073,0.0,0.0,0.0,0.0,0.0,124.10161212935463,20.601682759714915,1000,124.18575158159918,20.61782698819665,1000,27040694878.50901,776303525823758.4,407775045,
329,0.444119661,1000,100,ok_event_tree,event_tree,1000,444120000.00000006,397071758.93237925,47048241.06767532,0.0,0.0,47048241.06767532,0.0,47048241.06767532,0.0,0.0,0.0,0.0,0.0,118.85948310830362,18.166475846317194,1000,119.00172321049548,18.186624283309904,1000,29926030542.185413,788951594981490.8,433664149,
330,0.449262325,1000,100,ok_event_tree,event_tree,1000,449262000.0,401846889.1658359,47415110.8342181,0.0,0.0,47415110.8342181,0.0,47415110.8342181,0.0,0.0,0.0,0.0,0.0,138.92320333913483,25.415603223001735,1000,139.2918399628052,25.444459667957506,1000,31929547886.583508,868899228450723.1,437749560,
331,0.454464537,1000,100,ok_event_tree,event_tree,1000,454465000.0,407168145.9146971,47296854.08535758,0.0,0.0,47296854.08535758,0.0,47296854.08535758,0.0,0.0,0.0,0.0,0.0,129.1421420487249,21.88349035948741,1000,129.26063050859722,21.898509613360396,1000,37856755533.690506,1551509352217017.0,444518081,
332,0.459726989,1000,100,ok_event_tree,event_tree,1000,459727000.0,384549636.6512443,75177363.34880883,0.0,0.0,75177363.34880883,0.0,75177363.34880883,0.0,0.0,0.0,0.0,0.0,128.70795306861683,23.241094803392322,1000,129.06232415725023,23.294928981013694,1000,32074346677.977882,1180939871050309.2,418793698,
333,0.465050376,1000,100,ok_event_tree,event_tree,1000,465050000.00000006,417520152.28486395,47529847.71519347,0.0,0.0,47529847.71519347,0.0,47529847.71519347,0.0,0.0,0.0,0.0,0.0,139.64473155335895,24.74643270608646,1000,139.74528626121293,24.75597645344423,1000,28776474050.02964,679359270597155.2,453856861,
334,0.470435406,1000,100,ok_event_tree,event_tree,1000,470435000.0,426932174.3702477,43502825.62981088,0.0,0.0,43502825.62981088,0.0,43502825.62981088,0.0,0.0,0.0,0.0,0.0,150.86480454241575,27.8458671828935,1000,151.14614146518565,27.87927850614435,1000,35074787055.11458,1055423665841107.5,465449386,
335,0.475882791,1000,100,ok_event_tree,event_tree,1000,475883000.0,417442299.392805,58440700.60725197,0.0,0.0,58440700.60725197,0.0,58440700.60725197,0.0,0.0,0.0,0.0,0.0,140.46391697743996,25.64226833561779,1000,140.50261906420843,25.655554570226577,1000,30728241348.56057,901765854434353.5,454913616,
336,0.481393254,1000,100,ok_event_tree,event_tree,1000,481393000.0,425709755.23577577,55683244.764283195,0.0,0.0,55683244.764283195,0.0,55683244.764283195,0.0,0.0,0.0,0.0,0.0,150.60895326282628,29.63406775096467,1000,150.8036567766258,29.688313609547027,1000,32777058499.177254,1018991030884543.4,463519931,
337,0.486967525,1000,100,ok_event_tree,event_tree,1000,486968000.00000006,438814742.47957206,48153257.52048805,0.0,0.0,48153257.52048805,0.0,48153257.52048805,0.0,0.0,0.0,0.0,0.0,153.93624962283855,30.971132214705808,1000,154.37516700220675,31.053987766509323,1000,39344915312.002464,1489222667391808.8,478256108,
338,0.492606343,1000,100,ok_event_tree,event_tree,1000,492606000.0,445547083.8782381,47058916.12182257,0.0,0.0,47058916.12182257,0.0,47058916.12182257,0.0,0.0,0.0,0.0,0.0,162.43888243773475,33.70500231936818,1000,162.63404985411555,33.75312080642249,1000,36773060990.78368,1335157710153644.2,485734695,
339,0.498310456,1000,100,ok_event_tree,event_tree,1000,498310000.00000006,447093128.355738,51216871.64432492,0.0,0.0,51216871.64432492,0.0,51216871.64432492,0.0,0.0,0.0,0.0,0.0,154.33928053292632,30.341810984036098,1000,154.35865558000495,30.338271188608527,1000,34725589017.20858,1176358485506768.0,486361419,
340,0.504080619,1000,100,ok_event_tree,event_tree,1000,504081000.0,433336169.2838146,70744830.71624331,0.0,0.0,70744830.71624331,0.0,70744830.71624331,0.0,0.0,0.0,0.0,0.0,147.41012490248139,29.522776453637306,1000,147.4510512675317,29.529327679174706,1000,36964739896.446945,1258288924273868.2,472952389,
341,0.509917598,1000,100,ok_event_tree,event_tree,1000,509918000.0,459805760.70848155,50112239.29157428,0.0,0.0,50112239.29157428,0.0,50112239.29157428,0.0,0.0,0.0,0.0,0.0,163.75306776003262,34.812645050978915,1000,164.1487731277296,34.933721829603975,1000,44449832531.792755,2157878310779426.5,500604689,
342,0.515822165,1000,100,ok_event_tree,event_tree,1000,515822000.0,454635906.1661655,61186093.833889656,0.0,0.0,61186093.833889656,0.0,61186093.833889656,0.0,0.0,0.0,0.0,0.0,165.28739159461526,35.10032859003158,1000,165.36613012051183,35.12391267629601,1000,39248815657.874054,1356292365326704.0,495349820,
343,0.521795104,1000,100,ok_event_tree,event_tree,1000,521795000.00000006,446636548.70142514,75158451.29862219,0.0,0.0,75158451.29862219,0.0,75158451.29862219,0.0,0.0,0.0,0.0,0.0,165.0890934448601,38.281651700648865,1000,165.25202225904664,38.303729938546155,1000,37289721390.47886,1604570530593723.8,487003548,
344,0.527837207,1000,100,ok_event_tree,event_tree,1000,527837000.0,452737845.0436458,75099154.95640118,0.0,0.0,75099154.95640118,0.0,75099154.95640118,0.0,0.0,0.0,0.0,0.0,172.54073134664168,39.625063746127665,1000,172.7182198365701,39.66334799810949,1000,31726820348.34357,926375029331124.9,493217861,
345,0.533949274,1000,100,ok_event_tree,event_tree,1000,533949000.0,447346856.3470648,86602143.65298408,0.0,0.0,86602143.65298408,0.0,86602143.65298408,0.0,0.0,0.0,0.0,0.0,160.46795614044686,35.93892911799828,1000,160.60844870093302,35.96576332177986,1000,29396286937.341503,790863312702926.6,487440983,
346,0.540132115,1000,100,ok_event_tree,event_tree,1000,540132000.0,492880008.6540659,47251991.345978,0.0,0.0,47251991.345978,0.0,47251991.345978,0.0,0.0,0.0,0.0,0.0,185.45146928347725,43.442799379078075,1000,185.5402408599599,43.46438018654622,1000,34408691251.54352,957433993163040.6,536701016,
347,0.54638655,1000,100,ok_event_tree,event_tree,1000,546387000.0,496167216.26025236,50219783.73978819,0.0,0.0,50219783.73978819,0.0,50219783.73978819,0.0,0.0,0.0,0.0,0.0,172.44567566006316,38.69650915149872,1000,172.75350693104616,38.77135326430855,1000,45577193006.27379,2423197964561967.5,540571879,
348,0.552713408,1000,100,ok_event_tree,event_tree,1000,552713000.0,480282385.8452287,72430614.15480946,0.0,0.0,72430614.15480946,0.0,72430614.15480946,0.0,0.0,0.0,0.0,0.0,180.7399962773416,42.76960784127976,1000,180.8677207639873,42.802742743255315,988,33639227347.286697,991279854528361.4,522487970,
349,0.559113528,1000,100,ok_event_tree,event_tree,1000,559114000.0,486028589.0383913,73085410.96164297,0.0,0.0,73085410.96164297,0.0,73085410.96164297,0.0,0.0,0.0,0.0,0.0,180.06433097463025,43.69373198941857,1000,180.14935009472944,43.70935829019936,1000,43831013788.800964,1638593183798640.8,529774685,
350,0.565587757,1000,100,ok_event_tree,event_tree,1000,565588000.0,517217621.2522085,48370378.747827046,0.0,0.0,48370378.747827046,0.0,48370378.747827046,0.0,0.0,0.0,0.0,0.0,200.14825096313558,49.66159620023915,1000,200.57970473263646,49.695779911425426,1000,46212873476.53475,1845752239777299.8,564037044,
351,0.572136955,1000,100,ok_event_tree,event_tree,1000,572137000.0,515448297.475935,56688702.52409505,0.0,0.0,56688702.52409505,0.0,56688702.52409505,0.0,0.0,0.0,0.0,0.0,191.31236831446597,46.88919918676314,1000,191.57342099269883,46.959106644907735,1000,43898144754.56179,1543905486471090.0,562017476,
352,0.578761988,1000,100,ok_event_tree,event_tree,1000,578762000.0,503907986.7368765,74854013.26315396,0.0,0.0,74854013.26315396,0.0,74854013.26315396,0.0,0.0,0.0,0.0,0.0,174.7180674247418,41.18989427699169,1000,175.0011782842606,41.20809637399337,1000,51151014141.996124,2239377127895578.2,549522503,
353,0.585463736,1000,100,ok_event_tree,event_tree,1000,585464000.0000001,510091394.0596673,75372605.94036084,0.0,0.0,75372605.94036084,0.0,75372605.94036084,0.0,0.0,0.0,0.0,0.0,199.51535816053402,51.737335052225475,1000,199.6962826040003,51.77417168552341,1000,43571082524.47496,1846774003838200.2,555144306,
354,0.592243087,1000,100,ok_event_tree,event_tree,1000,592243000.0000001,531897184.9389971,60345815.06102623,0.0,0.0,60345815.06102623,0.0,60345815.06102623,0.0,0.0,0.0,0.0,0.0,201.60474182412824,52.500776473314446,1000,201.98097752921836,52.57607050176105,1000,50730047262.548035,2303420109400851.5,579489816,
355,0.599100939,1000,100,ok_event_tree,event_tree,1000,599101000.0,517628123.16800654,81472876.83201447,0.0,0.0,81472876.83201447,0.0,81472876.83201447,0.0,0.0,0.0,0.0,0.0,186.79569824190125,47.02680194273801,1000,187.00417643237512,47.07440381790092,1000,48191610912.86369,2010018589475450.8,563022065,
356,0.606038201,1000,100,ok_event_tree,event_tree,1000,606038000.0000001,550309219.7834328,55728780.21658698,0.0,0.0,55728780.21658698,0.0,55728780.21658698,0.0,0.0,0.0,0.0,0.0,212.04075287394514,57.32067189376951,1000,212.21264895395657,57.348034917836344,1000,47318666053.60931,1600296049610327.2,598749267,
357,0.613055792,1000,100,ok_event_tree,event_tree,1000,613056000.0000001,549733473.0118192,63322526.98819413,0.0,0.0,63322526.98819413,0.0,63322526.98819413,0.0,0.0,0.0,0.0,0.0,209.6569144463316,55.773954510268034,1000,210.07557344117865,55.838709199947715,1000,55491074171.83948,2633511454832972.5,597947003,
358,0.620154644,1000,100,ok_event_tree,event_tree,1000,620155000.0,554472376.1368526,65682623.86316625,0.0,0.0,65682623.86316625,0.0,65682623.86316625,0.0,0.0,0.0,0.0,0.0,206.98219726693893,54.66027541032143,1000,207.4901132242531,54.71415627647884,1000,55014792837.118866,2965969332232631.5,602277023,
359,0.627335696,1000,100,ok_event_tree,event_tree,1000,627336000.0,538298705.4067632,89037294.59325238,0.0,0.0,89037294.59325238,0.0,89037294.59325238,0.0,0.0,0.0,0.0,0.0,201.34461654710398,55.901546496750086,1000,201.82136519091276,55.99262398064497,1000,63195421078.14391,3594657834712976.5,585170507,
360,0.634599901,1000,100,ok_event_tree,event_tree,1000,634600000.0000001,567410651.6539419,67189348.34607057,0.0,0.0,67189348.34607057,0.0,67189348.34607057,0.0,0.0,0.0,0.0,0.0,217.13939953407728,59.78748225745501,1000,217.44520596455195,59.86697157931713,1000,48478959443.28912,1518036506117723.2,617717652,
361,0.641948222,1000,100,ok_event_tree,event_tree,1000,641948000.0,559057846.3100022,82890153.69000521,0.0,0.0,82890153.69000521,0.0,82890153.69000521,0.0,0.0,0.0,0.0,0.0,201.44478880363042,55.747283735951115,1000,202.12895996826185,55.83117190124784,1000,59124630023.78773,3575859447605083.5,607144240,
362,0.649381632,1000,100,ok_event_tree,event_tree,1000,649382000.0,574687071.5557104,74694928.44428998,0.0,0.0,74694928.44428998,0.0,74694928.44428998,0.0,0.0,0.0,0.0,0.0,205.42864774264785,56.46474830848774,1000,205.79166617141468,56.50100889198062,1000,77808599854.98752,5480842911122418.0,625685924,
363,0.656901116,1000,100,ok_event_tree,event_tree,1000,656901000.0,577506454.190441,79394545.80955845,0.0,0.0,79394545.80955845,0.0,79394545.80955845,0.0,0.0,0.0,0.0,0.0,206.57164127709706,57.021854608197025,1000,206.76789061852932,57.06416842120555,1000,47861132147.67118,1896435475176591.5,626740893,
364,0.664507673,1000,100,ok_event_tree,event_tree,1000,664508000.0000001,585952270.5356579,78555729.46433917,0.0,0.0,78555729.46433917,0.0,78555729.46433917,0.0,0.0,0.0,0.0,0.0,222.07933745252456,65.84457995477293,1000,222.74870826942572,66.05332902751672,1000,72105877301.68051,4945480271477934.0,638155552,
365,0.672202309,1000,100,ok_event_tree,event_tree,1000,672202000.0,596325473.9182653,75876526.08173168,0.0,0.0,75876526.08173168,0.0,75876526.08173168,0.0,0.0,0.0,0.0,0.0,230.22542502694574,69.47821634794364,1000,230.6871981839364,69.61227470774827,1000,66273396343.05648,3723220441811350.0,647061514,
366,0.679986045,1000,100,ok_event_tree,event_tree,1000,679986000.0,615861766.7004269,64124233.29956436,0.0,0.0,64124233.29956436,0.0,64124233.29956436,0.0,0.0,0.0,0.0,0.0,245.20131111646856,76.00325789746672,1000,245.5137136881939,76.04906364462079,1000,71205190169.42125,4661776734592782.0,669164058,
367,0.687859912,1000,100,ok_event_tree,event_tree,1000,687860000.0,608411690.4616183,79448309.53837085,0.0,0.0,79448309.53837085,0.0,79448309.53837085,0.0,0.0,0.0,0.0,0.0,230.76440439146864,71.17299789407313,1000,230.9147390988176,71.20047430640881,1000,61169596978.63308,3110435549109865.5,661625224,
368,0.695824955,1000,100,ok_event_tree,event_tree,1000,695825000.0000001,637964367.534703,57860632.465283245,0.0,0.0,57860632.465283245,0.0,57860632.465283245,0.0,0.0,0.0,0.0,0.0,266.83998534483464,88.14095017918804,1000,266.97405045594485,88.1823346444962,1000,61681174240.833496,2897610396274717.0,693627422,
369,0.703882228,1000,100,ok_event_tree,event_tree,1000,703882000.0,637834808.746639,66047191.25334579,0.0,0.0,66047191.25334579,0.0,66047191.25334579,0.0,0.0,0.0,0.0,0.0,272.4694241261894,91.09212068855548,1000,272.75369912245657,91.16765756688437,1000,64372380770.882416,3183066402426990.5,694362483,
370,0.7120328,1000,100,ok_event_tree,event_tree,1000,712033000.0000001,649753364.506401,62279635.49357914,0.0,0.0,62279635.49357914,0.0,62279635.49357914,0.0,0.0,0.0,0.0,0.0,249.51755625443064,79.11482941383576,1000,250.24490762614704,79.25257031897719,1000,66576707895.882195,3619399953887414.0,706856751,
371,0.720277751,1000,100,ok_event_tree,event_tree,1000,720278000.0000001,652187680.3848186,68090319.6151621,0.0,0.0,68090319.6151621,0.0,68090319.6151621,0.0,0.0,0.0,0.0,0.0,255.31022063107,84.52086318035956,1000,255.64548674122997,84.64443744155105,1000,79169181731.71596,4414259956762663.5,709378669,
372,0.728618175,1000,100,ok_event_tree,event_tree,1000,728618000.0000001,646515752.1245711,82102247.87540083,0.0,0.0,82102247.87540083,0.0,82102247.87540083,0.0,0.0,0.0,0.0,0.0,266.42853884843356,93.271812862595,1000,266.78200102575016,93.36967248355182,1000,73192308800.25224,4183209663358873.5,703038822,
373,0.737055175,1000,100,ok_event_tree,event_tree,1000,737055000.0,665144844.4355422,71910155.5644258,0.0,0.0,71910155.5644258,0.0,71910155.5644258,0.0,0.0,0.0,0.0,0.0,267.9375960911528,91.0710185748369,1000,268.6655088000124,91.338561328165,1000,85867637622.13333,6607326473116729.0,722069425,
374,0.745589872,1000,100,ok_event_tree,event_tree,1000,745590000.0000001,664672201.6814457,80917798.31851967,0.0,0.0,80917798.31851967,0.0,80917798.31851967,0.0,0.0,0.0,0.0,0.0,273.95580862109125,96.88034077668317,1000,274.83952359745587,97.30540625425141,1000,72605171348.44572,4444032013416826.5,722856364,
375,0.754223396,1000,100,ok_event_tree,event_tree,1000,754223000.0,673396096.3184004,80826903.68156205,0.0,0.0,80826903.68156205,0.0,80826903.68156205,0.0,0.0,0.0,0.0,0.0,259.33536077841444,87.23564309090133,1000,259.94663430616157,87.4110257641025,1000,70671160949.7731,3874163603454256.0,732425691,
376,0.762956891,1000,100,ok_event_tree,event_tree,1000,762957000.0,679866467.2386093,83090532.76134525,0.0,0.0,83090532.76134525,0.0,83090532.76134525,0.0,0.0,0.0,0.0,0.0,281.6804307590091,102.01550834755102,1000,282.8870373209818,102.45595456077018,1000,78080134691.75569,5009021378288193.0,739105279,
377,0.771791516,1000,100,ok_event_tree,event_tree,1000,771792000.0000001,678388648.6719909,93403351.32796638,0.0,0.0,93403351.32796638,0.0,93403351.32796638,0.0,0.0,0.0,0.0,0.0,268.4621348976175,95.35462298328811,1000,268.9396382206052,95.48978451318133,1000,73885988554.37257,3911326386870514.5,737402842,
378,0.78072844,1000,100,ok_event_tree,event_tree,1000,780728000.0,678291139.9670085,102436860.0329441,0.0,0.0,102436860.0329441,0.0,102436860.0329441,0.0,0.0,0.0,0.0,0.0,279.9824378699904,103.66444047411682,1000,280.5534369544312,103.74563616551305,1000,78485107569.0751,5663758399173805.0,737827987,
379,0.789768849,1000,100,ok_event_tree,event_tree,1000,789769000.0000001,693551824.0892748,96217175.91067232,0.0,0.0,96217175.91067232,0.0,96217175.91067232,0.0,0.0,0.0,0.0,0.0,289.8571204482779,110.0961639175248,1000,289.97701206477944,110.12532181209104,1000,68976073798.19041,3342855374404625.0,753000189,
380,0.798913942,1000,100,ok_event_tree,event_tree,1000,798914000.0,723274617.5571051,75639382.44284053,0.0,0.0,75639382.44284053,0.0,75639382.44284053,0.0,0.0,0.0,0.0,0.0,305.7033566726682,119.72810872701965,1000,306.09078899092106,119.80918180395554,1000,98464025338.67955,7892539582567592.0,786836565,
381,0.808164929,1000,100,ok_event_tree,event_tree,1000,808165000.0000001,734293453.846751,73871546.15318544,0.0,0.0,73871546.15318544,0.0,73871546.15318544,0.0,0.0,0.0,0.0,0.0,312.96285299586674,123.69016661764212,1000,314.264154945421,123.94691453599717,1000,78952098482.64006,4904218582337234.0,797753078,
382,0.817523038,1000,100,ok_event_tree,event_tree,1000,817523000.0,741017617.1636666,76505382.8362681,0.0,0.0,76505382.8362681,0.0,76505382.8362681,0.0,0.0,0.0,0.0,0.0,319.0032870301972,130.61535581328204,1000,319.13751993498823,130.66571385697452,1000,81240649533.00679,4747170676922090.0,803977497,
383,0.826989509,1000,100,ok_event_tree,event_tree,1000,826990000.0,729198584.4139369,97791415.58600363,0.0,0.0,97791415.58600363,0.0,97791415.58600363,0.0,0.0,0.0,0.0,0.0,297.8983063222678,117.15301593767327,1000,298.37671195789983,117.35059146684488,1000,112509988903.8368,1.0672876330951156e+16,793386030,
384,0.836565596,1000,100,ok_event_tree,event_tree,1000,836566000.0000001,757882014.7179894,78683985.28193943,0.0,0.0,78683985.28193943,0.0,78683985.28193943,0.0,0.0,0.0,0.0,0.0,312.7411901310727,125.58631465638587,1000,313.2939458504329,125.76113105013472,1000,93469231331.08858,6651689420600069.0,822795569,
385,0.846252569,1000,100,ok_event_tree,event_tree,1000,846253000.0000001,751414241.1279774,94838758.87195002,0.0,0.0,94838758.87195002,0.0,94838758.87195002,0.0,0.0,0.0,0.0,0.0,324.01808773412824,132.7389143791667,1000,324.30652248735527,132.85445273058554,1000,96346007624.67586,6938935880327859.0,816731326,
386,0.856051712,1000,100,ok_event_tree,event_tree,1000,856052000.0000001,755613564.8155146,100438435.1844031,0.0,0.0,100438435.1844031,0.0,100438435.1844031,0.0,0.0,0.0,0.0,0.0,330.6203198328595,141.44197048344353,1000,331.1437512645964,141.65824831560863,1000,81633853605.81746,4426165224263309.5,821453868,
387,0.865964323,1000,100,ok_event_tree,event_tree,1000,865964000.0000001,755903463.0409576,110060536.95895572,0.0,0.0,110060536.95895572,0.0,110060536.95895572,0.0,0.0,0.0,0.0,0.0,303.4921977864338,126.65339572231676,1000,303.8740341468589,126.75354824191432,1000,84954640866.6034,5217584632556527.0,820954382,
388,0.875991718,1000,100,ok_event_tree,event_tree,1000,875992000.0,791644753.5568786,84347246.44303238,0.0,0.0,84347246.44303238,0.0,84347246.44303238,0.0,0.0,0.0,0.0,0.0,333.7492664559443,144.91377576960332,1000,334.2516534530099,145.06192512158285,1000,94356873059.47028,5458014135512935.0,860545660,
389,0.886135224,1000,100,ok_event_tree,event_tree,1000,886135000.0,796708545.3273019,89426454.67260537,0.0,0.0,89426454.67260537,0.0,89426454.67260537,0.0,0.0,0.0,0.0,0.0,349.4937121499076,158.15876881516562,1000,349.97412740169216,158.21741461883448,1000,82855230363.9808,5207880574274560.0,865549508,
390,0.896396186,1000,100,ok_event_tree,event_tree,1000,896396000.0,817661149.4669876,78734850.53291535,0.0,0.0,78734850.53291535,0.0,78734850.53291535,0.0,0.0,0.0,0.0,0.0,353.7409951883482,159.3792547605286,1000,354.0713087538862,159.49734539910816,1000,102445003203.40085,6853322506029572.0,889407303,
391,0.906775965,1000,100,ok_event_tree,event_tree,1000,906776000.0000001,820474595.6824827,86301404.31740832,0.0,0.0,86301404.31740832,0.0,86301404.31740832,0.0,0.0,0.0,0.0,0.0,363.19315546275965,167.13360572758495,1000,363.7948339938595,167.38208234558576,1000,89678954361.30443,5613818714866326.0,891538834,
392,0.917275935,1000,100,ok_event_tree,event_tree,1000,917276000.0,840350050.7456012,76925949.25428557,0.0,0.0,76925949.25428557,0.0,76925949.25428557,0.0,0.0,0.0,0.0,0.0,371.51600141310746,172.77803252606705,1000,372.27788981947083,173.10742527063363,1000,90630331311.67618,5964596393393714.0,913697950,
393,0.92789749,1000,100,ok_event_tree,event_tree,1000,927897000.0000001,836961277.8889145,90935722.11097407,0.0,0.0,90935722.11097407,0.0,90935722.11097407,0.0,0.0,0.0,0.0,0.0,358.30472351765906,165.881862473475,1000,359.0492573603643,166.07831689017584,1000,105010131117.33232,7546403570930622.0,909446437,
394,0.938642037,1000,100,ok_event_tree,event_tree,1000,938642000.0000001,830352403.0469344,108289596.9529512,0.0,0.0,108289596.9529512,0.0,108289596.9529512,0.0,0.0,0.0,0.0,0.0,348.0725937288689,156.14363175423446,1000,350.01163053478933,157.48726355576053,1000,109186463314.29518,8160659826930413.0,902878112,
395,0.949510999,1000,100,ok_event_tree,event_tree,1000,949511000.0,856408314.0581609,93102685.94171414,0.0,0.0,93102685.94171414,0.0,93102685.94171414,0.0,0.0,0.0,0.0,0.0,386.39812548710995,187.91011567815693,1000,386.568482524081,187.97302836637834,1000,89737516368.78734,4827723915893905.0,928956017,
396,0.960505818,1000,100,ok_event_tree,event_tree,1000,960506000.0,862284516.0463,98221483.95357478,0.0,0.0,98221483.95357478,0.0,98221483.95357478,0.0,0.0,0.0,0.0,0.0,378.5350804751179,182.74867628407634,1000,378.7831030248436,182.86253739905962,1000,104819109472.69879,7063096544436664.0,937220723,
397,0.971627952,1000,100,ok_event_tree,event_tree,1000,971628000.0000001,851005908.3933874,120622091.60648975,0.0,0.0,120622091.60648975,0.0,120622091.60648975,0.0,0.0,0.0,0.0,0.0,354.93401772131597,167.0507953614997,1000,355.82278438004425,167.30446064488535,1000,117233310195.34856,9144671890542410.0,924141916,
398,0.982878873,1000,100,ok_event_tree,event_tree,1000,982879000.0000001,898416074.1334469,84462925.86641784,0.0,0.0,84462925.86641784,0.0,84462925.86641784,0.0,0.0,0.0,0.0,0.0,393.0116357018037,197.99040451782605,1000,393.4532170860697,198.28671625532505,1000,114744465704.56541,7550723893539776.0,975227882,
399,0.994260074,1000,100,ok_event_tree,event_tree,1000,994260000.0000001,893659463.0935118,100600536.9063531,0.0,0.0,100600536.9063531,0.0,100600536.9063531,0.0,0.0,0.0,0.0,0.0,412.2641289206834,216.7001275949092,1000,413.22553204195697,217.05646407136015,1000,114227232841.75629,9773191974356738.0,970856656,
400,1.00577306,500,100,ok_event_tree,event_tree,500,502885000.00000006,455378227.09635246,47506772.903564446,0.0,0.0,47506772.903564446,0.0,47506772.903564446,0.0,0.0,0.0,0.0,0.0,196.59102528026537,98.45354683858767,500,196.7381328314425,98.48851389928467,500,54230512452.97209,3278002435457032.5,471620934,
401,1.01741937,500,100,ok_event_tree,event_tree,500,508710000.0,460889978.7158679,47820021.28405793,0.0,0.0,47820021.28405793,0.0,47820021.28405793,0.0,0.0,0.0,0.0,0.0,208.28106063100464,110.9888835962119,500,208.4377761031219,111.07377030046597,500,64420517006.584946,5040275389741507.0,477890540,
402,1.02920053,500,100,ok_event_tree,event_tree,500,514600000.00000006,454275000.7254009,60324999.27453226,0.0,0.0,60324999.27453226,0.0,60324999.27453226,0.0,0.0,0.0,0.0,0.0,187.50329074837794,94.35235369524823,500,187.98102420916655,94.53618630756738,500,58321119413.7528,3893011996203870.0,471637368,
403,1.04111811,500,100,ok_event_tree,event_tree,500,520559999.99999994,483621565.9826244,36938434.017314896,0.0,0.0,36938434.017314896,0.0,36938434.017314896,0.0,0.0,0.0,0.0,0.0,210.99118386542753,108.09054065765011,500,211.66716314493,108.41396285808544,500,79424953561.88762,6991333221494007.0,501653199,
404,1.05317369,500,100,ok_event_tree,event_tree,500,526585000.00000006,476834009.0585147,49750990.94142989,0.0,0.0,49750990.94142989,0.0,49750990.94142989,0.0,0.0,0.0,0.0,0.0,207.62013038971918,113.0382044360788,500,208.522731733638,113.47499607649598,500,63961965789.09182,4806431727814256.0,493843549,
405,1.06536886,500,100,ok_event_tree,event_tree,500,532685000.0,494726464.78321373,37958535.21674477,0.0,0.0,37958535.21674477,0.0,37958535.21674477,0.0,0.0,0.0,0.0,0.0,220.23520445556184,117.2276470453879,500,220.66939086875286,117.5393881447908,500,82509423750.74007,6779338677697561.0,514156148,
406,1.07770525,500,100,ok_event_tree,event_tree,500,538855000.0000001,488870393.0510114,49984606.94894864,0.0,0.0,49984606.94894864,0.0,49984606.94894864,0.0,0.0,0.0,0.0,0.0,225.82356561030423,130.4400018583718,500,226.20437429102168,130.7053777228227,500,65627860396.30422,5727520990069007.0,507095436,
407,1.09018449,500,100,ok_event_tree,event_tree,500,545090000.0000001,508685345.87245107,36404654.12751249,0.0,0.0,36404654.12751249,0.0,36404654.12751249,0.0,0.0,0.0,0.0,0.0,247.74901310328391,152.59633332483628,500,248.40449676177383,152.87996341508355,500,65517277579.58058,5851076225668095.0,527084968,
408,1.10280823,500,100,ok_event_tree,event_tree,500,551405000.0000001,515297815.91344464,36107184.08653429,0.0,0.0,36107184.08653429,0.0,36107184.08653429,0.0,0.0,0.0,0.0,0.0,229.76873864352999,130.2217637296353,500,230.247670150659,130.51474670466516,500,91297097089.06859,9837906115303184.0,534480601,
409,1.11557815,500,100,ok_event_tree,event_tree,500,557790000.0,512982654.04023665,44807345.95974413,0.0,0.0,44807345.95974413,0.0,44807345.95974413,0.0,0.0,0.0,0.0,0.0,241.812045840735,144.03771688212015,500,242.72254131229062,144.46959781887074,500,74519126685.86876,6884653923414213.0,531550722,
410,1.12849594,500,100,ok_event_tree,event_tree,500,564250000.0,520563376.869111,43686623.130879425,0.0,0.0,43686623.130879425,0.0,43686623.130879425,0.0,0.0,0.0,0.0,0.0,232.6397883059085,134.2806854302417,500,233.20081716865485,134.46927027544783,500,87355899039.04256,9959706583974830.0,538770781,
411,1.1415633,500,100,ok_event_tree,event_tree,500,570780000.0,516396181.10342735,54383818.89656711,0.0,0.0,54383818.89656711,0.0,54383818.89656711,0.0,0.0,0.0,0.0,0.0,231.22310134261994,139.36118001417708,500,232.67054320069832,139.95913387670913,500,73552532400.23401,7081361136684402.0,535513665,
412,1.15478198,500,100,ok_event_tree,event_tree,500,577390000.0,526917997.6615857,50472002.338417865,0.0,0.0,50472002.338417865,0.0,50472002.338417865,0.0,0.0,0.0,0.0,0.0,247.1917271466106,151.04851413633804,500,247.29892578583878,151.10610946182427,500,61781503814.76531,3782115181964915.0,545543202,
413,1.16815373,500,100,ok_event_tree,event_tree,500,584075000.0,522844087.5316313,61230912.46838039,0.0,0.0,61230912.46838039,0.0,61230912.46838039,0.0,0.0,0.0,0.0,0.0,244.51633800365371,156.73501391202,500,244.88158127454784,156.895713200038,500,82148345702.50609,8440598962670166.0,541444199,
414,1.18168031,500,100,ok_event_tree,event_tree,500,590840000.0000001,522080781.65779203,68759218.34222774,0.0,0.0,68759218.34222774,0.0,68759218.34222774,0.0,0.0,0.0,0.0,0.0,228.51056294570859,142.5773104748104,500,229.52184740903408,143.05389083853922,500,109870754173.35016,1.3329530985005068e+16,541324936,
415,1.19536353,500,100,ok_event_tree,event_tree,500,597680000.0,537150168.8967749,60529831.10325342,0.0,0.0,60529831.10325342,0.0,60529831.10325342,0.0,0.0,0.0,0.0,0.0,248.83880470243594,162.44802075945157,500,248.997239909988,162.57705835043225,500,101366213981.762,1.0122660204446436e+16,556746239,
416,1.20920518,500,100,ok_event_tree,event_tree,500,604605000.0000001,538168198.9931335,66436801.00689982,0.0,0.0,66436801.00689982,0.0,66436801.00689982,0.0,0.0,0.0,0.0,0.0,251.60503027347391,162.13748642421137,500,252.22316304692868,162.74576939525633,500,97631501080.34164,1.119495432694442e+16,557809855,
417,1.22320712,500,100,ok_event_tree,event_tree,500,611605000.0000001,555490533.9858295,56114466.01420774,0.0,0.0,56114466.01420774,0.0,56114466.01420774,0.0,0.0,0.0,0.0,0.0,253.6700858159126,166.34656209824152,500,254.25088779421526,166.74499713908864,500,90274207209.31654,8913083329700887.0,575878637,
418,1.23737119,500,50,ok_event_tree,event_tree,420,519695400.0,455704584.0600307,63990815.94000711,0.0,0.0,63990815.94000711,0.0,63990815.94000711,0.0,0.0,0.0,0.0,0.0,223.08979800802868,154.64261349986742,420,223.1849039189916,154.70062902305412,420,48967752508.12888,2634493188335597.5,472223886,
419,1.25169927,500,50,ok_event_tree,event_tree,500,625850000.0,590701388.0916288,35148611.9084257,0.0,0.0,35148611.9084257,0.0,35148611.9084257,0.0,0.0,0.0,0.0,0.0,281.8779040131944,198.7694042244049,500,282.13592797605486,198.9161118020418,500,70751964200.35472,5059781763171390.0,611156093,
420,1.26619327,500,50,ok_event_tree,event_tree,500,633095000.0000001,598566146.4779342,34528853.52213564,0.0,0.0,34528853.52213564,0.0,34528853.52213564,0.0,0.0,0.0,0.0,0.0,294.9302822463805,208.81848225134584,500,295.16225393368717,209.0386407485508,500,85057271901.43486,6462653698740014.0,619875539,
421,1.28085509,500,50,ok_event_tree,event_tree,500,640430000.0,579938491.6605219,60491508.33954825,0.0,0.0,60491508.33954825,0.0,60491508.33954825,0.0,0.0,0.0,0.0,0.0,267.2460510452801,187.4568406142584,500,267.602014728443,187.70813614828612,500,98335675613.02678,9690133476798334.0,601007847,
422,1.2956867,500,50,ok_event_tree,event_tree,500,647845000.0,568803836.9420173,79041163.05805789,0.0,0.0,79041163.05805789,0.0,79041163.05805789,0.0,0.0,0.0,0.0,0.0,269.5230575635934,191.79672387294818,500,270.1854987721168,192.40034878223798,500,96704627922.40022,9658622447608800.0,588987320,
423,1.31069004,500,50,ok_event_tree,event_tree,500,655345000.0000001,592668537.8572831,62676462.14281193,0.0,0.0,62676462.14281193,0.0,62676462.14281193,0.0,0.0,0.0,0.0,0.0,290.24680992444195,214.24639897972995,500,290.621456707752,214.47127809474787,500,101696823532.76218,9642000059189090.0,614365195,
424,1.32586712,500,50,ok_event_tree,event_tree,500,662935000.0,591875301.5208337,71059698.47926009,0.0,0.0,71059698.47926009,0.0,71059698.47926009,0.0,0.0,0.0,0.0,0.0,280.3940767280581,202.05837509499187,500,280.6890782213371,202.41451919028526,500,99099431248.35443,9638124337848764.0,613501510,
425,1.34121994,500,50,ok_event_tree,event_tree,500,670610000.0000001,606773857.3369346,63836142.663172506,0.0,0.0,63836142.663172506,0.0,63836142.663172506,0.0,0.0,0.0,0.0,0.0,294.6689565349478,220.03661307715052,500,295.34684438355487,220.4122346468177,500,99142316345.09982,1.085443447874614e+16,628932078,
426,1.35675053,500,50,ok_event_tree,event_tree,500,678375000.0000001,621336131.6592485,57038868.3408788,0.0,0.0,57038868.3408788,0.0,57038868.3408788,0.0,0.0,0.0,0.0,0.0,318.016747652006,256.26146228838786,500,318.38409002297146,256.54562919985034,500,98174038205.53246,9969064319502890.0,643585070,
427,1.37246096,500,50,ok_event_tree,event_tree,500,686230000.0,636077696.8029985,50152303.19714081,0.0,0.0,50152303.19714081,0.0,50152303.19714081,0.0,0.0,0.0,0.0,0.0,306.90014856682865,230.68061680048032,500,306.9909442317122,230.7819861911927,500,102873331377.63506,9880032188197116.0,659193780,
428,1.38835331,500,50,ok_event_tree,event_tree,500,694175000.0,634233867.7858028,59941132.21433713,0.0,0.0,59941132.21433713,0.0,59941132.21433713,0.0,0.0,0.0,0.0,0.0,305.643825677498,234.25978825371382,500,306.1328850973499,234.66361880819122,500,120344837619.96542,1.3063191734772968e+16,657096009,
429,1.40442968,500,50,ok_event_tree,event_tree,500,702215000.0000001,634001491.830071,68213508.17008822,0.0,0.0,68213508.17008822,0.0,68213508.17008822,0.0,0.0,0.0,0.0,0.0,302.45748959376306,225.86981044947947,500,303.1279004834061,226.30375235781526,500,114614759599.61569,1.4087351330897782e+16,656993022,
430,1.42069221,500,50,ok_event_tree,event_tree,500,710345000.0,655203700.5212382,55141299.47892376,0.0,0.0,55141299.47892376,0.0,55141299.47892376,0.0,0.0,0.0,0.0,0.0,314.509540684817,242.79934661358004,500,314.770515669332,243.08846931354654,500,117886507390.93095,1.39190145006621e+16,678740734,
431,1.43714305,500,50,ok_event_tree,event_tree,500,718570000.0000001,653926414.9426956,64643585.05747495,0.0,0.0,64643585.05747495,0.0,64643585.05747495,0.0,0.0,0.0,0.0,0.0,305.2962012238967,238.02286309866875,500,306.4976475847968,238.751782933453,500,120173416695.22353,1.3989554887606128e+16,677037509,
432,1.45378439,500,50,ok_event_tree,event_tree,500,726890000.0000001,676471485.1274749,50418514.872717224,0.0,0.0,50418514.872717224,0.0,50418514.872717224,0.0,0.0,0.0,0.0,0.0,326.0097380162789,260.08508404050013,500,326.28668805801374,260.36192956497257,500,134088410340.49922,1.5939332849817446e+16,700418509,
433,1.47061842,500,50,ok_event_tree,event_tree,500,735309999.9999999,690129969.8627604,45180030.137449615,0.0,0.0,45180030.137449615,0.0,45180030.137449615,0.0,0.0,0.0,0.0,0.0,350.77589172436547,298.9427563338285,500,351.59398184622216,299.69034607685296,500,130890562222.52266,1.6318436232374326e+16,714502422,
434,1.48764737,500,50,ok_event_tree,event_tree,500,743825000.0000001,681094706.8633323,62730293.1368709,0.0,0.0,62730293.1368709,0.0,62730293.1368709,0.0,0.0,0.0,0.0,0.0,334.2504330769258,280.31392360164693,500,334.369618639743,280.43364295539214,500,128698115499.24129,1.600605539165263e+16,705034127,
435,1.50487352,500,50,ok_event_tree,event_tree,500,752435000.0,695617031.333692,56817968.66653966,0.0,0.0,56817968.66653966,0.0,56817968.66653966,0.0,0.0,0.0,0.0,0.0,329.45805889001224,272.81359257077884,500,330.65667875228587,274.12811733605747,500,150665306851.3992,2.1673896121130216e+16,721002562,
436,1.52229913,500,50,ok_event_tree,event_tree,500,761150000.0,692717190.0980637,68432809.90216732,0.0,0.0,68432809.90216732,0.0,68432809.90216732,0.0,0.0,0.0,0.0,0.0,342.4417942402172,302.1727613251425,500,342.95886075132336,302.6416538349643,500,126493188182.08086,1.4252246809893384e+16,717308490,
437,1.53992653,500,50,ok_event_tree,event_tree,500,769965000.0,709178612.4407953,60786387.55945595,0.0,0.0,60786387.55945595,0.0,60786387.55945595,0.0,0.0,0.0,0.0,0.0,344.2144108729523,300.6099050266887,500,344.56382486837424,300.81292158389994,500,108202241262.75294,1.0608665570308104e+16,733851053,
438,1.55775803,500,50,ok_event_tree,event_tree,500,778880000.0,693803955.7538989,85076044.24635486,0.0,0.0,85076044.24635486,0.0,85076044.24635486,0.0,0.0,0.0,0.0,0.0,344.796612994658,309.5474890934052,500,345.3769483865159,310.052651603536,500,107334489294.21866,9801082228453634.0,717489980,
439,1.57579602,500,50,ok_event_tree,event_tree,500,787900000.0000001,710816277.1976812,77083722.80258207,0.0,0.0,77083722.80258207,0.0,77083722.80258207,0.0,0.0,0.0,0.0,0.0,363.8633651105614,339.3447501778685,500,365.2169620005622,340.22232168616324,500,143571062557.99664,1.9836020655969156e+16,735430225,
440,1.59404288,500,50,ok_event_tree,event_tree,500,797020000.0,741166573.414548,55853426.58574268,0.0,0.0,55853426.58574268,0.0,55853426.58574268,0.0,0.0,0.0,0.0,0.0,360.348113677802,319.15022473837956,500,361.1512063132463,319.7353256639033,500,153706368499.79846,2.091967704529863e+16,767055432,
441,1.61250103,500,50,ok_event_tree,event_tree,500,806250000.0000001,761911367.629374,44338632.370931834,0.0,0.0,44338632.370931834,0.0,44338632.370931834,0.0,0.0,0.0,0.0,0.0,388.01842590611227,369.11813629416554,500,388.82055165425396,369.80100606052093,500,140470939724.0414,1.5518841008491038e+16,789067119,
442,1.63117291,500,50,ok_event_tree,event_tree,500,815585000.0,746278223.8249573,69306776.17534868,0.0,0.0,69306776.17534868,0.0,69306776.17534868,0.0,0.0,0.0,0.0,0.0,363.35626280063696,339.0151322366599,500,363.9529924267548,339.42680910297065,500,154453749677.01453,2.1597002299854684e+16,772268039,
443,1.650061,500,50,ok_event_tree,event_tree,500,825030000.0000001,759446433.9900901,65583566.010245144,0.0,0.0,65583566.010245144,0.0,65583566.010245144,0.0,0.0,0.0,0.0,0.0,381.40618521473243,360.0137716322068,500,382.24913503457094,361.1054780697701,500,139825221599.90976,1.6327232741674058e+16,786347239,
444,1.66916781,500,50,ok_event_tree,event_tree,500,834585000.0000001,767480044.9525541,67104955.04778678,0.0,0.0,67104955.04778678,0.0,67104955.04778678,0.0,0.0,0.0,0.0,0.0,377.75467240394465,369.70670745213386,500,378.17992157668243,370.0056702786327,500,140318639990.61102,1.505102717407185e+16,794300905,
445,1.68849586,500,50,ok_event_tree,event_tree,500,844250000.0000001,769560962.725181,74689037.27517955,0.0,0.0,74689037.27517955,0.0,74689037.27517955,0.0,0.0,0.0,0.0,0.0,386.14357497606505,375.35307567502923,500,386.43317671204267,375.77359939973917,500,138449446578.15723,1.7402192144375002e+16,795960971,
446,1.70804772,500,50,ok_event_tree,event_tree,500,854025000.0000001,780432217.9517864,73592782.04858871,0.0,0.0,73592782.04858871,0.0,73592782.04858871,0.0,0.0,0.0,0.0,0.0,390.01091635638306,384.87620625595497,500,390.7009085149578,385.5432384169955,500,139557731189.86642,1.6623967351503178e+16,807560065,
447,1.72782598,500,50,ok_event_tree,event_tree,500,863915000.0,793422072.4905943,70492927.50979686,0.0,0.0,70492927.50979686,0.0,70492927.50979686,0.0,0.0,0.0,0.0,0.0,386.17833754578083,379.92494131125403,500,388.0050072950629,381.5733853460063,500,157634791988.7558,1.8966483311082468e+16,821755870,
448,1.74783326,500,50,ok_event_tree,event_tree,500,873915000.0,813132648.1598791,60782351.84053001,0.0,0.0,60782351.84053001,0.0,60782351.84053001,0.0,0.0,0.0,0.0,0.0,405.1529546976221,411.9737882175792,500,405.76199527903566,412.58358067694104,500,145632442439.0216,1.5444603628087434e+16,841248881,
449,1.76807222,500,50,ok_event_tree,event_tree,500,884035000.0,825507631.7367727,58527368.26365332,0.0,0.0,58527368.26365332,0.0,58527368.26365332,0.0,0.0,0.0,0.0,0.0,405.8589983372632,410.78228238897555,500,406.7302489776294,411.67173397051164,500,163967829965.03473,1.867373673546734e+16,854312393,
450,1.78854553,500,50,ok_event_tree,event_tree,500,894275000.0000001,821175272.0857182,73099727.91471213,0.0,0.0,73099727.91471213,0.0,73099727.91471213,0.0,0.0,0.0,0.0,0.0,411.38161006853034,427.2015077477401,500,413.0210953823816,428.3216911675011,500,200110759533.68008,3.565791510632295e+16,849459310,
451,1.80925591,500,50,ok_event_tree,event_tree,500,904630000.0000001,844022092.4012427,60607907.599222854,0.0,0.0,60607907.599222854,0.0,60607907.599222854,0.0,0.0,0.0,0.0,0.0,428.5818090111902,459.41075446261715,500,429.41040054770616,460.21406907430384,500,153334522297.7679,1.892764561710089e+16,872986077,
452,1.83020611,500,50,ok_event_tree,event_tree,500,915105000.0000001,856158704.9269464,58946295.07353021,0.0,0.0,58946295.07353021,0.0,58946295.07353021,0.0,0.0,0.0,0.0,0.0,436.768278226624,477.7582193283987,500,438.0481111024543,479.0078103340789,500,196232793973.4024,3.643338321023965e+16,885546383,
453,1.85139889,500,50,ok_event_tree,event_tree,500,925700000.0000001,863391798.906968,62308201.093527496,0.0,0.0,62308201.093527496,0.0,62308201.093527496,0.0,0.0,0.0,0.0,0.0,443.5955504424459,490.41364268055236,500,444.83630944633586,491.3822030309212,500,187228577293.643,2.9014858577966836e+16,893099962,
454,1.87283708,500,50,ok_event_tree,event_tree,500,936420000.0000001,877220701.1170201,59199298.88349449,0.0,0.0,59199298.88349449,0.0,59199298.88349449,0.0,0.0,0.0,0.0,0.0,448.1124248098519,500.8923909340003,500,449.0570379049767,502.3354516311382,500,171849204215.53586,2.059405272782053e+16,908016009,
455,1.89452351,500,50,ok_event_tree,event_tree,500,947260000.0,867877125.1082444,79382874.89226454,0.0,0.0,79382874.89226454,0.0,79382874.89226454,0.0,0.0,0.0,0.0,0.0,465.4069542680769,541.8259344746052,500,466.93733797523424,543.5410861205177,500,198171703748.01105,2.990897031537064e+16,898253492,
456,1.91646106,500,50,ok_event_tree,event_tree,500,958230000.0000001,874998165.5721046,83231834.42842807,0.0,0.0,83231834.42842807,0.0,83231834.42842807,0.0,0.0,0.0,0.0,0.0,459.3540025018027,536.8426601791584,500,460.0043313546432,537.3523548977149,500,169348506437.65436,2.3154728974609452e+16,904714350,
457,1.93865264,500,50,ok_event_tree,event_tree,500,969325000.0000001,896851944.9304982,72473055.07005769,0.0,0.0,72473055.07005769,0.0,72473055.07005769,0.0,0.0,0.0,0.0,0.0,474.5096091598346,566.7882765506259,500,475.042049325181,567.3869999420382,500,183655170146.13058,2.4609065039445476e+16,927740029,
458,1.96110118,500,50,ok_event_tree,event_tree,500,980550000.0,911510471.9274372,69039528.07313146,0.0,0.0,69039528.07313146,0.0,69039528.07313146,0.0,0.0,0.0,0.0,0.0,469.6058546201592,551.7857823944729,500,470.82843393961326,553.5145806402053,500,215282857081.55014,3.3190929412769824e+16,942780027,
459,1.98380966,500,50,ok_event_tree,event_tree,500,991905000.0000001,891230698.3033751,100674301.69719627,0.0,0.0,100674301.69719627,0.0,100674301.69719627,0.0,0.0,0.0,0.0,0.0,439.03376230142396,502.83740575422974,500,439.9799684260445,503.6268282597299,500,216546396086.76874,4.205099560517993e+16,920974901,
460,2.00678109,500,50,ok_event_tree,event_tree,500,1003390000.0,936150762.8242558,67239237.17634696,0.0,0.0,67239237.17634696,0.0,67239237.17634696,0.0,0.0,0.0,0.0,0.0,482.6766449960843,584.5004839580297,500,483.2792346148096,585.3643621214582,500,205039370541.69534,3.361251401667089e+16,968315119,
461,2.03001852,500,50,ok_event_tree,event_tree,500,1015010000.0,918247360.9222193,96762639.07834764,0.0,0.0,96762639.07834764,0.0,96762639.07834764,0.0,0.0,0.0,0.0,0.0,464.46741845093266,557.3826225360115,500,465.73739740909565,558.8798504478444,500,185936455200.15506,2.9865370214464436e+16,948872359,
462,2.05352503,500,50,ok_event_tree,event_tree,500,1026765000.0000001,931201499.5439544,95563500.45660344,0.0,0.0,95563500.45660344,0.0,95563500.45660344,0.0,0.0,0.0,0.0,0.0,484.93567071383393,604.7570881567733,500,485.7190305986856,605.7056752118558,500,194035947581.4216,2.8951929118100724e+16,962536986,
463,2.07730373,500,50,ok_event_tree,event_tree,500,1038650000.0000001,946150837.998133,92499162.00242054,0.0,0.0,92499162.00242054,0.0,92499162.00242054,0.0,0.0,0.0,0.0,0.0,495.31708294405917,627.9782060085375,500,496.8824426548515,629.6120599652035,500,214514554613.23038,4.030314358914129e+16,977899982,
464,2.10135777,500,50,ok_event_tree,event_tree,500,1050680000.0,967576133.6454579,83103866.35509408,0.0,0.0,83103866.35509408,0.0,83103866.35509408,0.0,0.0,0.0,0.0,0.0,522.0013055504954,679.1770557714515,500,522.7196572788969,679.8691791898816,500,209460154728.5369,3.4006021058741188e+16,1000198963,
465,2.12569035,500,50,ok_event_tree,event_tree,500,1062845000.0,984264936.9105427,78580063.08999816,0.0,0.0,78580063.08999816,0.0,78580063.08999816,0.0,0.0,0.0,0.0,0.0,507.4169653695517,646.7937521187254,500,509.3722899676645,648.8906206259627,500,241850595396.06296,4.219567882738856e+16,1018441302,
466,2.15030468,500,50,ok_event_tree,event_tree,500,1075150000.0,976938612.9978828,98211387.00263819,0.0,0.0,98211387.00263819,0.0,98211387.00263819,0.0,0.0,0.0,0.0,0.0,514.6277688753336,681.3415426350089,500,515.3028944899837,682.1576624264119,500,209056734627.47562,3.394205583498439e+16,1009036467,
467,2.17520403,500,50,ok_event_tree,event_tree,500,1087600000.0,1020694289.616817,66905710.38372988,0.0,0.0,66905710.38372988,0.0,66905710.38372988,0.0,0.0,0.0,0.0,0.0,535.3608797091613,713.6316305306498,500,536.3918970854137,715.1578966010535,500,226662281375.82104,3.3266525581698644e+16,1054841566,
468,2.20039171,500,50,ok_event_tree,event_tree,500,1100195000.0,1004494460.4013957,95700539.59909487,0.0,0.0,95700539.59909487,0.0,95700539.59909487,0.0,0.0,0.0,0.0,0.0,507.39219389206056,664.7514216824267,500,508.46135504720604,665.3999041297424,500,249471328051.10245,4.453699672225535e+16,1038117255,
469,2.22587104,500,50,ok_event_tree,event_tree,500,1112935000.0,1016738752.2664176,96196247.7340826,0.0,0.0,96196247.7340826,0.0,96196247.7340826,0.0,0.0,0.0,0.0,0.0,545.4957117477796,748.1164430290714,500,546.0208126688406,748.6904840917367,500,234951551309.6356,3.822146359939901e+16,1050614623,
470,2.25164542,500,50,ok_event_tree,event_tree,500,1125825000.0000002,1040475655.9340478,85349344.06645791,0.0,0.0,85349344.06645791,0.0,85349344.06645791,0.0,0.0,0.0,0.0,0.0,554.1757510990535,773.4598231865398,500,555.5106476898416,774.9618166010933,500,246086167050.88037,3.803211094536641e+16,1075179582,
471,2.27771824,500,50,ok_event_tree,event_tree,500,1138860000.0,1087251528.3678849,51608471.63263657,0.0,0.0,51608471.63263657,0.0,51608471.63263657,0.0,0.0,0.0,0.0,0.0,589.1968543219105,808.3043106143411,500,590.2134881086615,809.9365148001957,500,237029210428.30133,3.7085335685025624e+16,1124744806,
472,2.30409298,500,50,ok_event_tree,event_tree,500,1152045000.0000002,1064890536.9170978,87154463.08339424,0.0,0.0,87154463.08339424,0.0,87154463.08339424,0.0,0.0,0.0,0.0,0.0,596.7695319843465,886.0350954882447,500,597.5476991600378,887.0228509125811,500,220483369709.5039,3.138279939630987e+16,1099939047,
473,2.33077312,500,50,ok_event_tree,event_tree,500,1165385000.0000002,1092371405.6354926,73013594.36500064,0.0,0.0,73013594.36500064,0.0,73013594.36500064,0.0,0.0,0.0,0.0,0.0,579.6488539243201,833.3859100608248,500,580.5495755926534,834.9224172887549,500,295142702675.61865,5.909806997191346e+16,1128945501,
474,2.3577622,500,50,ok_event_tree,event_tree,500,1178880000.0000002,1100432460.11479,78447539.88568473,0.0,0.0,78447539.88568473,0.0,78447539.88568473,0.0,0.0,0.0,0.0,0.0,546.9032992759132,769.7393653108523,500,548.4902651390212,772.0410374024552,500,288600395892.1716,5.924204399244346e+16,1137029460,
475,2.3850638,500,50,ok_event_tree,event_tree,500,1192530000.0000002,1077733167.2348726,114796832.7655712,0.0,0.0,114796832.7655712,0.0,114796832.7655712,0.0,0.0,0.0,0.0,0.0,574.1639099507718,853.0563912581571,500,575.5213486159406,854.829233523297,500,258074489267.19354,4.5758139830934424e+16,1113037010,
476,2.41268153,500,50,ok_event_tree,event_tree,500,1206340000.0,1141335873.527993,65004126.47249272,0.0,0.0,65004126.47249272,0.0,65004126.47249272,0.0,0.0,0.0,0.0,0.0,607.657142871388,894.9097990222234,500,608.4868198451732,896.2234617951032,500,260819631723.22885,4.134128444436724e+16,1179357123,
477,2.44061907,500,50,ok_event_tree,event_tree,500,1220310000.0,1100730676.4656084,119579323.53482261,0.0,0.0,119579323.53482261,0.0,119579323.53482261,0.0,0.0,0.0,0.0,0.0,581.0050136979413,874.5648801194575,500,581.7207914162645,875.8309414882797,500,226521350928.51157,2.9218475419372916e+16,1137110869,
478,2.4688801,500,50,ok_event_tree,event_tree,500,1234440000.0,1130204921.0099568,104235078.99046597,0.0,0.0,104235078.99046597,0.0,104235078.99046597,0.0,0.0,0.0,0.0,0.0,600.2469871208508,910.3743526367573,500,601.6631169943746,913.2429101501914,500,267144744813.68542,4.629098619943192e+16,1167773517,
479,2.49746839,500,50,ok_event_tree,event_tree,500,1248735000.0,1142233649.7044463,106501350.29597878,0.0,0.0,106501350.29597878,0.0,106501350.29597878,0.0,0.0,0.0,0.0,0.0,633.4285546563839,999.5160699494628,500,634.6506745523711,1001.367297028217,500,298605874392.393,5.156777201428745e+16,1181404170,
480,2.52638771,500,50,ok_event_tree,event_tree,500,1263195000.0000002,1185715276.0546832,77479723.94576809,0.0,0.0,77479723.94576809,0.0,77479723.94576809,0.0,0.0,0.0,0.0,0.0,660.1274675589262,1072.2293765598085,500,660.5971647367483,1073.2775951006001,500,270782936211.63412,5.180757460995133e+16,1224292524,
481,2.5556419,500,50,ok_event_tree,event_tree,500,1277820000.0,1180433747.3415146,97386252.65889095,0.0,0.0,97386252.65889095,0.0,97386252.65889095,0.0,0.0,0.0,0.0,0.0,617.9477347292489,976.0381978237747,500,618.6191253217241,976.9672236255449,500,270445949857.8782,4.539363300011948e+16,1218131771,
482,2.58523484,500,50,ok_event_tree,event_tree,500,1292615000.0000002,1203279233.6589394,89335766.34149177,0.0,0.0,89335766.34149177,0.0,89335766.34149177,0.0,0.0,0.0,0.0,0.0,653.6198827072359,1056.6838179167844,500,654.962931383399,1058.2111636126447,500,289483898330.1572,5.180679543211374e+16,1242718974,
483,2.61517045,500,50,ok_event_tree,event_tree,500,1307585000.0,1226718178.9230578,80866821.07735793,0.0,0.0,80866821.07735793,0.0,80866821.07735793,0.0,0.0,0.0,0.0,0.0,659.0704674016812,1076.7289603792624,500,660.0958014605303,1078.9535243693704,500,283799352890.70294,4.156233773610031e+16,1267817550,
484,2.64545269,500,50,ok_event_tree,event_tree,500,1322725000.0,1237662107.2321687,85062892.76823813,0.0,0.0,85062892.76823813,0.0,85062892.76823813,0.0,0.0,0.0,0.0,0.0,664.6454963146127,1096.3117973924384,500,665.1734105197338,1097.2290655486222,500,310767539412.6205,5.107144279099989e+16,1278765906,
485,2.67608559,500,50,ok_event_tree,event_tree,500,1338045000.0000002,1237910173.9331067,100134826.0672611,0.0,0.0,100134826.0672611,0.0,100134826.0672611,0.0,0.0,0.0,0.0,0.0,653.2879212299837,1087.46129461646,500,654.6455226872412,1089.3489131695449,500,330382800969.7573,6.3445808310198024e+16,1278879275,
486,2.7070732,500,50,ok_event_tree,event_tree,500,1353535000.0000002,1284908174.5993571,68626825.40103844,0.0,0.0,68626825.40103844,0.0,68626825.40103844,0.0,0.0,0.0,0.0,0.0,706.9028965391306,1215.1263696385556,500,709.1017640539194,1219.8138974776618,500,365440425001.3561,7.25346973785789e+16,1327922708,
487,2.73841963,500,50,ok_event_tree,event_tree,500,1369210000.0,1275684524.074398,93525475.92598271,0.0,0.0,93525475.92598271,0.0,93525475.92598271,0.0,0.0,0.0,0.0,0.0,699.3511060788591,1205.376194140833,500,700.6083944193584,1207.871122472681,500,405594830529.91675,8.892047685175109e+16,1317860987,
488,2.77012904,500,50,ok_event_tree,event_tree,500,1385065000.0,1294520561.6969268,90544438.30342236,0.0,0.0,90544438.30342236,0.0,90544438.30342236,0.0,0.0,0.0,0.0,0.0,692.0497548221501,1205.9236341524147,500,693.6823173650731,1209.424848559192,500,305851747469.2431,5.107823740530557e+16,1336222703,
489,2.80220562,500,50,ok_event_tree,event_tree,500,1401105000.0,1307220090.389475,93884909.61084832,0.0,0.0,93884909.61084832,0.0,93884909.61084832,0.0,0.0,0.0,0.0,0.0,713.7626955340295,1264.618217997997,500,714.5146630299616,1266.3394275267365,500,315376032153.8921,5.482757402748395e+16,1349455632,
490,2.83465363,500,50,ok_event_tree,event_tree,500,1417325000.0000002,1328326375.1114883,88998624.88883002,0.0,0.0,88998624.88883002,0.0,88998624.88883002,0.0,0.0,0.0,0.0,0.0,751.720314018583,1371.9624183053522,500,752.978772010677,1373.9506227901206,500,339397265641.4472,6.653625531833811e+16,1370680846,
491,2.86747738,500,50,ok_event_tree,event_tree,500,1433740000.0,1339154903.5693383,94585096.4309791,0.0,0.0,94585096.4309791,0.0,94585096.4309791,0.0,0.0,0.0,0.0,0.0,730.6354596250902,1320.0177751917163,500,731.7617058605925,1321.764603178154,500,367797886152.85425,6.965622730955695e+16,1382599818,
492,2.9006812,500,50,ok_event_tree,event_tree,500,1450340000.0,1368845087.1553211,81494912.844984,0.0,0.0,81494912.844984,0.0,81494912.844984,0.0,0.0,0.0,0.0,0.0,753.0588375970382,1398.6263458052429,500,754.1841482500889,1400.855547717898,500,356536132629.9164,6.368273057847381e+16,1413212443,
493,2.9342695,500,50,ok_event_tree,event_tree,500,1467135000.0000002,1373908651.3257833,93226348.67446184,0.0,0.0,93226348.67446184,0.0,93226348.67446184,0.0,0.0,0.0,0.0,0.0,761.3106613409493,1426.6756169590094,500,762.7021536421576,1428.8698405587172,500,326754970973.3513,6.093586378237823e+16,1418142480,
494,2.96824674,500,50,ok_event_tree,event_tree,500,1484125000.0000002,1408129499.7288535,75995500.27144049,0.0,0.0,75995500.27144049,0.0,75995500.27144049,0.0,0.0,0.0,0.0,0.0,751.3701825382727,1388.6846164252147,500,753.3959063249114,1392.7320132316004,500,424528005712.6945,8.81886994830483e+16,1454345054,
495,3.00261742,500,50,ok_event_tree,event_tree,500,1501310000.0,1411796625.5183227,89513374.48192547,0.0,0.0,89513374.48192547,0.0,89513374.48192547,0.0,0.0,0.0,0.0,0.0,801.1012386191983,1567.1508416733602,500,802.1481039914352,1569.5214299109623,500,397753470623.669,7.243426852951986e+16,1458087792,
496,3.03738609,500,50,ok_event_tree,event_tree,500,1518695000.0,1400596552.9301589,118098447.07005624,0.0,0.0,118098447.07005624,0.0,118098447.07005624,0.0,0.0,0.0,0.0,0.0,745.5948746826671,1414.5672882095882,500,746.5184611840111,1416.034063781449,500,352243138592.2501,6.305829472236866e+16,1445284861,
497,3.07255737,500,50,ok_event_tree,event_tree,500,1536280000.0000002,1447795002.746852,88484997.2533466,0.0,0.0,88484997.2533466,0.0,88484997.2533466,0.0,0.0,0.0,0.0,0.0,823.5048182147829,1654.1221607874315,500,824.31818710271,1655.7953106248003,500,388325879409.62964,7.79953614714185e+16,1493811455,
498,3.1081359,500,50,ok_event_tree,event_tree,500,1554070000.0000002,1448200123.6367967,105869876.36338279,0.0,0.0,105869876.36338279,0.0,105869876.36338279,0.0,0.0,0.0,0.0,0.0,799.8310166817112,1584.1889503215875,500,801.5507830569607,1587.9351934527356,500,422268263656.96857,8.12991067822095e+16,1495232530,
499,3.14412642,500,50,ok_event_tree,event_tree,500,1572065000.0000002,1500332624.2534742,71732375.7467101,0.0,0.0,71732375.7467101,0.0,71732375.7467101,0.0,0.0,0.0,0.0,0.0,818.7718918248244,1644.2957188565356,500,820.6368628872167,1648.8015604866675,500,466074923916.90045,1.0266210383237138e+17,1549436700,
500,3.18053369,500,50,ok_event_tree,event_tree,500,1590265000.0,1478127936.898953,112137063.10115881,0.0,0.0,112137063.10115881,0.0,112137063.10115881,0.0,0.0,0.0,0.0,0.0,801.7504251540032,1617.252826938015,500,802.9042979296312,1620.469471475097,500,358620092208.6616,6.1505543643402536e+16,1524505708,
501,3.21736253,500,50,ok_event_tree,event_tree,500,1608680000.0000002,1523140629.5388434,85539370.4612697,0.0,0.0,85539370.4612697,0.0,85539370.4612697,0.0,0.0,0.0,0.0,0.0,832.5080754361622,1685.6810884557433,500,834.7914831899645,1690.2150600675589,500,431659956037.8046,8.908629803855342e+16,1571846681,
502,3.25461783,500,50,ok_event_tree,event_tree,500,1627310000.0,1529212198.7582414,98097801.24185456,0.0,0.0,98097801.24185456,0.0,98097801.24185456,0.0,0.0,0.0,0.0,0.0,887.6481691542449,1934.329299839402,500,888.4648064957684,1936.5695253754684,500,409664522845.2015,7.749884518714336e+16,1577486283,
503,3.29230453,500,50,ok_event_tree,event_tree,500,1646150000.0000002,1540831571.0378253,105318428.96222611,0.0,0.0,105318428.96222611,0.0,105318428.96222611,0.0,0.0,0.0,0.0,0.0,889.7994554710523,1938.9338864610693,500,890.6604092037279,1940.6486288909493,500,378977032540.8636,6.66243881697204e+16,1588673811,
504,3.33042762,500,50,ok_event_tree,event_tree,500,1665215000.0,1550039508.857417,115175491.14262636,0.0,0.0,115175491.14262636,0.0,115175491.14262636,0.0,0.0,0.0,0.0,0.0,850.8142108285159,1817.8251545821608,500,853.0689586447912,1821.7868438284722,500,453345721598.6429,9.983304862279525e+16,1598801532,
505,3.36899216,500,50,ok_event_tree,event_tree,500,1684495000.0,1581865192.3949149,102629807.6050934,0.0,0.0,102629807.6050934,0.0,102629807.6050934,0.0,0.0,0.0,0.0,0.0,915.3107984645036,2059.2071888922374,500,916.940247210271,2061.924330122096,500,460324226841.86273,9.401314070157566e+16,1631870420,
506,3.40800325,500,50,ok_event_tree,event_tree,500,1704000000.0,1617617924.2836018,86382075.7164014,0.0,0.0,86382075.7164014,0.0,86382075.7164014,0.0,0.0,0.0,0.0,0.0,932.0959213493516,2112.2400741167153,500,933.5866083454595,2115.8042783019787,500,426417973739.32544,8.000357837934605e+16,1669107659,
507,3.44746607,500,50,ok_event_tree,event_tree,500,1723735000.0,1606315099.252318,117419900.74764788,0.0,0.0,117419900.74764788,0.0,117419900.74764788,0.0,0.0,0.0,0.0,0.0,911.2286199977952,2050.4426971563516,500,913.0470630113174,2054.292640460352,500,477879461415.0145,1.0031052625495474e+17,1657020164,
508,3.48738584,500,50,ok_event_tree,event_tree,500,1743695000.0,1632712648.6757398,110982351.3241939,0.0,0.0,110982351.3241939,0.0,110982351.3241939,0.0,0.0,0.0,0.0,0.0,919.1005131564298,2084.2026909727906,500,920.714082756246,2088.3671897368336,500,456716720692.00323,8.86851878883797e+16,1684285712,
509,3.52776787,500,50,ok_event_tree,event_tree,500,1763885000.0,1680823546.7242,83061453.27575919,0.0,0.0,83061453.27575919,0.0,83061453.27575919,0.0,0.0,0.0,0.0,0.0,932.343154179309,2109.994421825437,500,933.7774779219422,2113.181374240764,500,524526145656.242,1.1076103766875397e+17,1734787448,
510,3.56861749,500,50,ok_event_tree,event_tree,500,1784310000.0000002,1661684025.456474,122625974.54344164,0.0,0.0,122625974.54344164,0.0,122625974.54344164,0.0,0.0,0.0,0.0,0.0,946.2540884036619,2225.4466071969696,500,948.1527608599583,2230.5451947114157,500,500003702173.55066,9.570097095640258e+16,1714183403,
511,3.60994014,500,50,ok_event_tree,event_tree,500,1804970000.0,1706998151.320117,97971848.67975071,0.0,0.0,97971848.67975071,0.0,97971848.67975071,0.0,0.0,0.0,0.0,0.0,940.818601758304,2183.4641394586247,500,942.1096825576559,2185.4378540842345,500,510035822132.16455,1.048418143918254e+17,1760870592,
512,3.65174127,500,50,ok_event_tree,event_tree,500,1825870000.0,1733061457.249541,92808542.75030431,0.0,0.0,92808542.75030431,0.0,92808542.75030431,0.0,0.0,0.0,0.0,0.0,987.1728887707659,2368.385767057014,500,989.5810629376471,2374.2187352591664,500,497422053866.74036,9.712614581672578e+16,1787747063,
513,3.69402644,500,50,ok_event_tree,event_tree,500,1847015000.0000002,1735765803.366613,111249196.63319041,0.0,0.0,111249196.63319041,0.0,111249196.63319041,0.0,0.0,0.0,0.0,0.0,1038.2257257054544,2635.102094097998,500,1039.3254813078825,2637.138365647893,500,459823946567.70917,8.518697370586989e+16,1788996200,
514,3.73680125,500,50,ok_event_tree,event_tree,500,1868400000.0000002,1757283973.8337286,111116026.16605408,0.0,0.0,111116026.16605408,0.0,111116026.16605408,0.0,0.0,0.0,0.0,0.0,1007.7072553897075,2495.2851727063935,500,1008.7659604670258,2498.4115589953217,500,453975770202.8788,8.220833572018731e+16,1811713998,
515,3.78007137,500,50,ok_event_tree,event_tree,500,1890035000.0000002,1787976659.2083375,102058340.7914262,0.0,0.0,102058340.7914262,0.0,102058340.7914262,0.0,0.0,0.0,0.0,0.0,1034.8897882659478,2583.72268074984,500,1036.3190732445448,2587.7422570154336,500,521900894030.12714,1.0395409447668315e+17,1843305432,
516,3.82384254,500,50,ok_event_tree,event_tree,500,1911920000.0000002,1772776164.6198502,139143835.37985975,0.0,0.0,139143835.37985975,0.0,139143835.37985975,0.0,0.0,0.0,0.0,0.0,994.6241130445168,2484.736513026726,500,996.7786531152011,2490.5023835424267,500,503193986162.7386,9.993150521492085e+16,1827217235,
517,3.86812055,500,50,ok_event_tree,event_tree,500,1934060000.0,1819142379.2539053,114917620.74579296,0.0,0.0,114917620.74579296,0.0,114917620.74579296,0.0,0.0,0.0,0.0,0.0,1028.6886899449698,2604.2396658237467,500,1029.7686021718707,2607.349450636287,500,516152423275.1084,1.029317854182752e+17,1875231934,
518,3.91291127,500,50,ok_event_tree,event_tree,500,1956455000.0000002,1865067647.0881875,91387352.91150877,0.0,0.0,91387352.91150877,0.0,91387352.91150877,0.0,0.0,0.0,0.0,0.0,1097.2035915105423,2926.3689810778483,500,1098.6828794102096,2931.4874710434947,500,561266843034.9807,1.2005778966041733e+17,1922942503,
519,3.95822065,500,50,ok_event_tree,event_tree,500,1979110000.0,1838596441.4510748,140513558.54856193,0.0,0.0,140513558.54856193,0.0,140513558.54856193,0.0,0.0,0.0,0.0,0.0,1006.2812927777096,2582.18529857259,500,1008.6571075208434,2589.9769954324547,500,546293961638.50555,1.180582880437415e+17,1895087133,
520,4.00405468,500,50,ok_event_tree,event_tree,500,2002025000.0000002,1859310672.92313,142714327.0764971,0.0,0.0,142714327.0764971,0.0,142714327.0764971,0.0,0.0,0.0,0.0,0.0,1091.7349372188248,2970.75436198018,500,1093.1172133086036,2974.841072471977,500,554605396643.5253,1.1554696858968346e+17,1916273777,
521,4.05041945,500,50,ok_event_tree,event_tree,500,2025210000.0,1917494217.72001,107715782.27940498,0.0,0.0,107715782.27940498,0.0,107715782.27940498,0.0,0.0,0.0,0.0,0.0,1069.9875151043075,2816.945351189886,500,1072.1678698893395,2824.254113956285,500,557371553618.8921,1.1789029074260482e+17,1976725020,
522,4.0973211,500,50,ok_event_tree,event_tree,500,2048660000.0,1949769322.377379,98890677.62186155,0.0,0.0,98890677.62186155,0.0,98890677.62186155,0.0,0.0,0.0,0.0,0.0,1164.2146735100102,3284.858972409559,500,1166.480441271822,3291.582813772164,500,567496087456.1106,1.22492007075444e+17,2009661475,
523,4.14476584,500,50,ok_event_tree,event_tree,500,2072385000.0000002,1964186442.3242724,108198557.67478141,0.0,0.0,108198557.67478141,0.0,108198557.67478141,0.0,0.0,0.0,0.0,0.0,1146.5342505048675,3202.436602857063,500,1147.7886961904883,3206.491891001384,500,542347724074.7232,1.0266682219674059e+17,2023897296,
524,4.19275997,500,50,ok_event_tree,event_tree,500,2096380000.0000002,1995723961.4235454,100656038.57532978,0.0,0.0,100656038.57532978,0.0,100656038.57532978,0.0,0.0,0.0,0.0,0.0,1135.324042950301,3157.0318409833285,500,1137.962492381139,3166.851768523957,500,626440747919.0115,1.3690395705545958e+17,2056948368,
525,4.24130984,500,50,ok_event_tree,event_tree,500,2120655000.0000002,2032639815.260735,88015184.73792596,0.0,0.0,88015184.73792596,0.0,88015184.73792596,0.0,0.0,0.0,0.0,0.0,1181.2996409342582,3335.2179974428573,500,1182.8294321798633,3340.3516162855176,500,610379549363.6945,1.3141793825651491e+17,2095141261,
526,4.29042189,500,50,ok_event_tree,event_tree,500,2145210000.0,2046383628.453921,98826371.54455556,0.0,0.0,98826371.54455556,0.0,98826371.54455556,0.0,0.0,0.0,0.0,0.0,1222.5319745172765,3598.759455287086,500,1223.5759744503848,3603.2698156028964,500,580360073038.7649,1.1359737865316797e+17,2108912725,
527,4.34010264,500,50,ok_event_tree,event_tree,500,2170050000.0000005,2045242952.314877,124807047.68342818,0.0,0.0,124807047.68342818,0.0,124807047.68342818,0.0,0.0,0.0,0.0,0.0,1198.6312113354152,3502.038441391201,500,1201.1688194468536,3510.1741695851565,500,629516059671.2976,1.355418943390765e+17,2108003910,
528,4.39035866,500,50,ok_event_tree,event_tree,500,2195180000.0,2080208114.9082189,114971885.08990064,0.0,0.0,114971885.08990064,0.0,114971885.08990064,0.0,0.0,0.0,0.0,0.0,1219.2829165588767,3660.7278681187736,500,1220.7702815026914,3664.5260249620023,500,640940695168.1863,1.4071517072414206e+17,2143290645,
529,4.44119661,500,50,ok_event_tree,event_tree,500,2220600000.0,2097234462.4449265,123365537.55298132,0.0,0.0,123365537.55298132,0.0,123365537.55298132,0.0,0.0,0.0,0.0,0.0,1223.2095802741171,3692.0655342722566,500,1224.841742084717,3697.20697898739,500,618171373573.962,1.2928815742497176e+17,2160910498,
530,4.49262325,500,50,ok_event_tree,event_tree,500,2246310000.0,2140302229.6316242,106007770.366053,0.0,0.0,106007770.366053,0.0,106007770.366053,0.0,0.0,0.0,0.0,0.0,1259.9124999905048,3850.0999478045414,500,1261.2995833810103,3854.492028487873,500,630901930228.6622,1.3945667753887658e+17,2204758373,
531,4.54464537,500,50,ok_event_tree,event_tree,500,2272325000.0,2140120682.4824338,132204317.5150945,0.0,0.0,132204317.5150945,0.0,132204317.5150945,0.0,0.0,0.0,0.0,0.0,1235.3226784499923,3760.4384221707223,500,1236.9604693993213,3766.7223671460147,500,667872851279.5846,1.396953472729863e+17,2204845220,
532,4.59726989,500,50,ok_event_tree,event_tree,500,2298635000.0000005,2161488857.9849706,137146142.0123798,0.0,0.0,137146142.0123798,0.0,137146142.0123798,0.0,0.0,0.0,0.0,0.0,1226.663858471322,3745.6541856381345,500,1228.4576040419995,3752.234595917463,500,593741114433.1694,1.1287668037049534e+17,2226189009,
533,4.65050376,500,50,ok_event_tree,event_tree,500,2325250000.0,2232376901.6947317,92873098.30232716,0.0,0.0,92873098.30232716,0.0,92873098.30232716,0.0,0.0,0.0,0.0,0.0,1354.879375908784,4347.016506087586,500,1356.388121766606,4351.98010862463,500,664422930809.274,1.417801047640678e+17,2298863709,
534,4.70435406,500,50,ok_event_tree,event_tree,500,2352175000.0000005,2213255645.2948,138919354.70214245,0.0,0.0,138919354.70214245,0.0,138919354.70214245,0.0,0.0,0.0,0.0,0.0,1289.2050021559578,4101.716664512973,500,1290.7730046960712,4107.542570223511,500,628314103390.2214,1.2091929730681483e+17,2279715590,
535,4.75882791,500,50,ok_event_tree,event_tree,500,2379415000.0,2240479191.5153008,138935808.481429,0.0,0.0,138935808.481429,0.0,138935808.481429,0.0,0.0,0.0,0.0,0.0,1308.7665493684503,4172.616077135003,500,1309.741255869031,4176.703685934602,500,685407755190.5111,1.4382519467562235e+17,2306708666,
536,4.81393254,500,50,ok_event_tree,event_tree,500,2406965000.0,2297948311.478105,109016688.51829712,0.0,0.0,109016688.51829712,0.0,109016688.51829712,0.0,0.0,0.0,0.0,0.0,1397.4138281666267,4716.429755992852,500,1398.8520448427312,4721.49629143473,500,661807561996.9684,1.3721727978449168e+17,2366092712,
537,4.86967525,500,50,ok_event_tree,event_tree,500,2434840000.0000005,2316355698.1139402,118484301.88216303,0.0,0.0,118484301.88216303,0.0,118484301.88216303,0.0,0.0,0.0,0.0,0.0,1377.2505850245377,4643.044122707881,500,1378.6833422978214,4647.49266195123,500,670932846863.6356,1.2929882981878989e+17,2384913571,
538,4.92606343,500,50,ok_event_tree,event_tree,500,2463030000.0000005,2350346575.780114,112683424.21580847,0.0,0.0,112683424.21580847,0.0,112683424.21580847,0.0,0.0,0.0,0.0,0.0,1421.7215754303863,4888.100351524934,500,1422.82093155367,4893.088148463088,500,724668597601.6228,1.494544447356281e+17,2420022089,
539,4.98310456,500,50,ok_event_tree,event_tree,500,2491550000.0000005,2349067694.7839556,142482305.21187124,0.0,0.0,142482305.21187124,0.0,142482305.21187124,0.0,0.0,0.0,0.0,0.0,1323.9268579439783,4385.391075437482,500,1325.3972276424645,4390.758420544002,500,738547491674.9355,1.6212811805394742e+17,2418437573,
540,5.04080619,500,50,ok_event_tree,event_tree,500,2520405000.0000005,2377482075.4017534,142922924.59387648,0.0,0.0,142922924.59387648,0.0,142922924.59387648,0.0,0.0,0.0,0.0,0.0,1448.9440332551471,5098.403559725102,500,1450.6409828689689,5103.533856011783,500,741651544910.7594,1.6303329104823894e+17,2447737646,
541,5.09917598,500,50,ok_event_tree,event_tree,500,2549590000.0000005,2430328374.606164,119261625.38896132,0.0,0.0,119261625.38896132,0.0,119261625.38896132,0.0,0.0,0.0,0.0,0.0,1470.1882378917555,5243.078990191318,500,1471.9589732278123,5250.211566834031,500,708782856658.4939,1.4709067233089277e+17,2501043168,
542,5.15822165,500,50,ok_event_tree,event_tree,500,2579110000.0,2467895773.1820073,111214226.81286182,0.0,0.0,111214226.81286182,0.0,111214226.81286182,0.0,0.0,0.0,0.0,0.0,1476.9388275709557,5225.413874302198,500,1478.4109774281615,5231.383042999686,500,773269554008.1042,1.7676129414051674e+17,2539761117,
543,5.21795104,500,50,ok_event_tree,event_tree,500,2608975000.0,2471998723.891648,136976276.1031004,0.0,0.0,136976276.1031004,0.0,136976276.1031004,0.0,0.0,0.0,0.0,0.0,1500.9537110350595,5499.85894751719,500,1502.4188304608654,5508.268048127752,500,785418869364.5103,1.7501458958811488e+17,2544258066,
544,5.27837207,500,50,ok_event_tree,event_tree,500,2639185000.0,2455966991.9957824,183218007.9988927,0.0,0.0,183218007.9988927,0.0,183218007.9988927,0.0,0.0,0.0,0.0,0.0,1486.9867356556263,5467.725217499218,500,1488.9313221764164,5475.125071253188,500,732851822367.4109,1.5978075248582074e+17,2526711073,
545,5.33949274,500,50,ok_event_tree,event_tree,500,2669745000.0,2524555875.0713935,145189124.92285943,0.0,0.0,145189124.92285943,0.0,145189124.92285943,0.0,0.0,0.0,0.0,0.0,1491.0254994415582,5428.786899300106,500,1493.0994210907184,5437.005675075204,500,784325606220.7644,1.6454164177441856e+17,2598274808,
546,5.40132115,500,50,ok_event_tree,event_tree,500,2700660000.0,2570776781.3948083,129883218.59911658,0.0,0.0,129883218.59911658,0.0,129883218.59911658,0.0,0.0,0.0,0.0,0.0,1529.9025247609625,5664.268649584851,500,1531.3201175733288,5669.898503289791,500,779272176039.9318,1.5829834329095094e+17,2645582352,
547,5.4638655,500,50,ok_event_tree,event_tree,500,2731935000.0,2622665292.304815,109269707.68885522,0.0,0.0,109269707.68885522,0.0,109269707.68885522,0.0,0.0,0.0,0.0,0.0,1542.045220696118,5724.611022767233,500,1543.5812968106422,5729.322018219774,500,768770512054.22,1.5271004687404096e+17,2698614138,
548,5.52713408,500,50,ok_event_tree,event_tree,500,2763565000.0000005,2658119713.782379,105445286.21091628,0.0,0.0,105445286.21091628,0.0,105445286.21091628,0.0,0.0,0.0,0.0,0.0,1585.3964129223984,6059.938036577855,500,1587.8579993944654,6070.811423660057,500,797634118560.5652,1.6866175064871402e+17,2735182849,
549,5.59113528,500,50,ok_event_tree,event_tree,500,2795570000.0000005,2642916933.960635,152653066.03268954,0.0,0.0,152653066.03268954,0.0,152653066.03268954,0.0,0.0,0.0,0.0,0.0,1571.8599829668024,6102.2315282770305,500,1574.3716678829032,6112.4966998700675,500,780602595247.1938,1.6805932088899667e+17,2718512990,
550,5.65587757,500,50,ok_event_tree,event_tree,500,2827940000.0,2727547993.5621843,100392006.43056993,0.0,0.0,100392006.43056993,0.0,100392006.43056993,0.0,0.0,0.0,0.0,0.0,1678.3508911325591,6700.253648673905,500,1680.8488608118553,6715.441827807925,500,780787897363.7395,1.5083769867980816e+17,2805385481,
551,5.72136955,500,50,ok_event_tree,event_tree,500,2860685000.0000005,2727339896.76014,133345103.23254699,0.0,0.0,133345103.23254699,0.0,133345103.23254699,0.0,0.0,0.0,0.0,0.0,1613.3857117234518,6344.327057304242,500,1615.4458836809913,6351.218965095124,500,819731815591.458,1.7215597773858323e+17,2806700491,
552,5.78761988,500,50,ok_event_tree,event_tree,500,2893810000.0000005,2754197926.5503197,139612073.44206023,0.0,0.0,139612073.44206023,0.0,139612073.44206023,0.0,0.0,0.0,0.0,0.0,1673.6109153667385,6797.650546192408,500,1675.1351683365604,6802.44528938521,500,880242398270.504,1.885238423344926e+17,2833843742,
553,5.85463736,500,50,ok_event_tree,event_tree,500,2927320000.0000005,2813515105.0368905,113804894.95517087,0.0,0.0,113804894.95517087,0.0,113804894.95517087,0.0,0.0,0.0,0.0,0.0,1687.4762683607753,6818.382916090893,500,1689.6908052517026,6829.414222044796,500,917176999356.626,2.0301151287463702e+17,2894561727,
554,5.92243087,500,50,ok_event_tree,event_tree,500,2961215000.0000005,2871267583.560371,89947416.43128769,0.0,0.0,89947416.43128769,0.0,89947416.43128769,0.0,0.0,0.0,0.0,0.0,1775.882032231177,7421.790131145344,500,1778.1831094709057,7430.67982969914,500,890099151740.4916,1.9611047008231152e+17,2952817146,
555,5.99100939,500,50,ok_event_tree,event_tree,500,2995505000.0,2835420630.8010316,160084369.19073543,0.0,0.0,160084369.19073543,0.0,160084369.19073543,0.0,0.0,0.0,0.0,0.0,1740.071596181128,7320.9012708356795,500,1741.745113163851,7329.029973684085,500,896770284700.0336,1.958473524067812e+17,2916086726,
556,6.06038201,500,50,ok_event_tree,event_tree,500,3030190000.0000005,2902384530.2397385,127805469.75161958,0.0,0.0,127805469.75161958,0.0,127805469.75161958,0.0,0.0,0.0,0.0,0.0,1781.568973782454,7605.640167008911,500,1783.5022527009519,7614.0431183920045,500,902018818626.5431,1.9416646666003978e+17,2984975338,
557,6.13055792,500,50,ok_event_tree,event_tree,500,3065280000.0000005,2908050116.044051,157229883.9471932,0.0,0.0,157229883.9471932,0.0,157229883.9471932,0.0,0.0,0.0,0.0,0.0,1716.5352570867076,7276.364753601562,500,1718.167632458564,7285.138689918619,500,873660307916.8617,1.787785941752276e+17,2990052629,
558,6.20154644,500,50,ok_event_tree,event_tree,500,3100775000.0,2959169888.990093,141605111.00090814,0.0,0.0,141605111.00090814,0.0,141605111.00090814,0.0,0.0,0.0,0.0,0.0,1791.4252623275852,7775.793977138943,500,1793.3131688087958,7785.070882196064,500,927053921158.2546,2.0374999229642195e+17,3044004184,
559,6.27335696,500,50,ok_event_tree,event_tree,500,3136680000.0,2966572353.7592163,170107646.2315745,0.0,0.0,170107646.2315745,0.0,170107646.2315745,0.0,0.0,0.0,0.0,0.0,1803.8287708409798,8052.167650589947,500,1806.629392536807,8067.548038503637,500,856335981482.2351,1.7717421271412464e+17,3049770856,
560,6.34599901,500,50,ok_event_tree,event_tree,500,3173000000.0,3062086273.519151,110913726.47101799,0.0,0.0,110913726.47101799,0.0,110913726.47101799,0.0,0.0,0.0,0.0,0.0,1898.2709782187048,8558.502449573441,500,1900.5281054040493,8570.370084658123,500,947495619724.4283,2.048000545936898e+17,3147740882,
561,6.41948222,500,50,ok_event_tree,event_tree,500,3209740000.0,3094938358.083191,114801641.90677999,0.0,0.0,114801641.90677999,0.0,114801641.90677999,0.0,0.0,0.0,0.0,0.0,1893.3010785136094,8665.850835728219,500,1895.6911088561965,8680.865083290026,500,1000440874133.9929,2.21907393140974e+17,3182129637,
562,6.49381632,500,50,ok_event_tree,event_tree,500,3246910000.0,3130246101.6873517,116663898.30223621,0.0,0.0,116663898.30223621,0.0,116663898.30223621,0.0,0.0,0.0,0.0,0.0,1889.1176597272938,8580.273138957278,500,1890.3733653588906,8587.09227481548,500,990606178515.9653,2.0990151848526608e+17,3218205159,
563,6.56901116,500,50,ok_event_tree,event_tree,500,3284505000.0000005,3147348408.4837537,137156591.50572753,0.0,0.0,137156591.50572753,0.0,137156591.50572753,0.0,0.0,0.0,0.0,0.0,1972.4938442787616,9266.828908413305,500,1974.5422338679844,9277.082246224727,500,989197571588.1984,2.1080994798770768e+17,3236079599,
564,6.64507673,500,50,ok_event_tree,event_tree,500,3322540000.0,3174216632.59297,148323367.39646167,0.0,0.0,148323367.39646167,0.0,148323367.39646167,0.0,0.0,0.0,0.0,0.0,1955.8513867966517,9184.371643479655,500,1958.5124391307645,9197.172528756806,500,1017315268200.3168,2.3480312235198416e+17,3262789108,
565,6.72202309,500,50,ok_event_tree,event_tree,500,3361010000.0000005,3221889176.2138014,139120823.77514142,0.0,0.0,139120823.77514142,0.0,139120823.77514142,0.0,0.0,0.0,0.0,0.0,1925.8904310605512,8922.501556367672,500,1927.5259465145255,8929.178929062822,500,1146354571912.8027,2.6022835711463187e+17,3313252531,
566,6.79986045,500,50,ok_event_tree,event_tree,500,3399930000.0,3290743467.8830523,109186532.1052218,0.0,0.0,109186532.1052218,0.0,109186532.1052218,0.0,0.0,0.0,0.0,0.0,1986.9815426216508,9290.628389199912,500,1988.4732854251629,9300.907602985539,500,1030572154340.2222,2.32283657739301e+17,3381840509,
567,6.87859912,500,50,ok_event_tree,event_tree,500,3439300000.0000005,3259107980.212864,180192019.77600738,0.0,0.0,180192019.77600738,0.0,180192019.77600738,0.0,0.0,0.0,0.0,0.0,1954.8961894843985,9401.375195492434,500,1958.3674990884483,9416.427623558251,500,1003404780006.766,2.2625265135672803e+17,3348027540,
568,6.95824955,500,50,ok_event_tree,event_tree,500,3479125000.0000005,3366219395.201839,112905604.78614224,0.0,0.0,112905604.78614224,0.0,112905604.78614224,0.0,0.0,0.0,0.0,0.0,1989.195477782064,9451.78346225687,500,1991.0956750935813,9459.162930945182,500,1099106047070.087,2.496103455158489e+17,3459233666,
569,7.03882228,500,50,ok_event_tree,event_tree,500,3519410000.0000005,3393407084.4525,126002915.53506921,0.0,0.0,126002915.53506921,0.0,126002915.53506921,0.0,0.0,0.0,0.0,0.0,2126.8594539470587,10698.64194404728,500,2129.55651051005,10714.937472469597,500,1083322565221.9482,2.400056630888706e+17,3487168699,
570,7.120328,500,50,ok_event_tree,event_tree,500,3560165000.0,3373929513.963477,186235486.0243418,0.0,0.0,186235486.0243418,0.0,186235486.0243418,0.0,0.0,0.0,0.0,0.0,2051.8467436889855,10351.9961202315,500,2054.2511280429444,10366.484459182859,500,1111187635946.191,2.462653492226516e+17,3467577260,
571,7.20277751,500,50,ok_event_tree,event_tree,500,3601390000.0,3461150726.1025395,140239273.88448036,0.0,0.0,140239273.88448036,0.0,140239273.88448036,0.0,0.0,0.0,0.0,0.0,2081.253148929429,10554.177016159167,500,2083.6272990953835,10570.050047232226,500,1142095974283.818,2.6158644618256733e+17,3557470772,
572,7.28618175,500,50,ok_event_tree,event_tree,500,3643090000.0000005,3521540796.7671623,121549203.21958992,0.0,0.0,121549203.21958992,0.0,121549203.21958992,0.0,0.0,0.0,0.0,0.0,2266.3369698635215,12046.411954960973,500,2269.2218267892167,12063.914671620953,500,1175185613678.2617,2.7101245513278458e+17,3618618473,
573,7.37055175,500,50,ok_event_tree,event_tree,500,3685275000.0000005,3515133021.8931355,170141978.0934879,0.0,0.0,170141978.0934879,0.0,170141978.0934879,0.0,0.0,0.0,0.0,0.0,2178.6543904856007,11554.570226347087,500,2182.637791499701,11578.921983709766,500,1152281633563.7266,2.598758570446638e+17,3611223028,
574,7.45589872,500,50,ok_event_tree,event_tree,500,3727950000.0,3575602129.8782187,152347870.10815036,0.0,0.0,152347870.10815036,0.0,152347870.10815036,0.0,0.0,0.0,0.0,0.0,2189.931913316926,11626.976513472322,500,2192.507241962526,11640.900693908809,500,1102230594630.858,2.2971299398311027e+17,3671905559,
575,7.54223396,500,50,ok_event_tree,event_tree,500,3771115000.0,3613522738.171183,157592261.81503874,0.0,0.0,157592261.81503874,0.0,157592261.81503874,0.0,0.0,0.0,0.0,0.0,2221.692140727937,11856.048916514814,500,2224.3709114946237,11874.56119306497,500,1141830791076.8445,2.5080160494791293e+17,3711191464,
576,7.62956891,500,50,ok_event_tree,event_tree,500,3814785000.0000005,3669468448.0674224,145316551.91828617,0.0,0.0,145316551.91828617,0.0,145316551.91828617,0.0,0.0,0.0,0.0,0.0,2292.1605122323776,12487.830342097135,500,2295.143494915764,12509.31786456897,500,1174314193277.0476,2.5396261498487024e+17,3769275102,
577,7.71791516,500,50,ok_event_tree,event_tree,500,3858960000.0000005,3707902260.477523,151057739.50783622,0.0,0.0,151057739.50783622,0.0,151057739.50783622,0.0,0.0,0.0,0.0,0.0,2337.0421692206314,12886.279050563086,500,2338.7508669321073,12902.471161428513,500,1196906170281.7449,2.691127131472276e+17,3808452966,
578,7.8072844,500,50,ok_event_tree,event_tree,500,3903640000.0,3728116020.641641,175523979.34360868,0.0,0.0,175523979.34360868,0.0,175523979.34360868,0.0,0.0,0.0,0.0,0.0,2255.8143201726925,12453.616800742995,500,2258.3043218814796,12468.106855438435,500,1180960993958.6711,2.5451443146801405e+17,3828781862,
579,7.89768849,500,50,ok_event_tree,event_tree,500,3948845000.0,3760338730.4734607,188506269.51153138,0.0,0.0,188506269.51153138,0.0,188506269.51153138,0.0,0.0,0.0,0.0,0.0,2223.843928267843,12017.47226809192,500,2225.641820598665,12029.770274988263,500,1331037896458.224,3.2619977735344557e+17,3861010232,
580,7.98913942,500,50,ok_event_tree,event_tree,500,3994570000.0000005,3905466572.979329,89103427.0045247,0.0,0.0,89103427.0045247,0.0,89103427.0045247,0.0,0.0,0.0,0.0,0.0,2417.684359685619,13686.56529659085,500,2420.718734768815,13708.903844905015,500,1270124157797.363,2.858938011941119e+17,4010627568,
581,8.08164929,500,50,ok_event_tree,event_tree,500,4040825000.0,3891871357.632229,148953642.35137203,0.0,0.0,148953642.35137203,0.0,148953642.35137203,0.0,0.0,0.0,0.0,0.0,2438.8551316375997,14171.435873805889,500,2442.042574846523,14190.16415053927,500,1278467264672.0522,2.8645579567007142e+17,3996062037,
582,8.17523038,500,50,ok_event_tree,event_tree,500,4087614999.9999995,3968905461.735669,118709538.24705316,0.0,0.0,118709538.24705316,0.0,118709538.24705316,0.0,0.0,0.0,0.0,0.0,2497.30715319463,14667.625471093963,500,2499.7823345799848,14686.848556168368,500,1235606032954.3384,2.6130384145942262e+17,4073509643,
583,8.26989509,500,50,ok_event_tree,event_tree,500,4134950000.0,3962088906.631478,172861093.35096738,0.0,0.0,172861093.35096738,0.0,172861093.35096738,0.0,0.0,0.0,0.0,0.0,2442.727598805877,14538.363942719934,500,2443.9704151793544,14546.198939796546,500,1206975428081.4258,2.5641320541445875e+17,4066249616,
584,8.36565596,500,50,ok_event_tree,event_tree,500,4182830000.0000005,4006812294.748389,176017705.23315802,0.0,0.0,176017705.23315802,0.0,176017705.23315802,0.0,0.0,0.0,0.0,0.0,2491.7635912884093,14969.600811666827,500,2493.5068333114696,14981.412100485815,500,1348078160033.904,3.1827942973776486e+17,4113590299,
585,8.46252569,500,50,ok_event_tree,event_tree,500,4231265000.0000005,4138301828.3199697,92963171.66021785,0.0,0.0,92963171.66021785,0.0,92963171.66021785,0.0,0.0,0.0,0.0,0.0,2653.1778303850288,16369.200092607676,500,2655.9093035035767,16390.383630445616,500,1410068408760.759,3.266856083984028e+17,4248615622,
586,8.56051712,500,50,ok_event_tree,event_tree,500,4280260000.0,4172587886.5067406,107672113.47285731,0.0,0.0,107672113.47285731,0.0,107672113.47285731,0.0,0.0,0.0,0.0,0.0,2656.596870025545,16585.847142923318,500,2658.9366282889832,16608.48966568711,500,1344606434576.3608,2.923231631157123e+17,4282123475,
587,8.65964323,500,50,ok_event_tree,event_tree,500,4329820000.0,4199922185.0884695,129897814.89052008,0.0,0.0,129897814.89052008,0.0,129897814.89052008,0.0,0.0,0.0,0.0,0.0,2582.3239916286016,15941.445347290988,500,2584.808453963419,15955.404280266943,500,1392857958120.0466,3.267721251812228e+17,4309686695,
588,8.75991718,500,50,ok_event_tree,event_tree,500,4379960000.000001,4144886984.624844,235073015.35441393,0.0,0.0,235073015.35441393,0.0,235073015.35441393,0.0,0.0,0.0,0.0,0.0,2560.7226343880116,16074.617087063987,500,2561.880010530961,16082.176466667133,500,1391609663927.6367,3.224673498886927e+17,4253004688,
589,8.86135224,500,50,ok_event_tree,event_tree,500,4430675000.0,4225600474.0499163,205074525.92825606,0.0,0.0,205074525.92825606,0.0,205074525.92825606,0.0,0.0,0.0,0.0,0.0,2543.4834096219056,16071.598596196358,500,2545.2479519004764,16082.276070027794,500,1405596963325.1726,3.36144850009655e+17,4336064110,
590,8.96396186,500,50,ok_event_tree,event_tree,500,4481980000.0,4317400804.7753725,164579195.20174882,0.0,0.0,164579195.20174882,0.0,164579195.20174882,0.0,0.0,0.0,0.0,0.0,2638.7764582517075,16547.083231407603,500,2640.737995161495,16560.143938151214,500,1370054374610.4397,3.068223524015624e+17,4427796733,
591,9.06775965,500,50,ok_event_tree,event_tree,500,4533880000.0,4344784768.700228,189095231.27645603,0.0,0.0,189095231.27645603,0.0,189095231.27645603,0.0,0.0,0.0,0.0,0.0,2760.322408758994,18392.09414291593,500,2762.625147393633,18411.262308707242,500,1383382176269.5137,3.071523446069389e+17,4456060517,
592,9.17275935,500,50,ok_event_tree,event_tree,500,4586380000.0,4441197096.484987,145182903.49031788,0.0,0.0,145182903.49031788,0.0,145182903.49031788,0.0,0.0,0.0,0.0,0.0,2759.772951951648,18137.8310624425,500,2761.9240611513146,18155.265285165024,500,1550402641807.3877,3.6487547642968755e+17,4555931096,
593,9.2789749,500,50,ok_event_tree,event_tree,500,4639485000.0,4515477545.309599,124007454.66454384,0.0,0.0,124007454.66454384,0.0,124007454.66454384,0.0,0.0,0.0,0.0,0.0,2858.006845526561,19298.52030962661,500,2859.708382431813,19308.7713058928,500,1530286354341.222,3.506217215051157e+17,4630928340,
594,9.38642037,500,50,ok_event_tree,event_tree,500,4693210000.000001,4481381868.933376,211828131.0409337,0.0,0.0,211828131.0409337,0.0,211828131.0409337,0.0,0.0,0.0,0.0,0.0,2817.2963921754645,19131.13332379664,500,2819.837987346813,19157.77040270315,500,1438007882536.3013,3.124679683609279e+17,4596118340,
595,9.49510999,500,50,ok_event_tree,event_tree,500,4747555000.0,4530472663.085165,217082336.88811567,0.0,0.0,217082336.88811567,0.0,217082336.88811567,0.0,0.0,0.0,0.0,0.0,2935.5203713562614,20664.913955545093,500,2937.3466632525397,20680.604301575662,500,1432567263503.7605,3.134691116965145e+17,4646342230,
596,9.60505818,500,50,ok_event_tree,event_tree,500,4802530000.0,4693905292.521266,108624707.44999489,0.0,0.0,108624707.44999489,0.0,108624707.44999489,0.0,0.0,0.0,0.0,0.0,2961.2633140454705,20528.98956551304,500,2963.354382923334,20547.70127011842,500,1561200358564.2092,3.571936921549435e+17,4813365045,
597,9.71627952,500,50,ok_event_tree,event_tree,500,4858140000.000001,4668691240.306511,189448759.66508374,0.0,0.0,189448759.66508374,0.0,189448759.66508374,0.0,0.0,0.0,0.0,0.0,2937.7702045480205,20746.924789438955,500,2940.057245876374,20765.525031292564,500,1565901025444.281,3.613146113212881e+17,4787139957,
598,9.82878873,500,50,ok_event_tree,event_tree,500,4914395000.000001,4760105172.728892,154289827.24098894,0.0,0.0,154289827.24098894,0.0,154289827.24098894,0.0,0.0,0.0,0.0,0.0,3072.944522709792,21993.86317598237,500,3074.7183813507045,22007.06067873067,500,1642566923860.5706,3.888698838661373e+17,4882106787,
599,9.94260074,500,50,ok_event_tree,event_tree,500,4971300000.000001,4797202324.373707,174097675.59577906,0.0,0.0,174097675.59577906,0.0,174097675.59577906,0.0,0.0,0.0,0.0,0.0,3007.468883425166,21568.31213458439,500,3009.5217063151695,21587.003303877314,500,1572315801006.3647,3.590092728080116e+17,4918041493,
600,10.0577306,500,50,ok_event_tree,event_tree,500,5028850000.000001,4875861275.721292,150431544.2354202,0.0,2557180.011118885,150431544.2354202,2557180.011118885,150431544.2354202,0.0,0.0,0.0,0.0,2557180.011118885,3065.0060411064114,22283.631141483467,500,3065.2444500672786,22277.20447255913,500,1794545566204.1067,4.4788537212433466e+17,4974476508,
601,10.1741937,500,50,ok_event_tree,event_tree,500,5087100000.000001,4904757071.05393,178038751.38584185,0.0,3444513.9352662927,178038751.38584185,3444513.9352662927,178038751.38584185,0.0,0.0,0.0,0.0,3444513.9352662927,3050.592586313643,22326.39176195086,500,3050.2711785937763,22312.900625137187,500,1842648963457.623,8.407059974967073e+17,4955442554,
602,10.2920053,500,50,ok_event_tree,event_tree,500,5146000000.0,4930376646.257586,197783698.18798774,0.0,14011382.951539995,197783698.18798774,14011382.951539995,197783698.18798774,0.0,0.0,0.0,0.0,14011382.951539995,3143.9790221297794,23782.760564137214,500,3145.603700052421,23784.508881244834,500,2027794927245.8843,1.3204136635718449e+18,4933068230,
603,10.4111811,500,50,ok_event_tree,event_tree,500,5205600000.000001,5038416977.26249,149143734.8420382,0.0,16790154.960706666,149143734.8420382,16790154.960706666,149143734.8420382,0.0,0.0,0.0,0.0,16790154.960706666,3164.7607362922386,23825.946163532317,500,3164.7537938990204,23814.525939542087,500,1976113694063.2751,9.335407105017756e+17,4998640765,
604,10.5317369,500,50,ok_event_tree,event_tree,500,5265850000.000001,4970311286.756803,249127065.7917422,0.0,39382095.365488686,248907831.55767584,39601329.599555045,248907831.55767584,219234.23406635236,0.0,0.0,0.0,39382095.365488686,3236.9383459397864,25346.864855818058,500,3237.14871508905,25335.78580462071,500,1593347405384.7488,3.7394304436425306e+17,4881391155,
605,10.6536886,500,50,ok_event_tree,event_tree,500,5326850000.000001,5191327579.4431095,85439329.74391524,0.0,28609896.04951686,85439329.74391524,28609896.04951686,85439329.74391524,0.0,0.0,0.0,0.0,28609896.04951686,3368.563061154051,26661.09863219614,500,3368.3014098852727,26649.039306282088,500,2083620146534.981,1.3561271735687624e+18,5063879676,
606,10.7770525,500,50,ok_event_tree,event_tree,500,5388550000.000001,5213997294.723488,138162724.89232585,0.0,32441544.7871983,138052902.81768885,32551366.861835293,138052902.81768885,109822.07463699409,0.0,0.0,0.0,32441544.7871983,3459.942318731609,28207.207349278302,500,3459.9042635399883,28196.080666612463,500,2229340626578.797,1.3811602388937477e+18,5036519759,
607,10.9018449,500,50,ok_event_tree,event_tree,500,5450900000.0,5217823473.558309,169226643.8940646,0.0,42900207.133974,169157900.79751918,42968950.230519414,169157900.79751918,68743.09654542248,0.0,0.0,0.0,42900207.133974,3412.758231154398,27461.9391441142,500,3414.254824276099,27459.601808875144,500,2355885709771.502,2.1430936356980088e+18,4997630131,
608,11.0280823,500,50,ok_event_tree,event_tree,500,5514050000.0,5336825599.914567,104439969.1126764,0.0,51173087.394430466,104439969.1126764,51173087.394430466,104439969.1126764,0.0,0.0,0.0,0.0,51173087.394430466,3463.88584130668,28666.767227940738,500,3464.3290636062393,28655.1780043468,500,2385739552023.8286,2.1427535431638508e+18,5064318623,
609,11.1557815,500,50,ok_event_tree,event_tree,500,5577900000.0,5351730146.375808,147019995.1352797,0.0,64384655.70336448,147019995.1352797,64384655.70336448,147019995.1352797,0.0,0.0,0.0,0.0,64384655.70336448,3491.53691863277,29037.231214027164,500,3491.9187030905955,29034.510568530437,500,2272619716674.6807,1.4487915433482575e+18,5035158094,
610,11.2849594,500,50,ok_event_tree,event_tree,500,5642500000.0,5386014094.133241,171609920.68111446,0.0,58410815.416077696,171609920.68111446,58410815.416077696,171609920.68111446,0.0,0.0,0.0,0.0,58410815.416077696,3435.0148091383116,28400.90895841645,500,3435.703784276947,28394.3989792738,500,1923405699293.3806,6.978811141271887e+17,5023559808,
611,11.415633,500,50,ok_event_tree,event_tree,500,5707800000.000001,5494360963.880782,106461021.56550318,0.0,88562180.28033309,106193045.83392043,88830156.01191583,106193045.83392043,267975.73158274195,0.0,0.0,0.0,88562180.28033309,3627.231178010446,30863.486909235995,500,3627.1673855872655,30850.005991104477,500,2762327107656.3857,3.0654799408835645e+18,5085516455,
612,11.5478198,500,50,ok_event_tree,event_tree,500,5773900000.0,5550685555.670956,145723912.8529395,0.0,64565151.18230765,145098190.62875944,65190873.40648768,145098190.62875944,625722.2241800241,0.0,0.0,0.0,64565151.18230765,3604.660979213691,30769.841368888996,500,3606.693574591307,30773.3378627561,500,3254536910136.504,3.9049442767943834e+18,5090846752,
613,11.6815373,500,50,ok_event_tree,event_tree,500,5840750000.0,5542871069.4250345,167970483.76588815,0.0,105038545.46999387,166596108.63691345,106412920.59896855,166596108.63691345,1374375.128974697,0.0,0.0,0.0,105038545.46999387,3672.9306078661725,31963.9676730437,500,3674.9094963576713,31972.916152912105,500,3096586164589.734,2.988229871111945e+18,5044873816,
614,11.8168031,500,50,ok_event_tree,event_tree,500,5908400000.0,5564769039.54789,226975220.5206421,0.0,84024057.45826639,226964256.13993892,84035021.83896959,226964256.13993892,10964.380703186644,0.0,0.0,0.0,84024057.45826639,3654.918229335305,32182.219797484908,500,3659.5982897476947,32188.313194344937,500,3499395542558.4824,5.120933468387598e+18,5031610371,
615,11.9536353,500,50,ok_event_tree,event_tree,500,5976800000.0,5711957914.238077,145865034.26136816,0.0,91003087.2029785,143381627.34086695,93486494.12347971,143381627.34086695,2483406.920501204,0.0,0.0,0.0,91003087.2029785,3734.6783897845626,32701.383283253494,500,3735.269325516888,32696.18584212326,500,3245992446874.995,4.0201950767588526e+18,5112295580,
616,12.0920518,500,50,ok_event_tree,event_tree,500,6046050000.0,5650044085.322784,243267156.21886522,0.0,120280508.9739663,243237433.92775244,120310231.26507904,243237433.92775244,29722.291112742838,0.0,0.0,0.0,120280508.9739663,3858.713792834484,36062.928564960515,500,3858.242882501983,36044.90035636068,500,2688745023542.4478,2.838481306105196e+18,4997150700,
617,12.2320712,500,50,ok_event_tree,event_tree,500,6116050000.000001,5798042691.337508,153782129.4292355,0.0,120765388.70402466,153615965.28410026,120931552.8491599,153615965.28410026,166164.1451352495,0.0,0.0,0.0,120765388.70402466,3811.2099068331595,34846.64438470731,500,3813.446599579237,34862.911492920844,500,2919986342037.9565,2.333341584570567e+18,5121026496,
618,12.3737119,500,50,ok_event_tree,event_tree,500,6186850000.000001,5815039040.258233,205641127.52795902,0.0,111490102.08020687,201190875.11821786,115940354.48994802,201190875.11821786,4450252.4097411325,0.0,0.0,0.0,111490102.08020687,3963.1721719305788,37724.969774166726,500,3965.2521053609034,37745.104810433266,500,2894395784541.1772,2.4982419929590026e+18,5065711812,
619,12.5169927,500,50,ok_event_tree,event_tree,500,6258500000.0,6004962262.514213,103420841.81751715,0.0,109531427.28591026,100788278.16779403,112163990.93563338,100788278.16779403,2632563.6497231005,0.0,0.0,0.0,109531427.28591026,4174.937709093477,40660.011950167966,500,4175.233218831907,40649.25693087983,500,3234037354982.7153,3.5505381191827456e+18,5224358430,
620,12.6619327,500,50,ok_event_tree,event_tree,500,6330950000.0,6031569769.164701,138735454.12238032,0.0,139461136.8655989,138515866.07874674,139680724.9092325,138515866.07874674,219588.0436335922,0.0,0.0,0.0,139461136.8655989,4037.376611308214,39042.53601148793,500,4038.9724567437142,39044.04973391851,500,4188624584948.037,6.627886875591607e+18,5195510068,
621,12.8085509,500,50,ok_event_tree,event_tree,500,6404300000.0,5995837406.89024,179651728.41441217,0.0,154521530.07191816,178293682.41252428,155879576.07380602,178293682.41252428,1358046.0018878805,0.0,0.0,0.0,154521530.07191816,4115.142093196798,40177.12040690263,500,4118.902192410246,40200.35562366353,500,3334355919203.76,3.745507652355156e+18,5123972807,
622,12.956867,500,50,ok_event_tree,event_tree,500,6478450000.0,6027676740.258799,185478126.49718127,0.0,191866094.83621332,179337724.23747543,198006497.09591913,179337724.23747543,6140402.259705847,0.0,0.0,0.0,191866094.83621332,4085.9923933742957,40444.53766715727,500,4088.456556875266,40460.80605617534,500,3542056769854.1123,5.236080341867759e+18,5090939507,
623,13.1069004,500,50,ok_event_tree,event_tree,500,6553450000.0,6156826720.549778,189970147.97421214,0.0,140276968.4210584,189926655.94707957,140320460.44819096,189926655.94707957,43492.02713258038,0.0,0.0,0.0,140276968.4210584,4096.733606719481,39991.31259075539,500,4097.987183588802,39999.8509201867,500,3771335513991.7314,5.965184616146818e+18,5155669396,
624,13.2586712,500,50,ok_event_tree,event_tree,500,6629350000.000001,6087813004.6442,305917023.33596194,0.0,189054902.347419,295237766.81653047,199734158.86685047,295237766.81653047,10679256.519431453,0.0,0.0,0.0,189054902.347419,4372.810477779442,46236.68897383526,500,4372.689883106404,46226.390607407426,500,3327904346873.8486,3.734478014689072e+18,5050297105,
625,13.4121994,500,50,ok_event_tree,event_tree,500,6706100000.000001,6162674085.668371,235499295.15002036,0.0,263305162.3184396,226272052.57297823,272532404.89548177,226272052.57297823,9227242.577042142,0.0,0.0,0.0,263305162.3184396,4338.019698033722,45654.66197879841,500,4338.337013384753,45645.55264921859,500,3756530963452.1396,5.474069295556669e+18,5077758444,
626,13.5675053,500,50,ok_event_tree,event_tree,500,6783750000.000001,6431805582.577513,131277569.50141056,0.0,149587656.48406172,128901512.83004597,151963713.15542632,128901512.83004597,2376056.671364596,0.0,0.0,0.0,149587656.48406172,4481.282131714157,47280.300050323654,500,4481.3662412935555,47268.375518262714,500,3368345633178.7017,3.7060144367946117e+18,5265768228,
627,13.7246096,500,50,ok_event_tree,event_tree,500,6862300000.000001,6449096804.005904,157727206.9412253,0.0,180319778.46942198,154190667.06110516,183856318.34954214,154190667.06110516,3536539.880120115,0.0,0.0,0.0,180319778.46942198,4463.238319868412,47462.05251818498,500,4464.076725042852,47457.7370245515,500,3280889615193.6724,3.605219069962175e+18,5222680385,
628,13.8835331,500,50,ok_event_tree,event_tree,500,6941750000.0,6552964081.657971,129993684.14451735,0.0,166835173.3360606,129700550.69464146,167128306.78593647,129700550.69464146,293133.44987587753,0.0,0.0,0.0,166835173.3360606,4549.096998760927,49060.72656905152,500,4552.250657717834,49070.90559423929,500,4045827715743.3535,5.969391041172576e+18,5288022956,
629,14.0442968,500,50,ok_event_tree,event_tree,500,7022150000.0,6508608765.115307,224346541.2230003,0.0,242695921.22870702,218251777.69313437,248790684.7585729,218251777.69313437,6094763.529865923,0.0,0.0,0.0,242695921.22870702,4388.7123801091375,47323.27181627873,500,4394.227026144102,47344.500847186624,500,4197642262827.568,6.852429098888549e+18,5202012560,
630,14.2069221,500,50,ok_event_tree,event_tree,500,7103450000.0,6705219777.145253,158343659.034875,0.0,195171583.094251,157217680.61842805,196297561.51069802,157217680.61842805,1125978.4164470034,0.0,0.0,0.0,195171583.094251,4799.518981759395,54661.455885578805,500,4803.877783434062,54678.30469688699,500,4508874280890.465,5.945896845087556e+18,5345495149,
631,14.3714305,500,50,ok_event_tree,event_tree,500,7185700000.0,6725068565.499215,166609894.32706988,0.0,237530864.11328402,162252080.48089823,241888677.95945558,162252080.48089823,4357813.846171582,0.0,0.0,0.0,237530864.11328402,4626.590340960651,51184.6829765123,500,4631.941551340087,51227.435155165775,500,3991254564077.1865,5.632395798516527e+18,5300412737,
632,14.5378439,500,50,ok_event_tree,event_tree,500,7268900000.0,6769484540.120857,238201732.93941355,0.0,226159000.16439083,231827585.77950034,232533147.32430404,231827585.77950034,6374147.159913221,0.0,0.0,0.0,226159000.16439083,4600.404652503381,50961.44095798865,500,4605.089371278822,50983.71235913712,500,4441887696024.235,6.131510774151581e+18,5284407202,
633,14.7061842,500,50,ok_event_tree,event_tree,500,7353100000.000001,6890572081.439551,112882349.14382507,0.0,220126754.52084616,111764429.61973812,221244674.04493314,111764429.61973812,1117919.5240869697,0.0,0.0,0.0,220126754.52084616,4840.248503869113,54931.49910421989,500,4843.706310810141,54965.4391137601,500,5358630151136.981,9.23335809047449e+18,5380455526,
634,14.8764737,500,50,ok_event_tree,event_tree,500,7438250000.0,6906731448.119238,172634480.37151703,0.0,276701141.4903451,170620106.72851416,278715515.13334805,170620106.72851416,2014373.6430028884,0.0,0.0,0.0,276701141.4903451,5050.195215952207,60352.54650118628,500,5055.446413276244,60366.129661732964,500,4199564074950.222,5.439957425662071e+18,5350600858,
635,15.0487352,500,50,ok_event_tree,event_tree,500,7524350000.0,6865837098.517998,179047685.3111646,0.0,381253575.93087804,178836669.27127278,381464591.9707699,178836669.27127278,211016.03989184566,0.0,0.0,0.0,381253575.93087804,4958.1560045133865,59039.13665649635,500,4963.615545165416,59046.397699858964,500,4352301348469.469,6.750692880444141e+18,5281989069,
636,15.2229913,500,50,ok_event_tree,event_tree,500,7611500000.000001,6939815457.211802,222385319.57044306,0.0,249772690.23108655,222139038.71312362,250018971.088406,222139038.71312362,246280.857319455,0.0,0.0,0.0,249772690.23108655,5438.448743866233,68267.40469280317,500,5437.370206686911,68237.27431318212,500,4345320255265.61,4.349066722109035e+18,5276567198,
637,15.3992653,500,50,ok_event_tree,event_tree,500,7699650000.0,7040641580.199135,272737117.59147507,0.0,214772758.9042148,272721357.83357054,214788518.66211933,272721357.83357054,15759.757904521604,0.0,0.0,0.0,214772758.9042148,5188.231578939127,64082.144481853036,500,5189.726722661042,64076.49881871336,500,4630723667285.085,5.956019250576548e+18,5291202488,
638,15.5775803,500,50,ok_event_tree,event_tree,500,7788800000.000001,7191273577.723436,84808734.84687623,0.0,381081474.2134167,56088350.21990435,409801858.84038866,56088350.21990435,28720384.626971893,0.0,0.0,0.0,381081474.2134167,5435.4569726725,69738.63964991098,500,5438.846887812505,69753.54588940188,500,13213693900630.355,3.9031229165919445e+19,5519417671,
639,15.7579602,500,50,ok_event_tree,event_tree,500,7879000000.000001,7156247586.372514,240607964.78262824,0.0,409747410.6197493,240575747.64313728,409779627.75924027,240575747.64313728,32217.139490900616,0.0,0.0,0.0,409747410.6197493,4660.65975562985,54097.40109466098,500,4661.5982195200195,54090.91202126336,500,8430204769848.043,1.8577509634079724e+19,5360484729,
640,15.9404288,500,50,ok_event_tree,event_tree,500,7970200000.000001,7222043430.086401,68536091.53993429,0.0,451251282.9181069,67789907.44239281,451997467.0156484,67789907.44239281,746184.0975414725,0.0,0.0,0.0,451251282.9181069,5370.717042284097,66722.79720759804,500,5376.642606270262,66807.31668451572,500,4076100343067.8823,4.803397870326109e+18,5452897601,
641,16.1250103,500,50,ok_event_tree,event_tree,500,8062500000.0,7489958236.138369,175612630.47491178,0.0,277005575.00315964,161229382.54949936,291388822.9285718,161229382.54949936,14383247.925412398,0.0,0.0,0.0,277005575.00315964,5469.136727922183,71337.04735763051,500,5469.341429016761,71325.28083405188,500,4309802533562.99,4.4200560494559427e+18,5463767581,
642,16.3117291,500,50,ok_event_tree,event_tree,500,8155850000.000001,7456317823.858199,179962879.12338582,0.0,428875264.9932866,174174601.38209435,434663542.73457795,174174601.38209435,5788277.741291432,0.0,0.0,0.0,428875264.9932866,5192.80217971058,65534.41561297321,500,5194.833549858241,65554.8498082588,500,6050059743338.969,1.0877460564183333e+19,5439581075,
643,16.50061,500,50,ok_event_tree,event_tree,500,8250300000.0,7524142341.083541,146086229.39009175,0.0,483487352.48245794,145971498.2564999,483602083.6160498,145971498.2564999,114731.13359185657,0.0,0.0,0.0,483487352.48245794,5182.1417843628315,65339.87477384196,500,5188.97685167952,65399.79137266039,500,6129681115817.829,1.1868905976476172e+19,5441899935,
644,16.6916781,500,50,ok_event_tree,event_tree,500,8345850000.000001,7616503814.069025,172209715.46534383,0.0,473282234.3042341,172159088.96961597,473332860.799962,172159088.96961597,50626.495727854795,0.0,0.0,0.0,473282234.3042341,5030.515771539758,61781.308075205954,500,5030.154412737055,61763.456095963425,500,4374911639240.643,6.28676183182301e+18,5446790662,
645,16.8849586,500,50,ok_event_tree,event_tree,500,8442500000.000001,7559821373.12396,344712779.3720402,0.0,419463279.20243305,329027345.8270033,435148712.74746984,329027345.8270033,15685433.545036893,0.0,0.0,0.0,419463279.20243305,5400.952589705611,73560.57827148784,500,5401.8625923728705,73553.0985187441,500,9002881422344.016,2.5780944515170046e+19,5364139152,
646,17.0804772,500,50,ok_event_tree,event_tree,500,8540250000.0,7842552447.929396,206960699.7737229,0.0,372954388.2046343,205913360.9685483,374001727.00980896,205913360.9685483,1047338.8051745666,0.0,0.0,0.0,372954388.2046343,5614.732099663145,74392.98654547946,500,5616.1863272303835,74413.70746109776,500,5731818805057.968,1.0163583461410781e+19,5534017249,
647,17.2782598,500,50,ok_event_tree,event_tree,500,8639150000.0,7945150531.675693,260434639.09151047,0.0,310111454.7816455,214340833.12910143,356205260.7440544,214340833.12910143,46093805.96240903,0.0,0.0,0.0,310111454.7816455,5643.482962450306,76190.48431031864,500,5652.269451505739,76293.41590609918,500,7318406879844.518,1.2957813044239337e+19,5600532844,
648,17.4783326,500,50,ok_event_tree,event_tree,500,8739150000.0,7857452797.121154,168723356.19519365,0.0,595376191.9103519,164097965.344498,600001582.7610477,164097965.344498,4625390.850695608,0.0,0.0,0.0,595376191.9103519,5541.274241594856,75873.70152612768,500,5541.914437388754,75881.65976133832,500,4772999770884.664,5.187431885739348e+18,5498622123,
649,17.6807222,500,50,ok_event_tree,event_tree,500,8840350000.000002,8094807759.160858,169057893.97586158,0.0,426593489.65174836,157244427.8743608,438406955.75324905,157244427.8743608,11813466.101500757,0.0,0.0,0.0,426593489.65174836,5617.411609980511,75368.52614960505,500,5623.2803498850035,75451.66615482038,500,9348819753602.812,1.9674032034937344e+19,5648720761,
650,17.8854553,500,50,ok_event_tree,event_tree,500,8942750000.0,8220089234.664614,192453746.01892373,0.0,393663222.8584644,184036454.9444074,402080513.9329806,184036454.9444074,8417291.074516281,0.0,0.0,0.0,393663222.8584644,5834.779233947351,80408.10591871887,500,5834.931730958305,80389.71347398413,500,7993394096181.817,1.5862162616700926e+19,5676506547,
651,18.0925591,500,50,ok_event_tree,event_tree,500,9046300000.0,8172428518.397943,325423659.43647426,0.0,379869037.38905954,317625702.8831046,387666993.94242924,317625702.8831046,7797956.55336973,0.0,0.0,0.0,379869037.38905954,6212.249756256748,90497.04604076261,500,6216.9920659954905,90539.1724376934,500,8033350749208.671,1.96935770275763e+19,5538463789,
652,18.3020611,500,50,ok_event_tree,event_tree,500,9151050000.0,8272314004.503844,199564703.15309677,0.0,538438093.2622426,195900724.69968322,542102071.7156562,195900724.69968322,3663978.4534135195,0.0,0.0,0.0,538438093.2622426,5918.415189391053,84960.65781998186,500,5935.866111270216,85061.25116377894,500,8956572666350.021,2.3938080983405154e+19,5703734047,
653,18.5139889,500,50,ok_event_tree,event_tree,500,9257000000.0,8330886327.574556,276643879.9791184,0.0,478482784.21564513,269656729.3866097,485469934.8081537,269656729.3866097,6987150.5925087035,0.0,0.0,0.0,478482784.21564513,6120.323348235019,90446.2709467965,500,6124.200658325063,90476.70347443837,500,7123717697926.007,1.5060956747745511e+19,5623478507,
654,18.7283708,500,50,ok_event_tree,event_tree,500,9364200000.0,8457433587.652705,315786973.11003333,0.0,392134564.4793396,302721182.15901047,405200355.43036246,302721182.15901047,13065790.951022835,0.0,0.0,0.0,392134564.4793396,6081.233321053044,90028.70137951268,500,6089.547016723583,90120.53953205161,500,8058569064006.666,1.9304928340002984e+19,5632807696,
655,18.9452351,500,50,ok_event_tree,event_tree,500,9472600000.0,8380271682.070243,291281118.8329849,0.0,639210550.7163895,280785416.30159545,649706253.2477789,280785416.30159545,10495702.531389488,0.0,0.0,0.0,639210550.7163895,5958.632938874065,86867.53538310596,500,5966.359128789757,86948.5566320943,500,8383077770683.778,1.7268570469728178e+19,5621345936,
656,19.1646106,500,50,ok_event_tree,event_tree,500,9582300000.0,8407400153.919465,367670337.49494445,0.0,636949525.5176462,357145437.5722933,647474425.4402974,357145437.5722933,10524899.922651121,0.0,0.0,0.0,636949525.5176462,6261.193462579043,95893.9841140242,500,6263.435325207712,95905.14622407615,500,6017272932963.468,9.253499907770503e+18,5547144057,
657,19.3865264,500,50,ok_event_tree,event_tree,500,9693250000.000002,8562656554.136681,305273627.1583205,0.0,654899816.7616602,300075132.1782593,660098311.7417214,300075132.1782593,5198494.980061192,0.0,0.0,0.0,654899816.7616602,6147.151622271125,93298.04576050615,500,6155.763241125657,93388.20986835354,500,6349750658782.327,1.103028190699769e+19,5577393286,
658,19.6110118,500,50,ok_event_tree,event_tree,500,9805500000.0,8618694844.875269,253195179.3882633,0.0,820964825.724652,225157352.4918852,849002652.6210307,225157352.4918852,28037826.89637816,0.0,0.0,0.0,820964825.724652,6404.076188442006,99616.27404202458,500,6411.65490229928,99638.52635654107,500,7174584253885.617,1.5196018236972702e+19,5627572027,
659,19.8380966,500,50,ok_event_tree,event_tree,500,9919050000.0,8860203638.305626,281963022.60176426,0.0,554313486.9304821,266187684.25087842,570088825.2813681,266187684.25087842,15775338.350886025,0.0,0.0,0.0,554313486.9304821,6137.833133949025,98313.95198547334,500,6151.313334547156,98626.97520753677,500,9105980543877.145,1.7254951272125065e+19,5632904346,
660,20.0678109,500,50,ok_event_tree,event_tree,500,10033900000.0,8822659672.09783,258640632.41894278,0.0,708643158.0584056,250733244.30102646,716550546.1763222,250733244.30102646,7907388.117916356,0.0,0.0,0.0,708643158.0584056,6596.405632055316,103318.58436662986,500,6599.4649233321215,103350.22357793839,500,7297695652701.563,1.260744952318453e+19,5762561827,
661,20.3001852,500,50,ok_event_tree,event_tree,500,10150100000.0,8587700789.213363,417409741.07791173,0.0,1002351567.2220906,380618724.8760613,1039142583.4239414,380618724.8760613,36791016.201850496,0.0,0.0,0.0,1002351567.2220906,6013.8562496181485,91253.6855764761,500,6016.955256442313,91328.81829342249,500,5985757671960.964,9.648912886127241e+18,5501949300,
662,20.5352503,500,50,ok_event_tree,event_tree,500,10267650000.0,9364438275.243233,122548262.84416349,0.0,556549952.1436232,101144841.82242228,577953373.1653641,101144841.82242228,21403421.021741193,0.0,0.0,0.0,556549952.1436232,6922.2470321823475,114663.90526821185,500,6923.837599576105,114669.97804459764,500,12105725699256.484,3.2966971389789954e+19,6029321383,
663,20.7730373,500,50,ok_event_tree,event_tree,500,10386500000.0,9338390081.305067,292626273.56379193,0.0,555606505.3059305,237919077.67122754,610313701.1984948,237919077.67122754,54707195.89256433,0.0,0.0,0.0,555606505.3059305,7043.240909482018,118725.83699881824,500,7042.284531035651,118688.47312142215,500,10473212550354.35,2.4336319900171792e+19,5844719663,
664,21.0135777,500,50,ok_event_tree,event_tree,500,10506800000.0,9301954890.071882,233298653.22950336,0.0,664335266.7537951,220366626.00401983,677267293.9792786,220366626.00401983,12932027.22548361,0.0,0.0,0.0,664335266.7537951,6917.902624168148,116758.1364414398,500,6921.72519340455,116835.61163130557,500,9607127296010.543,2.370855165524472e+19,5879039979,
665,21.2569035,500,50,ok_event_tree,event_tree,500,10628450000.000002,9608471874.617481,134098100.42982206,0.0,675181193.9837947,116881348.58752088,692397945.8260957,116881348.58752088,17216751.842301182,0.0,0.0,0.0,675181193.9837947,7257.368487244678,123502.27655102666,500,7261.472651396578,123539.78495134474,500,11687444136105.766,2.883009384997878e+19,6047124467,
666,21.5030468,500,50,ok_event_tree,event_tree,500,10751500000.0,9349716441.045654,346299300.1525388,0.0,786218102.4867111,307234582.86054426,825282819.7787055,307234582.86054426,39064717.29199461,0.0,0.0,0.0,786218102.4867111,6609.31888997302,109046.47570150353,500,6640.075707610154,109373.61988484212,500,13088127317017.9,3.553045524880385e+19,5863595678,
667,21.7520403,500,50,ok_event_tree,event_tree,500,10876000000.0,9556341661.18978,291340876.0927248,0.0,809609988.3765167,264138599.4443472,836812265.0248946,264138599.4443472,27202276.64837758,0.0,0.0,0.0,809609988.3765167,7223.512273337709,126700.21323610436,500,7231.684326233817,126814.41056689901,500,9955971919726.295,2.545306888903506e+19,5870429786,
668,22.0039171,500,50,ok_event_tree,event_tree,500,11001950000.000002,9612389591.869995,386051276.5791514,0.0,769623754.7212728,359083702.94530743,796591328.355117,359083702.94530743,26967573.633843973,0.0,0.0,0.0,769623754.7212728,7113.249229567527,124259.55666503691,500,7122.7853228249405,124305.08348241217,500,16810971953248.207,5.686581837892601e+19,5954598759,
669,22.2587104,500,50,ok_event_tree,event_tree,500,11129350000.000002,9833024766.563396,215616755.40886933,0.0,862811507.4670364,193099189.9598708,885329072.9160349,193099189.9598708,22517565.448998418,0.0,0.0,0.0,862811507.4670364,7481.311760072946,133572.40351939987,500,7495.4113126062775,133865.54830727793,500,14663657118287.732,4.497927221178625e+19,6030513438,
670,22.5164542,500,50,ok_event_tree,event_tree,500,11258250000.0,9987776706.067204,276542290.2765011,0.0,838534121.2406576,257308360.92955813,857768050.5876005,257308360.92955813,19233929.346942935,0.0,0.0,0.0,838534121.2406576,7420.551260075899,132697.0412134885,500,7441.056854875068,133005.95605930183,500,12947215509994.822,3.932010112989359e+19,6035617089,
671,22.7771824,500,50,ok_event_tree,event_tree,500,11388600000.0,10100352309.844397,257263892.54468256,0.0,736636827.424375,225057973.15125722,768842746.8178003,225057973.15125722,32205919.393425252,0.0,0.0,0.0,736636827.424375,7289.461945482495,130229.7168450438,500,7297.830759655423,130330.51380071764,500,12507329197375.754,3.3007923657455993e+19,6091495495,
672,23.0409298,500,50,ok_event_tree,event_tree,500,11520450000.0,10238913468.496239,57941581.63101541,0.0,822894643.2338165,46178031.34456498,834658193.5202668,46178031.34456498,11763550.28645044,0.0,0.0,0.0,822894643.2338165,7667.479726766935,139405.533074143,500,7666.827489161726,139373.69466120045,500,12661383497216.89,3.3269052719114555e+19,6252941985,
673,23.3077312,500,50,ok_event_tree,event_tree,500,11653850000.0,10576045293.514624,146882610.98387563,0.0,711355859.9446083,132991659.0501304,725246811.8783535,132991659.0501304,13890951.933745269,0.0,0.0,0.0,711355859.9446083,7736.73002220112,141817.79564833848,500,7760.113206298436,142196.44305245698,500,14253178545561.26,4.542367349056082e+19,6301648074,
674,23.577622,500,50,ok_event_tree,event_tree,500,11788800000.0,10150445999.147268,82602172.25311016,0.0,1129434280.9490473,82602172.25311016,1129434280.9490473,82602172.25311016,0.0,0.0,0.0,0.0,1129434280.9490473,8012.525505788771,149292.55273986206,500,8012.0263984465555,149254.08464987663,500,15842267851284.428,5.5309613730797216e+19,6227746604,
675,23.850638,500,50,ok_event_tree,event_tree,500,11925300000.0,10629267794.046154,200697919.39215595,0.0,836377359.9041209,183587789.44777465,853487489.8485024,183587789.44777465,17110129.94438137,0.0,0.0,0.0,836377359.9041209,7912.066183567314,149440.12924767204,500,7924.8396485099165,149595.67347979487,500,19307777356162.668,6.8522372326151815e+19,6322513836,
676,24.1268153,500,50,ok_event_tree,event_tree,500,12063400000.0,10515965052.21711,178800789.80883873,0.0,1100971412.2484446,150169663.42035162,1129602538.6369317,150169663.42035162,28631126.388487097,0.0,0.0,0.0,1100971412.2484446,8162.436585118741,160558.4546926642,500,8165.157393406419,160587.43087079484,500,9166462769767.223,1.684997905654586e+19,6156960774,
677,24.4061907,500,50,ok_event_tree,event_tree,500,12203100000.000002,10723510898.581549,262248634.15400723,0.0,963226111.1980593,190180614.3559081,1035294130.9961582,190180614.3559081,72068019.79809901,0.0,0.0,0.0,963226111.1980593,8090.919446371172,158941.45159170576,500,8095.283456138642,159059.62324132372,500,14972151500482.291,4.107518304079051e+19,6268510696,
678,24.688801,500,50,ok_event_tree,event_tree,500,12344400000.0,10484134718.440628,373293307.3626026,0.0,1114423991.9813178,259697572.15420073,1228019727.1897197,259697572.15420073,113595735.20840183,0.0,0.0,0.0,1114423991.9813178,8007.142170275685,158152.896819018,500,8032.681924496684,158618.4131124227,500,18341078665028.754,6.180870692465022e+19,6140152362,
679,24.9746839,500,50,ok_event_tree,event_tree,500,12487350000.000002,10568290892.580858,340168408.7172823,0.0,1154408142.4383261,309562487.73423105,1185014063.421377,309562487.73423105,30605920.983051106,0.0,0.0,0.0,1154408142.4383261,7737.35850223886,147518.8037899389,500,7751.076151839328,147735.42249493574,500,17531306875613.943,5.97781592809749e+19,6155315108,
680,25.2638771,500,50,ok_event_tree,event_tree,500,12631950000.000002,10502550854.392017,210496338.78544706,0.0,1550106581.8514574,159891246.22385126,1600711674.4130538,159891246.22385126,50605092.561595805,0.0,0.0,0.0,1550106581.8514574,8198.748336931498,166044.57242962398,500,8204.105368322864,166106.114984994,500,16566145347128.072,5.837830458450483e+19,6173880490,
681,25.556419,500,50,ok_event_tree,event_tree,500,12778200000.000002,11095606727.177248,91992021.9673366,0.0,1157731868.9917204,90709693.29851352,1159014197.6605434,90709693.29851352,1282328.6688230662,0.0,0.0,0.0,1157731868.9917204,9337.994368013959,206656.48770974725,500,9348.496062147926,206812.14840618017,500,17199675117898.605,5.7165690662491685e+19,6452767639,
682,25.8523484,500,50,ok_event_tree,event_tree,500,12926150000.0,10744661846.378387,520298845.773306,0.0,1387247257.9955423,483725865.08699226,1423820238.6818569,483725865.08699226,36572980.68631404,0.0,0.0,0.0,1387247257.9955423,8007.115431081449,163159.92736012398,500,8051.420396949961,163840.40001688976,500,36858829828369.49,1.65169117507772e+20,6286996384,
683,26.1517045,500,50,ok_event_tree,event_tree,500,13075850000.000002,11005891947.401075,241399517.9659371,0.0,1248451510.2934508,224084825.1981157,1265766203.0612721,224084825.1981157,17314692.76782142,0.0,0.0,0.0,1248451510.2934508,7961.134259342653,153577.01734441717,500,7985.613729487895,153808.67934268562,500,9515813975923.238,1.8822222288714023e+19,6130286630,
684,26.4545269,500,50,ok_event_tree,event_tree,500,13227250000.0,11543710647.568205,167989304.37374872,0.0,1153474394.1210747,147537572.66286832,1173926125.8319554,147537572.66286832,20451731.710880388,0.0,0.0,0.0,1153474394.1210747,8758.560656942116,182666.6094731008,500,8770.972593433515,182932.1094433919,500,25764086182887.797,1.0432618451946204e+20,6546870826,
685,26.7608559,500,50,ok_event_tree,event_tree,500,13380450000.000002,11213164407.074423,263333222.96981084,0.0,1487115378.2336295,237303694.0570662,1513144907.1463745,237303694.0570662,26029528.912744645,0.0,0.0,0.0,1487115378.2336295,8609.370571570496,181112.24386319652,500,8621.066502053998,181242.718976608,500,17398816406513.35,6.76494058817323e+19,6277847146,
686,27.070732,500,50,ok_event_tree,event_tree,500,13535350000.000002,11415091836.074686,248858613.4387369,0.0,1411901979.738229,192268932.66833606,1468491660.5086298,192268932.66833606,56589680.770400785,0.0,0.0,0.0,1411901979.738229,8837.304500947444,190546.03520531137,500,8842.174126365257,190584.47326864282,500,13885476606623.846,4.023412004656571e+19,6275700258,
687,27.3841963,500,50,ok_event_tree,event_tree,500,13692100000.0,11616184930.004827,393499869.01618385,0.0,1313771320.9623308,325584015.737515,1381687174.241,325584015.737515,67915853.27866898,0.0,0.0,0.0,1313771320.9623308,9044.090941707631,200235.3529686403,500,9044.89560083176,200221.9280300982,500,17254601038566.719,5.32334617857342e+19,6351483472,
688,27.7012904,500,50,ok_event_tree,event_tree,500,13850650000.0,11839543097.987503,231431034.55698678,0.0,1372468663.2691586,187372521.6318294,1416527176.194316,187372521.6318294,44058512.92515736,0.0,0.0,0.0,1372468663.2691586,9365.025661347645,207539.61600563518,500,9377.855337529345,207749.29281457028,500,20730775904215.38,7.464896812872049e+19,6532496350,
689,28.0220562,500,50,ok_event_tree,event_tree,500,14011050000.0,11613865505.540846,304947275.6749564,0.0,1595477950.13696,233074249.0199601,1667350976.7919564,233074249.0199601,71873026.65499623,0.0,0.0,0.0,1595477950.13696,8739.298900853448,187795.61644021524,500,8743.311838412463,187827.09591672666,500,13731021822059.365,3.7747513910850314e+19,6392233390,
690,28.3465363,500,50,ok_event_tree,event_tree,500,14173250000.0,11948948407.587725,121437117.81825148,0.0,1615240737.2293415,96550097.18759324,1640127757.86,96550097.18759324,24887020.630658247,0.0,0.0,0.0,1615240737.2293415,9116.316333956162,201367.196302983,500,9126.167434592608,201558.40584908178,500,20218024872931.098,7.153428429880631e+19,6529587795,
691,28.6747738,500,50,ok_event_tree,event_tree,500,14337400000.000002,11956752850.721218,253795184.41005853,0.0,1664012836.5450518,185962485.3770729,1731845535.5780377,185962485.3770729,67832699.03298567,0.0,0.0,0.0,1664012836.5450518,9197.614268083347,205080.35520636258,500,9208.817052686069,205329.82059343072,500,16476378678714.982,4.935934151723029e+19,6446799724,
692,29.006812,500,50,ok_event_tree,event_tree,500,14503400000.0,12167649298.911203,152483557.80901065,0.0,1596196554.545364,128141730.91164589,1620538381.442729,128141730.91164589,24341826.897364713,0.0,0.0,0.0,1596196554.545364,9434.874899329528,216835.85187190253,500,9443.338081317672,216992.10441234207,500,19440318607857.92,6.846857545325153e+19,6617981297,
693,29.342695,500,50,ok_event_tree,event_tree,500,14671350000.000002,12283254453.676985,236705623.4623413,0.0,1565491979.9401288,205967404.4314615,1596230198.9710095,205967404.4314615,30738219.03087986,0.0,0.0,0.0,1565491979.9401288,9822.938652193756,231535.90016482258,500,9826.439868762562,231580.12738668866,500,22465884252591.33,7.705304791741868e+19,6649468298,
694,29.6824674,500,50,ok_event_tree,event_tree,500,14841250000.000002,12458251806.562578,393093448.7205388,0.0,1659835810.4696321,383634892.48228043,1669294366.7078905,383634892.48228043,9458556.238258405,0.0,0.0,0.0,1659835810.4696321,9356.873733770257,214123.5009350173,500,9368.935407694487,214345.7461913825,500,19945346783710.25,6.424553656146226e+19,6658997545,
695,30.0261742,500,50,ok_event_tree,event_tree,500,15013100000.000002,12803697493.245604,156346294.91087636,0.0,1544809548.3578596,126479625.87228957,1574676217.396447,126479625.87228957,29866669.0385868,0.0,0.0,0.0,1544809548.3578596,10092.76641138325,240061.49119247,500,10099.275336853416,240200.11488029704,500,22703658875122.11,8.67176623494976e+19,6767734185,
696,30.3738609,500,50,ok_event_tree,event_tree,500,15186950000.000002,12651847325.659153,144836995.10999787,0.0,1726101309.076451,123192001.99231674,1747746302.1941323,123192001.99231674,21644993.11768115,0.0,0.0,0.0,1726101309.076451,9766.061998013989,228587.53423713436,500,9775.056994375613,228896.06269466932,500,22143396880363.4,7.385200877170098e+19,6777361383,
697,30.7255737,500,50,ok_event_tree,event_tree,500,15362800000.0,12862585797.442657,150961637.9896067,0.0,1837422341.1562943,107557617.47529407,1880826361.6706061,107557617.47529407,43404020.5143127,0.0,0.0,0.0,1837422341.1562943,10276.422584783157,246568.67148464985,500,10282.923540837082,246696.7914026246,500,14931369503029.45,3.847032862436444e+19,6720447757,
698,31.081359,500,50,ok_event_tree,event_tree,500,15540700000.000002,12893855059.44519,316395000.6439474,0.0,1888712375.064108,271409229.5541679,1933698146.1538875,271409229.5541679,44985771.0897795,0.0,0.0,0.0,1888712375.064108,9939.414226485667,244191.4737797004,500,9940.334865673229,244173.92811728336,500,15834670092427.521,3.843881328464465e+19,6648160771,
699,31.4412642,500,50,ok_event_tree,event_tree,500,15720650000.0,12866188567.551939,240479638.3915644,0.0,1955415538.650099,218763316.93459547,1977131860.107068,218763316.93459547,21716321.45696899,0.0,0.0,0.0,1955415538.650099,10223.42463772664,253143.3595856352,500,10238.23587849392,253386.6195331942,500,26121056165146.953,1.0292805288989876e+20,6775713289,
700,31.8053369,500,50,ok_event_tree,event_tree,500,15902650000.0,13087664455.522581,221046971.30694574,0.0,2110549480.1140597,186907432.8923071,2144689018.5286984,186907432.8923071,34139538.41463876,0.0,0.0,0.0,2110549480.1140597,10360.82808423509,260848.24206248936,500,10368.633900715347,261080.7900713548,500,17421203308935.172,5.942423312019216e+19,6723431181,
701,32.1736253,500,50,ok_event_tree,event_tree,500,16086800000.000002,13158807805.488882,285143378.5154396,0.0,1946731389.4257061,232436233.93912452,1999438534.0020216,232436233.93912452,52707144.57631539,0.0,0.0,0.0,1946731389.4257061,10577.649436072765,263010.3760738926,500,10578.679317780734,262986.7916215744,500,15664028582360.715,4.0906867287319e+19,6678661409,
702,32.5461783,500,50,ok_event_tree,event_tree,500,16273100000.0,13407488683.448828,96519617.35653695,0.0,1752628322.76424,88303501.74191342,1760844438.3788636,88303501.74191342,8216115.614623535,0.0,0.0,0.0,1752628322.76424,10594.888707324706,263814.4065470999,500,10603.816811875045,263971.2986485268,500,32046963256955.8,1.3633185543555034e+20,7141026080,
703,32.9230453,500,50,ok_event_tree,event_tree,500,16461500000.000002,13252737813.79993,281997980.7270821,0.0,2251360556.139527,243696454.81168956,2289662082.0549192,243696454.81168956,38301525.91539249,0.0,0.0,0.0,2251360556.139527,10257.830151606971,265558.09929563454,500,10279.26744300896,265905.7250355182,500,22209335537471.008,8.823661640317816e+19,6740608498,
704,33.3042762,500,50,ok_event_tree,event_tree,500,16652150000.000002,13687998934.764687,189356401.70808712,0.0,2173805818.8931503,118741193.91699593,2244421026.684242,118741193.91699593,70615207.79109114,0.0,0.0,0.0,2173805818.8931503,10896.462056148934,286740.7202035012,500,10916.259398770893,287205.6799242659,500,25999553493800.56,1.0149907308667091e+20,7010745462,
705,33.6899216,500,50,ok_event_tree,event_tree,500,16844950000.0,13703485394.21733,412185727.7653103,0.0,2112328793.3686156,321348430.4548767,2203166090.679048,321348430.4548767,90837297.31043348,0.0,0.0,0.0,2112328793.3686156,10716.052736395492,283226.7493255439,500,10726.641508053603,283476.59334417793,500,27300175770050.504,1.106880099275488e+20,6906494594,
706,34.0800325,500,50,ok_event_tree,event_tree,500,17040000000.0,13996141772.79035,227489311.578431,0.0,1975949052.357055,205536591.92575994,1997901772.0097258,205536591.92575994,21952719.652671076,0.0,0.0,0.0,1975949052.357055,11038.29354627385,295866.55828675884,500,11053.03055024482,296178.05095487146,500,24344710742770.1,8.000716554173004e+19,7047556495,
707,34.4746607,500,50,ok_event_tree,event_tree,500,17237350000.0,14220836333.860727,195069939.6387514,0.0,2041409477.4841993,168116641.8568314,2068362775.2661188,168116641.8568314,26953297.781919952,0.0,0.0,0.0,2041409477.4841993,11923.708546478172,338520.4608341628,500,11936.254480001597,339022.84280055494,500,17215227717916.994,4.9139299082461454e+19,7015427194,
708,34.8738584,500,50,ok_event_tree,event_tree,500,17436950000.0,14134045740.776117,347274221.5080997,0.0,2260471761.125503,305805880.4715028,2301940102.1621003,305805880.4715028,41468341.03659686,0.0,0.0,0.0,2260471761.125503,11211.883324533312,309268.9503097362,500,11224.652880254442,309638.7401643421,500,22155217685231.25,8.52418338153146e+19,6994322154,
709,35.2776787,500,50,ok_event_tree,event_tree,500,17638850000.0,14055428629.714043,347735355.30065745,0.0,2413907608.0718136,242887800.55836535,2518755162.8141055,242887800.55836535,104847554.74229205,0.0,0.0,0.0,2413907608.0718136,10891.686263266152,293632.91532312206,500,10907.63849264244,294068.7957002481,500,23111081567938.04,8.103623691713805e+19,7015488828,
710,35.6861749,500,50,ok_event_tree,event_tree,500,17843100000.0,14408337665.571566,251581593.09086594,0.0,2553490142.651798,224174609.57569736,2580897126.166967,224174609.57569736,27406983.515168507,0.0,0.0,0.0,2553490142.651798,11335.955268286734,314032.57872562064,500,11350.92627060675,314419.4567322618,500,28567681842352.59,1.1362865652318234e+20,7091343596,
711,36.0994014,500,50,ok_event_tree,event_tree,500,18049700000.000004,14246995979.869495,323989739.1970288,0.0,2764920616.659363,246488338.87182328,2842422016.984569,246488338.87182328,77501400.32520549,0.0,0.0,0.0,2764920616.659363,11143.275989477794,307873.80371598597,500,11149.503265449453,308125.14731687406,500,19034350177672.89,5.752149565670864e+19,7000663085,
712,36.5174127,500,50,ok_event_tree,event_tree,500,18258700000.000004,14783144294.624748,298963044.03480524,0.0,2330752979.015816,260643523.03253764,2369072500.018084,260643523.03253764,38319521.00226751,0.0,0.0,0.0,2330752979.015816,11985.763505277031,341201.982458035,500,11988.895593335306,341233.30392455094,500,22400914871465.004,7.223947775321112e+19,7134669854,
713,36.9402644,500,50,ok_event_tree,event_tree,500,18470150000.0,15058848802.057175,191404070.26251137,0.0,2358778757.0979757,148426845.69248945,2401755981.6679974,148426845.69248945,42977224.57002189,0.0,0.0,0.0,2358778757.0979757,11892.372613132171,335304.1823284603,500,11907.823501709687,335806.8933451576,500,29016841799260.78,1.0349643284682523e+20,7408440692,
714,37.3680125,500,50,ok_event_tree,event_tree,500,18684000000.000004,15122503857.244217,217739701.73568067,0.0,2570617054.049455,197055394.9190791,2591301360.8660564,197055394.9190791,20684306.816601507,0.0,0.0,0.0,2570617054.049455,11795.08052880526,330344.80301103095,500,11809.022444381053,330835.3379458226,500,29774185595044.332,1.0736879630035183e+20,7352648280,
715,37.8007137,500,50,ok_event_tree,event_tree,500,18900350000.0,15294968269.094221,253795016.64497134,0.0,2517026820.8437448,214872295.29577437,2555949542.192942,214872295.29577437,38922721.349196926,0.0,0.0,0.0,2517026820.8437448,12282.23845316804,361671.14890365495,500,12288.637216080375,361862.48431433365,500,29658399797667.23,1.137799062037681e+20,7420445774,
716,38.2384254,500,50,ok_event_tree,event_tree,500,19119200000.000004,15265538995.01338,138913265.26960835,0.0,2776967158.471693,100712523.98933725,2815167899.751964,100712523.98933725,38200741.28027105,0.0,0.0,0.0,2776967158.471693,11969.984788987178,349079.6958471324,500,11975.694496902523,349160.34795572504,500,27961016267501.688,1.0642591811071232e+20,7368993770,
717,38.6812055,500,50,ok_event_tree,event_tree,500,19340600000.0,15051443909.294228,678510071.2100781,0.0,2774544913.8701224,648644723.1904969,2804410261.8897033,648644723.1904969,29865348.019581,0.0,0.0,0.0,2774544913.8701224,11571.90467534309,336503.95480264345,500,11575.28524938692,336576.0244266554,500,28674271421744.27,1.0023237704166153e+20,7285299530,
718,39.1291127,500,50,ok_event_tree,event_tree,500,19564550000.0,15938853614.595045,197297182.11681902,0.0,2664061926.7701106,116057282.39898664,2745301826.487942,116057282.39898664,81239899.7178323,0.0,0.0,0.0,2664061926.7701106,13146.038880054904,412783.03851575847,500,13161.046152436234,413517.16012058576,500,31394598355990.56,1.136636584836263e+20,7535466759,
719,39.5822065,500,50,ok_event_tree,event_tree,500,19791100000.0,15583833057.06078,269314478.59643364,0.0,2958500794.73751,94776659.52244814,3133038613.8114944,94776659.52244814,174537819.0739855,0.0,0.0,0.0,2958500794.73751,12150.466396850346,371261.03976402036,500,12164.607956276486,371679.4953388787,500,42988866987844.91,2.0274503098209252e+20,7520404138,
720,40.0405468,500,50,ok_event_tree,event_tree,500,20020250000.0,15675050850.128668,390177869.8721343,0.0,3130245234.966585,309920886.2380447,3210502218.600675,309920886.2380447,80256983.63408948,0.0,0.0,0.0,3130245234.966585,12222.717700634596,374123.9602989215,500,12238.98290490844,374270.86986415065,500,37104946030426.43,1.5160462983493308e+20,7399708897,
721,40.5041945,500,50,ok_event_tree,event_tree,500,20252100000.0,15445301002.338957,313424053.2740865,0.0,3489225071.04102,257652209.82052362,3544996914.4945846,257652209.82052362,55771843.45356297,0.0,0.0,0.0,3489225071.04102,11957.888789216599,363092.68623056647,500,11973.54180332252,363472.2702096883,500,24733451839551.85,8.668859103205848e+19,7250399636,
722,40.973211,500,50,ok_event_tree,event_tree,500,20486600000.0,16062425523.321785,143040228.84277406,0.0,3299109182.030065,111008910.39982304,3331140500.473016,111008910.39982304,32031318.442951,0.0,0.0,0.0,3299109182.030065,13053.0190640061,414101.89075600274,500,13067.226953905263,414613.37352596933,500,29824126768091.97,1.1635812138929971e+20,7564968300,
723,41.4476584,500,50,ok_event_tree,event_tree,500,20723850000.0,15711536042.852266,343961026.1403661,0.0,3722861259.20168,299280387.7757861,3767541897.566261,299280387.7757861,44680638.36457999,0.0,0.0,0.0,3722861259.20168,12216.97993114676,375846.4671781007,500,12242.529367959774,376638.86323760863,500,36201963867952.94,1.524523260250615e+20,7416148347,
724,41.9275997,500,50,ok_event_tree,event_tree,500,20963800000.0,16180527171.496143,324844761.8617087,0.0,3460926212.6401434,237656415.26846078,3548114559.2333927,237656415.26846078,87188346.59324794,0.0,0.0,0.0,3460926212.6401434,12542.827548705614,390597.23867829255,500,12556.45574388109,391007.95222338603,500,32672164832903.53,1.3238673103906755e+20,7569184477,
725,42.4130984,500,50,ok_event_tree,event_tree,500,21206550000.0,16446800912.870668,357852998.66759545,0.0,3370356501.7414618,295495711.4287859,3432713788.9802713,295495711.4287859,62357287.23880952,0.0,0.0,0.0,3370356501.7414618,12997.565028329856,422548.84982984135,500,13025.022899597381,423327.26395413425,500,33966682348664.08,1.3622470617745156e+20,7634411277,
726,42.9042189,500,50,ok_event_tree,event_tree,500,21452100000.0,16165550664.234974,229348556.9229374,0.0,4039546779.1936226,157066593.13530213,4111828742.9812593,157066593.13530213,72281963.78763528,0.0,0.0,0.0,4039546779.1936226,12983.252545432662,428856.3775076046,500,13004.585953400992,429668.55775809236,500,33201452968387.848,1.278376614563684e+20,7518203509,
727,43.4010264,500,50,ok_event_tree,event_tree,500,21700500000.000004,16617235679.88389,290059280.4567066,0.0,3648959504.057719,260080322.16087693,3678938462.353548,260080322.16087693,29978958.29582965,0.0,0.0,0.0,3648959504.057719,13592.725175023666,453487.96981419146,500,13603.39385679224,453820.19811511016,500,30983733156942.625,1.2174537158394367e+20,7665191727,
728,43.9035866,500,50,ok_event_tree,event_tree,500,21951800000.0,16834469035.760612,227122113.0485351,0.0,3431506222.322946,131489011.83860263,3527139323.532877,131489011.83860263,95633101.20993245,0.0,0.0,0.0,3431506222.322946,14379.43468919702,494692.11064556596,500,14383.157507996379,494818.00822870794,500,30214115617622.96,1.145242915862245e+20,7749856582,
729,44.4119661,500,50,ok_event_tree,event_tree,500,22206000000.0,17254517066.892963,343187391.43026626,0.0,3663043438.3259044,302216820.7592624,3704014008.9969068,302216820.7592624,40970570.67100407,0.0,0.0,0.0,3663043438.3259044,13465.743167057664,453571.62795912003,500,13487.89548927924,454158.0339078661,500,34206241588518.555,1.290093164340714e+20,7795381167,
730,44.9262325,500,50,ok_event_tree,event_tree,500,22463100000.0,17106258536.387316,364437549.959878,0.0,3843836838.482954,303672225.0302374,3904602163.4125953,303672225.0302374,60765324.92964069,0.0,0.0,0.0,3843836838.482954,13899.936780835902,473962.41334050125,500,13903.712186166407,474013.74050303036,500,28498659031069.055,9.387706108763383e+19,7768728621,
731,45.4464537,500,50,ok_event_tree,event_tree,500,22723250000.0,17195053746.346546,483491164.89893126,0.0,3951467808.8537664,361331706.02531517,4073627267.7273846,361331706.02531517,122159458.87361608,0.0,0.0,0.0,3951467808.8537664,13674.167225786367,477945.75834036566,500,13699.931390030568,478713.2665170308,500,29739414909114.133,1.06102279508974e+20,7681501628,
732,45.9726989,500,50,ok_event_tree,event_tree,500,22986350000.0,17695447548.125477,336110943.5343001,0.0,3905230651.3444757,248798210.0197618,3992543384.859014,248798210.0197618,87312733.51453817,0.0,0.0,0.0,3905230651.3444757,14028.134521806955,487505.29938310385,500,14031.33068760282,487566.9336179211,500,41705840016618.77,1.6844381363453962e+20,7979274148,
733,46.5050376,500,50,ok_event_tree,event_tree,500,23252500000.000004,17832420233.57073,324276071.9359873,0.0,3858334478.398085,283116786.15152925,3899493764.1825433,283116786.15152925,41159285.78445796,0.0,0.0,0.0,3858334478.398085,14292.34558617466,494018.04591380956,500,14314.651451814208,494805.2453756896,500,41454121189650.38,1.670487571136546e+20,8095894567,
734,47.0435406,500,50,ok_event_tree,event_tree,500,23521750000.000004,17693651793.93879,337320663.08342254,0.0,4221849775.869616,236349523.22714168,4322820915.725896,236349523.22714168,100971139.85628091,0.0,0.0,0.0,4221849775.869616,14297.90363740723,505488.87442169077,500,14315.044171694315,506150.7408146828,500,38038862017210.016,1.5724136622363443e+20,7948713754,
735,47.5882791,500,50,ok_event_tree,event_tree,500,23794150000.000004,18300121272.857327,300718470.33144546,0.0,4062824883.5975037,182566774.484289,4180976579.4446597,182566774.484289,118151695.8471564,0.0,0.0,0.0,4062824883.5975037,14470.371249694219,520621.2407110864,500,14481.768517184722,521003.2890715697,500,39443691746814.86,1.5870919250616153e+20,8193330802,
736,48.1393254,500,50,ok_event_tree,event_tree,500,24069650000.000004,18231787191.13408,214394379.45690444,0.0,3945628723.2613745,166286235.01071498,3993736867.707562,166286235.01071498,48108144.44618941,0.0,0.0,0.0,3945628723.2613745,14648.195635911265,521958.9802326301,500,14658.03562603935,522385.1786255178,500,50535767952657.086,2.2921435546879505e+20,8204413113,
737,48.6967525,500,50,ok_event_tree,event_tree,500,24348400000.000004,18134239017.299206,370042129.62478787,0.0,4632526762.853119,259481202.97195697,4743087689.505952,259481202.97195697,110560926.65283105,0.0,0.0,0.0,4632526762.853119,14103.395008743753,500407.501435411,500,14118.65377306851,500765.64672909304,500,39013455052910.54,1.5063727798462516e+20,8075173530,
738,49.2606343,500,50,ok_event_tree,event_tree,500,24630300000.0,18311429528.750828,353326096.27508664,0.0,4698460854.807129,280468950.30744463,4771318000.774771,280468950.30744463,72857145.96764201,0.0,0.0,0.0,4698460854.807129,14601.590749662037,538665.9912682394,500,14626.881442113723,539610.8229547697,500,36906681701026.76,1.4952728952630447e+20,7986738546,
739,49.8310456,500,50,ok_event_tree,event_tree,500,24915500000.000004,18507138486.46006,393177490.82287776,0.0,4601314820.100368,313967999.49102914,4680524311.432215,313967999.49102914,79209491.33184855,0.0,0.0,0.0,4601314820.100368,15319.276382551448,577514.6314583281,500,15333.155876531377,578133.6681615975,500,35397063055832.67,1.4880544805597866e+20,8063266095,
740,50.4080619,500,50,ok_event_tree,event_tree,500,25204050000.0,18558701119.239693,213411945.07108787,0.0,4999250585.229235,80616440.32110626,5132046089.979217,80616440.32110626,132795504.74998155,0.0,0.0,0.0,4999250585.229235,15198.29411082778,575836.0976441824,500,15231.382940675188,576837.6221720056,500,47641624665829.11,2.0348906382282152e+20,8280316066,
741,50.9917598,500,50,ok_event_tree,event_tree,500,25495900000.000004,18934631646.603683,424683089.9980345,0.0,4387600570.051174,391657816.0126379,4420625844.036571,391657816.0126379,33025273.985396646,0.0,0.0,0.0,4387600570.051174,15285.669255279468,577757.2973254151,500,15297.82504101563,577821.8986831519,500,48793227261288.65,2.0129978384464993e+20,8269778393,
742,51.5822165,500,50,ok_event_tree,event_tree,500,25791100000.0,18866526040.126667,285361661.5824577,0.0,5032009477.851122,205206275.85700414,5112164863.576573,205206275.85700414,80155385.72545367,0.0,0.0,0.0,5032009477.851122,15459.978755657732,584730.2529048239,500,15475.32529293355,585217.626493109,500,40080077259084.42,1.5662806688662087e+20,8278112396,
743,52.1795104,500,50,ok_event_tree,event_tree,500,26089750000.000004,18829193473.772003,257661707.80310142,0.0,5497053977.439021,219052994.26537582,5535662690.976747,219052994.26537582,38608713.53772558,0.0,0.0,0.0,5497053977.439021,15048.641111979452,574937.4123023759,500,15061.856534462278,575393.9261153865,500,36922077407007.914,1.3652436492835388e+20,8243422261,
744,52.7837207,500,50,ok_event_tree,event_tree,500,26391850000.0,19295304178.035145,102927628.9234,0.0,5364742064.336147,58293924.612446696,5409375768.6471,58293924.612446696,44633704.31095338,0.0,0.0,0.0,5364742064.336147,15692.73033795239,588830.1544062955,500,15743.824304415382,592047.4949548703,500,54138202638610.86,2.4458384848776302e+20,8490605690,
745,53.3949274,500,50,ok_event_tree,event_tree,500,26697450000.0,19530086583.023384,192587872.28727308,0.0,5659472273.785011,141350505.8586319,5710709640.213654,141350505.8586319,51237366.42864113,0.0,0.0,0.0,5659472273.785011,15604.353911704926,599585.4580659185,500,15651.511839579427,601801.1668255908,500,53822765926942.375,2.3942425792107486e+20,8555134098,
746,54.0132115,500,50,ok_event_tree,event_tree,500,27006600000.0,20460455736.008564,588258798.5317916,0.0,4534854924.22635,557581822.4746009,4565531900.28354,557581822.4746009,30676976.05719082,0.0,0.0,0.0,4534854924.22635,15444.166463390276,607120.0087713752,500,15473.9504653939,607684.3593360706,500,64789084919166.81,2.977011345816081e+20,8837150720,
747,54.638655,500,50,ok_event_tree,event_tree,500,27319350000.0,19410570204.750977,458428967.1188642,0.0,5288984251.515516,338435327.518337,5408977891.116045,338435327.518337,119993639.60052736,0.0,0.0,0.0,5288984251.515516,16368.767917412079,657164.9120832805,500,16374.600220426673,657251.3477481748,500,58736808188638.09,2.616707667564486e+20,8522720839,
748,55.2713408,500,50,ok_event_tree,event_tree,500,27635650000.000004,19901376586.596104,255705202.97245422,0.0,5540306803.182971,118512652.45107998,5677499353.704346,118512652.45107998,137192550.52137423,0.0,0.0,0.0,5540306803.182971,16300.797304866765,660298.5255963159,500,16307.945592665112,660482.4989135909,500,52448747006545.98,2.3975568751452114e+20,8574294454,
749,55.9113528,500,50,ok_event_tree,event_tree,500,27955700000.0,19894153182.73823,217521334.07901144,0.0,5771940679.357212,131219895.07190317,5858242118.364322,131219895.07190317,86301439.0071083,0.0,0.0,0.0,5771940679.357212,16455.258209641735,675190.5687452749,500,16468.26882077881,675560.1309006469,500,47685878291912.68,1.9346996503899505e+20,8609814373,
750,56.5587757,500,50,ok_event_tree,event_tree,500,28279400000.000004,20577559065.39482,264910782.10332513,0.0,5574020518.800298,167990073.73687455,5670941227.166747,167990073.73687455,96920708.3664506,0.0,0.0,0.0,5574020518.800298,16880.950884010355,701763.136031137,500,16902.37565724888,702945.4803568802,500,37824557597229.42,1.4316979139273685e+20,8601304239,
751,57.2136955,500,50,ok_event_tree,event_tree,500,28606850000.0,20388776970.110607,444214563.4093814,0.0,5597434177.145786,279338511.3229758,5762310229.232189,279338511.3229758,164876052.0864056,0.0,0.0,0.0,5597434177.145786,16857.89071350693,716331.9432870207,500,16887.63854288016,717624.7322649285,500,47337534341574.33,2.0082570232596552e+20,8632926840,
752,57.8761988,500,50,ok_event_tree,event_tree,500,28938100000.0,20779959869.264385,180750005.51348805,0.0,6210212068.054502,126055622.65642065,6264906450.911568,126055622.65642065,54694382.85706741,0.0,0.0,0.0,6210212068.054502,16655.616916006864,690474.1895199688,500,16671.932045309553,691090.9450405819,500,47360277099722.87,2.021654498047596e+20,8712511531,
753,58.5463736,500,50,ok_event_tree,event_tree,500,29273200000.000004,21194065382.290688,239965941.17392054,0.0,6033217502.933162,180294955.99474427,6092888488.112337,180294955.99474427,59670985.179176256,0.0,0.0,0.0,6033217502.933162,17501.194374886178,747221.2250594227,500,17508.762522552144,747615.1692150583,500,40387238409684.05,1.517003199044899e+20,8757737216,
754,59.2243087,500,50,ok_event_tree,event_tree,500,29612150000.000004,21537613217.52491,95648173.06532939,0.0,6098444866.808411,18490268.771500304,6175602771.102239,18490268.771500304,77157904.29382908,0.0,0.0,0.0,6098444866.808411,17691.081934042984,760678.06589379,500,17722.330987143523,761722.4897980085,500,47821284030394.13,1.9271004764902303e+20,9044336648,
755,59.9100939,500,50,ok_event_tree,event_tree,500,29955050000.0,21301528432.64432,204842063.6797834,0.0,6300487512.963211,91264736.57944512,6414064840.063549,91264736.57944512,113577327.10033812,0.0,0.0,0.0,6300487512.963211,18217.049764363237,808551.1246060274,500,18227.928701516834,809274.5992953923,500,53953055718316.96,2.3164527645314168e+20,9013224925,
756,60.6038201,500,50,ok_event_tree,event_tree,500,30301900000.000004,20512908259.58959,325254573.5846451,0.0,7123696911.002395,275450057.3897047,7173501427.197334,275450057.3897047,49804516.194940455,0.0,0.0,0.0,7123696911.002395,16847.534636606197,708587.3702982718,500,16859.609400330253,709199.8212790741,500,39581988311320.93,1.5472907734566358e+20,8596413887,
757,61.3055792,500,50,ok_event_tree,event_tree,500,30652800000.0,21016521674.59003,135114718.4654849,0.0,6876350601.505392,86015699.71253857,6925449620.258339,86015699.71253857,49099018.752946295,0.0,0.0,0.0,6876350601.505392,17621.069515652285,765253.3835885364,500,17643.41910564682,766246.0767486067,500,46089431169320.91,1.712508767813042e+20,8833430847,
758,62.0154644,500,50,ok_event_tree,event_tree,500,31007750000.000004,21585378679.394955,427489248.4451536,0.0,7183374912.943282,259070374.63769996,7351793786.750736,259070374.63769996,168418873.8074535,0.0,0.0,0.0,7183374912.943282,17312.551032823892,762584.7847459854,500,17337.16935347582,763292.7237111276,500,35165959691337.008,1.1716473595647148e+20,8794180953,
759,62.7335696,500,50,ok_event_tree,event_tree,500,31366800000.000004,22473153872.6852,227226556.85975486,0.0,7106745141.104496,26418294.87506313,7307553403.089188,26418294.87506313,200808261.9846917,0.0,0.0,0.0,7106745141.104496,18518.04376871958,812897.0043951549,500,18519.961459175876,813020.7719972951,500,50008388819974.07,2.1282100815933276e+20,9107816691,
760,63.4599901,500,50,ok_event_tree,event_tree,500,31730000000.0,21345013896.43326,260319113.79558796,0.0,7671263319.883645,106717915.67667998,7824864518.002552,106717915.67667998,153601198.118908,0.0,0.0,0.0,7671263319.883645,17343.176843662615,745145.3245748398,500,17366.784317021615,746475.8038654241,500,62879717146668.03,2.9026874583543208e+20,8843083043,
761,64.1948222,500,50,ok_event_tree,event_tree,500,32097400000.0,22014606291.1634,177118043.4968091,0.0,7709580122.45024,143809282.6800258,7742888883.267021,143809282.6800258,33308760.816783313,0.0,0.0,0.0,7709580122.45024,17864.337745317545,795158.2945087957,500,17883.03281768349,796100.1315331982,500,48852485738572.086,2.05883944483888e+20,9034073235,
762,64.9381632,500,50,ok_event_tree,event_tree,500,32469100000.0,22555146830.51076,274480352.84133834,0.0,7378182598.287261,218022661.40807,7434640289.72053,218022661.40807,56457691.43326838,0.0,0.0,0.0,7378182598.287261,18190.083337821994,811289.6336038429,500,18194.047729804177,811481.0485506633,500,61833203112350.8,2.6267745105668876e+20,9327424541,
763,65.6901116,500,50,ok_event_tree,event_tree,500,32845050000.000004,22866772221.457874,273128649.47429675,0.0,7670459823.74642,109053349.7289712,7834535123.491747,109053349.7289712,164075299.7453255,0.0,0.0,0.0,7670459823.74642,19452.6558077723,933747.9531988123,500,19490.04210780796,935168.7647972852,500,44014661340998.984,1.8111663712848593e+20,9163397798,
764,66.4507673,500,50,ok_event_tree,event_tree,500,33225400000.000004,23448466038.24072,285453184.9018562,0.0,7232091898.60795,201771240.8611153,7315773842.648691,201771240.8611153,83681944.0407409,0.0,0.0,0.0,7232091898.60795,19370.055781270756,912375.57910003,500,19386.37913895987,912994.1213666596,500,63606128136963.34,2.8071596428905775e+20,9368520438,
765,67.2202309,500,50,ok_event_tree,event_tree,500,33610100000.000004,22968704508.57826,265708021.93337533,0.0,8055253504.574344,122344395.78557858,8198617130.72214,122344395.78557858,143363626.1477967,0.0,0.0,0.0,8055253504.574344,18661.82514617019,858607.0762363757,500,18669.890903859323,858921.4841028336,500,57734214423704.65,2.438288925122104e+20,9330774803,
766,67.9986045,500,50,ok_event_tree,event_tree,500,33999300000.000004,23416754254.629017,116431628.5788686,0.0,7719561137.518686,30402670.04607555,7805590096.051481,30402670.04607555,86028958.53279305,0.0,0.0,0.0,7719561137.518686,19680.127548104614,965421.354861429,500,19711.782067874843,968060.5624236577,500,59995570645172.01,2.6371460929262603e+20,9485615072,
767,68.7859912,500,50,ok_event_tree,event_tree,500,34393000000.0,22998189501.67807,353330445.3820796,0.0,8008158457.217255,244062589.34301147,8117426313.256322,244062589.34301147,109267856.039068,0.0,0.0,0.0,8008158457.217255,19051.770174831527,918990.4905856356,500,19061.56750611519,919307.7523996163,500,47162092315407.79,1.985280161068445e+20,9089463882,
768,69.5824955,500,50,ok_event_tree,event_tree,500,34791250000.0,23632919868.268345,209770448.67254534,0.0,8555898672.896518,52487683.1562121,8713181438.412851,52487683.1562121,157282765.51633325,0.0,0.0,0.0,8555898672.896518,18713.70163505948,878073.3917966243,500,18730.09147388495,878882.9194178025,500,42957565295423.07,1.6321037965645365e+20,9239703625,
769,70.3882228,500,50,ok_event_tree,event_tree,500,35194100000.0,23100525279.72686,288147769.2415262,0.0,9371407226.622519,121282582.18360135,9538272413.680447,121282582.18360135,166865187.05792475,0.0,0.0,0.0,9371407226.622519,18973.90621545215,872825.942886466,500,18975.437658962594,872887.6631638372,500,41880755710107.79,1.477361341683912e+20,9216631627,
770,71.20328,500,50,ok_event_tree,event_tree,500,35601650000.0,24284822894.550865,228260833.11521727,0.0,8770285696.403204,135280091.15998694,8863266438.358435,135280091.15998694,92980741.95523031,0.0,0.0,0.0,8770285696.403204,20222.84990707704,1015765.1487480485,500,20232.558136860564,1016309.9357129668,500,58178782011592.66,2.5656203099083515e+20,9661627052,
771,72.0277751,500,50,ok_event_tree,event_tree,500,36013900000.0,24672260942.65444,163985215.447868,0.0,8265461559.731256,68341353.43743937,8361105421.741683,68341353.43743937,95643862.01042876,0.0,0.0,0.0,8265461559.731256,20535.82779114134,1085011.6248803725,500,20570.805756835423,1086602.22489751,500,52791035933240.33,2.106072293337251e+20,9735100734,
772,72.8618175,500,50,ok_event_tree,event_tree,500,36430900000.0,23418952825.737377,373498869.75323653,0.0,9693026618.698961,211012519.34392938,9855512969.108269,211012519.34392938,162486350.4093071,0.0,0.0,0.0,9693026618.698961,19722.71150322114,966821.4518850212,500,19748.836160187544,967876.6090772684,500,59642318327194.56,2.7603181968833354e+20,9437659966,
773,73.7055175,500,50,ok_event_tree,event_tree,500,36852750000.0,23456850974.222492,629593615.3052207,0.0,9275817896.363148,456584864.80559754,9448826646.86277,456584864.80559754,173008750.49962324,0.0,0.0,0.0,9275817896.363148,18931.867205441216,920230.3286923236,500,18973.655476647386,923573.6141020544,500,68261362275426.64,3.172840547887371e+20,9374998054,
774,74.5589872,500,50,ok_event_tree,event_tree,500,37279500000.0,24377730976.653084,255513255.2491649,0.0,9717972256.111507,115144769.13981502,9858340742.220858,115144769.13981502,140368486.10934994,0.0,0.0,0.0,9717972256.111507,20198.29512795428,1009110.9477887242,500,20241.127139632626,1012196.324580132,500,59958301276342.32,2.5663554916613692e+20,9670638420,
775,75.4223396,500,50,ok_event_tree,event_tree,500,37711150000.00001,24151119874.563164,386338486.8218538,0.0,9991701246.066523,255219303.24729225,10122820429.641083,255219303.24729225,131119183.5745614,0.0,0.0,0.0,9991701246.066523,19832.579250233146,978617.8185501174,500,19842.616499459,978979.7825067054,500,50551735993293.96,1.9949553529002535e+20,9443124409,
776,76.2956891,500,50,ok_event_tree,event_tree,500,38147850000.0,24433093090.788086,175585055.5405636,0.0,9625394336.536554,131364454.85346912,9669614937.223648,131364454.85346912,44220600.68709449,0.0,0.0,0.0,9625394336.536554,20580.966139048483,1042988.018909387,500,20603.924777487682,1044166.501633827,500,66873936818143.375,3.036640752620869e+20,9660971256,
777,77.1791516,500,50,ok_event_tree,event_tree,500,38589600000.0,24549307123.65132,335292723.59159887,0.0,10888816527.338615,312612107.81711406,10911497143.113102,312612107.81711406,22680615.77448478,0.0,0.0,0.0,10888816527.338615,19066.373695152062,952320.6282309047,500,19081.431386031658,953605.6853330143,500,41417715699398.484,1.5339452261858653e+20,9361052937,
778,78.072844,500,50,ok_event_tree,event_tree,500,39036400000.0,26096868381.55246,316368560.2358694,0.0,9844886635.586357,206355519.8105443,9954899676.011675,206355519.8105443,110013040.42532521,0.0,0.0,0.0,9844886635.586357,21435.2872505296,1123603.073043239,500,21492.447005570066,1126674.817309623,500,80517296136453.17,3.404226723888465e+20,10368922761,
779,78.9768849,500,50,ok_event_tree,event_tree,500,39488450000.0,25452604319.611134,560761600.9910947,0.0,10803490988.67251,549071389.9322379,10815181199.731367,549071389.9322379,11690211.058856895,0.0,0.0,0.0,10803490988.67251,21385.25074575962,1153752.8332589173,500,21403.36571586372,1154859.4982414937,500,52966773572555.54,2.0858641947737024e+20,9850036848,
780,79.8913942,500,50,ok_event_tree,event_tree,500,39945700000.0,24957896901.552258,412384483.82850665,0.0,10350497763.990465,211392724.27862245,10551489523.540352,211392724.27862245,200991759.54988432,0.0,0.0,0.0,10350497763.990465,20732.534248594675,1062557.2480265975,500,20745.63085037512,1063119.6850180961,500,48246697121711.82,2.0335768530675745e+20,9495139254,
781,80.8164929,500,50,ok_event_tree,event_tree,500,40408250000.00001,25512175879.105934,222887951.7888377,0.0,11111596166.641495,126649324.54807381,11207834793.882256,126649324.54807381,96238627.24076393,0.0,0.0,0.0,11111596166.641495,21287.715376714066,1116634.943183887,500,21302.97674535241,1117484.7703704918,500,58037658387414.51,2.880865374119717e+20,9684037965,
782,81.7523038,500,50,ok_event_tree,event_tree,500,40876150000.00001,25980978359.25684,337087633.735955,0.0,10592598485.817675,240649936.70768178,10689036182.845947,240649936.70768178,96437697.0282731,0.0,0.0,0.0,10592598485.817675,22680.48957994479,1228375.4706741672,500,22711.772371281335,1230914.6152993685,500,85439146458157.4,4.032960422567307e+20,10232255532,
783,82.6989509,500,50,ok_event_tree,event_tree,500,41349500000.0,24712834894.02412,213785277.74852988,0.0,11894139387.800564,82492968.44676253,12025431697.10233,82492968.44676253,131292309.30176742,0.0,0.0,0.0,11894139387.800564,21817.464698747404,1173307.558588304,500,21841.513577633417,1174992.417613164,500,57063049550115.0,2.5699766997955943e+20,9656673885,
784,83.6565596,500,50,ok_event_tree,event_tree,500,41828300000.00001,26530476592.74273,443583225.5833074,0.0,11524228275.875015,75125928.90277158,11892685572.555553,75125928.90277158,368457296.6805359,0.0,0.0,0.0,11524228275.875015,22600.759929864642,1269596.319914811,500,22608.669751883706,1269786.1435987826,500,65670655095172.65,2.720075555082849e+20,10185014893,
785,84.6252569,500,50,ok_event_tree,event_tree,500,42312650000.00001,28146062405.661373,31405015.166348066,0.0,11035305925.119627,11681159.520438993,11055029780.765537,11681159.520438993,19723855.64590907,0.0,0.0,0.0,11035305925.119627,24289.95666579083,1477752.5235369809,500,24300.317476270407,1478144.9368765177,500,72567655484920.0,3.111715658054328e+20,10594291282,
786,85.6051712,500,50,ok_event_tree,event_tree,500,42802600000.0,26073859895.77247,296485281.81830823,0.0,11981723467.724579,132858966.55230227,12145349782.99059,132858966.55230227,163626315.266006,0.0,0.0,0.0,11981723467.724579,20846.89027030387,1136457.5995970909,500,20867.41829666738,1137293.361901968,500,66988797527067.92,3.085018251010641e+20,10042677814,
787,86.5964323,500,50,ok_event_tree,event_tree,470,40700308000.0,25811089300.591606,209960414.76890478,0.0,10770377261.339914,107038237.604657,10873299438.504162,107038237.604657,102922177.16424774,0.0,0.0,0.0,10770377261.339914,22728.741442912084,1362560.0258833875,470,22736.204574371422,1363046.8255229092,470,40684099405529.29,1.544391087851869e+20,9495797665,
788,87.5991718,500,50,ok_event_tree,event_tree,500,43799600000.0,26890986125.57576,83488803.54911023,0.0,13273147826.896404,43550413.052019246,13313086217.393494,43550413.052019246,39938390.497090995,0.0,0.0,0.0,13273147826.896404,21572.36435611793,1167271.0168853274,500,21597.141530101562,1168489.4046232062,500,76902075756560.05,3.442943134794798e+20,10372115349,
789,88.6135224,500,50,ok_event_tree,event_tree,500,44306750000.0,27115561579.70797,315892622.6895696,0.0,14185281926.621368,186557840.56026396,14314616708.750671,186557840.56026396,129334782.12930565,0.0,0.0,0.0,14185281926.621368,21263.35223270666,1172527.2829680224,500,21298.18092664656,1176878.7108934424,500,65872081595894.54,3.04245794852887e+20,10268091570,
790,89.6396186,500,50,ok_event_tree,event_tree,500,44819800000.0,26967674664.308464,255403941.87995213,0.0,13743880011.724054,180114787.59415612,13819169166.00985,180114787.59415612,75289154.28579606,0.0,0.0,0.0,13743880011.724054,23254.840909262057,1403939.1987666176,500,23283.20929489315,1405346.5943093621,500,83425541118717.83,4.029561156001823e+20,10404061038,
791,90.6775965,500,50,ok_event_tree,event_tree,500,45338800000.00001,27431890306.19489,177305423.42163008,0.0,13412826174.583466,66517525.58790478,13523614072.417194,66517525.58790478,110787897.83372533,0.0,0.0,0.0,13412826174.583466,22181.935863413244,1256046.4174473365,500,22198.161852522073,1256365.0801884115,500,57666471761709.53,2.4556640246471446e+20,10342409512,
792,91.7275935,500,50,ok_event_tree,event_tree,500,45863800000.00001,27573912449.8485,404507336.7627414,0.0,13818121582.772652,348536068.9589145,13874092850.57648,348536068.9589145,55971267.80382698,0.0,0.0,0.0,13818121582.772652,23245.831234932943,1348288.8581474721,500,23268.321069357913,1349400.587122308,500,69627572402676.37,3.1166833896947535e+20,10470266248,
793,92.789749,500,50,ok_event_tree,event_tree,500,46394850000.0,27644691284.739902,394310922.96233153,0.0,14925204007.570114,260722189.0817139,15058792741.45073,260722189.0817139,133588733.8806175,0.0,0.0,0.0,14925204007.570114,22608.761501540615,1322432.727688564,500,22627.115062371704,1323314.3600274252,500,66882723203076.74,2.795908680431306e+20,10409160948,
794,93.8642037,500,50,ok_event_tree,event_tree,500,46932100000.0,28332136168.38082,395022186.6990261,0.0,14615115936.382439,294647663.5086215,14715490459.572836,294647663.5086215,100374523.19040461,0.0,0.0,0.0,14615115936.382439,23697.485745319285,1452283.0722587425,500,23713.017773703687,1452860.3920128327,500,66726705600286.36,2.683626106466967e+20,10432155497,
795,94.9510999,500,50,ok_event_tree,event_tree,500,47475550000.00001,28705740341.828804,121376090.82484369,0.0,14133599482.040724,60598736.641139865,14194376836.224434,60598736.641139865,60777354.183703825,0.0,0.0,0.0,14133599482.040724,24675.754857849002,1488710.4370325448,500,24679.26370024372,1489270.072578142,500,74312693433151.11,3.235570234202283e+20,10838381792,
796,96.0505818,500,50,ok_event_tree,event_tree,500,48025300000.0,28761432618.21768,290266121.78641987,0.0,14750941328.296799,163366564.54130778,14877840885.54191,163366564.54130778,126899557.24511197,0.0,0.0,0.0,14750941328.296799,25117.373921871695,1575729.800877565,500,25130.654149444705,1576479.6659884052,500,57183006865253.99,2.0748989111874925e+20,10520267463,
797,97.1627952,500,50,ok_event_tree,event_tree,500,48581400000.00001,28618582537.925762,53998343.61107003,0.0,15827747481.808609,31299152.29359994,15850446673.12609,31299152.29359994,22699191.31747009,0.0,0.0,0.0,15827747481.808609,23379.548004107404,1391135.5517230246,500,23399.156047145672,1392951.4284032932,500,54050497182051.79,1.9727029350990214e+20,10641831884,
798,98.2878873,500,50,ok_event_tree,event_tree,500,49143950000.0,27097624877.76855,445420862.0772358,0.0,16992813772.60698,73713963.92245464,17364520670.761765,73713963.92245464,371706898.15478086,0.0,0.0,0.0,16992813772.60698,22338.197920353636,1251389.7660836314,500,22344.300704056288,1251957.4915031479,500,67448797236882.125,2.7728540554316864e+20,10369167302,
799,99.4260074,500,50,ok_event_tree,event_tree,500,49713000000.0,29160044813.66777,357774714.62558603,0.0,15756312762.04747,241529270.42269722,15872558206.250359,241529270.42269722,116245444.2028888,0.0,0.0,0.0,15756312762.04747,24300.88072283207,1458750.6864405053,500,24327.642481357994,1461299.8484587213,500,83319952868192.3,4.144871860578581e+20,10778146120,
