cell_id,lat_deg,lon_w_deg,hemisphere,range_id,dose_at_depth_mgy_per_yr,mean_primary_penetration_cm,mean_secondary_ke_mev,mean_secondary_penetration_cm,deposited_fraction,backscatter_fraction,lateral_escape_fraction,forward_escape_fraction,escaped_electron_fraction,escaped_photon_fraction,nondeposited_escaped_electron_fraction,nondeposited_escaped_photon_fraction,nondeposited_unresolved_fraction,backscatter_electron_fraction,backscatter_photon_fraction,lateral_escape_electron_fraction,lateral_escape_photon_fraction,backscatter_flux_mev_cm2_s,lateral_escape_flux_mev_cm2_s,forward_escape_flux_mev_cm2_s,escaped_electron_flux_mev_cm2_s,escaped_photon_flux_mev_cm2_s,backscatter_electron_flux_mev_cm2_s,backscatter_photon_flux_mev_cm2_s,lateral_escape_electron_flux_mev_cm2_s,lateral_escape_photon_flux_mev_cm2_s,jde_flux_cm2_s,jde_energy_flux_model_mev_cm2_s,deflected_fraction,deflected_flux_mev_cm2_s
0,87,6,leading,-1,nan,nan,nan,nan,nan,nan,nan,nan,nan,nan,nan,nan,nan,nan,nan,nan,nan,nan,nan,nan,nan,nan,nan,nan,nan,nan,nan,nan,nan,nan
1,87,18,leading,-1,nan,nan,nan,nan,nan,nan,nan,nan,nan,nan,nan,nan,nan,nan,nan,nan,nan,nan,nan,nan,nan,nan,nan,nan,nan,nan,nan,nan,nan,nan
2,87,30,leading,-1,nan,nan,nan,nan,nan,nan,nan,nan,nan,nan,nan,nan,nan,nan,nan,nan,nan,nan,nan,nan,nan,nan,nan,nan,nan,nan,nan,nan,nan,nan
3,87,42,leading,-1,nan,nan,nan,nan,nan,nan,nan,nan,nan,nan,nan,nan,nan,nan,nan,nan,nan,nan,nan,nan,nan,nan,nan,nan,nan,nan,nan,nan,nan,nan
4,87,54,leading,-1,nan,nan,nan,nan,nan,nan,nan,nan,nan,nan,nan,nan,nan,nan,nan,nan,nan,nan,nan,nan,nan,nan,nan,nan,nan,nan,nan,nan,nan,nan
5,87,66,leading,-1,nan,nan,nan,nan,nan,nan,nan,nan,nan,nan,nan,nan,nan,nan,nan,nan,nan,nan,nan,nan,nan,nan,nan,nan,nan,nan,nan,nan,nan,nan
6,87,78,leading,-1,nan,nan,nan,nan,nan,nan,nan,nan,nan,nan,nan,nan,nan,nan,nan,nan,nan,nan,nan,nan,nan,nan,nan,nan,nan,nan,nan,nan,nan,nan
7,87,90,leading,-1,nan,nan,nan,nan,nan,nan,nan,nan,nan,nan,nan,nan,nan,nan,nan,nan,nan,nan,nan,nan,nan,nan,nan,nan,nan,nan,nan,nan,nan,nan
8,87,102,leading,-1,nan,nan,nan,nan,nan,nan,nan,nan,nan,nan,nan,nan,nan,nan,nan,nan,nan,nan,nan,nan,nan,nan,nan,nan,nan,nan,nan,nan,nan,nan
9,87,114,leading,-1,nan,nan,nan,nan,nan,nan,nan,nan,nan,nan,nan,nan,nan,nan,nan,nan,nan,nan,nan,nan,nan,nan,nan,nan,nan,nan,nan,nan,nan,nan
10,87,126,leading,-1,nan,nan,nan,nan,nan,nan,nan,nan,nan,nan,nan,nan,nan,nan,nan,nan,nan,nan,nan,nan,nan,nan,nan,nan,nan,nan,nan,nan,nan,nan
11,87,138,leading,-1,nan,nan,nan,nan,nan,nan,nan,nan,nan,nan,nan,nan,nan,nan,nan,nan,nan,nan,nan,nan,nan,nan,nan,nan,nan,nan,nan,nan,nan,nan
12,87,150,leading,-1,nan,nan,nan,nan,nan,nan,nan,nan,nan,nan,nan,nan,nan,nan,nan,nan,nan,nan,nan,nan,nan,nan,nan,nan,nan,nan,nan,nan,nan,nan
13,87,162,leading,-1,nan,nan,nan,nan,nan,nan,nan,nan,nan,nan,nan,nan,nan,nan,nan,nan,nan,nan,nan,nan,nan,nan,nan,nan,nan,nan,nan,nan,nan,nan
14,87,174,leading,-1,nan,nan,nan,nan,nan,nan,nan,nan,nan,nan,nan,nan,nan,nan,nan,nan,nan,nan,nan,nan,nan,nan,nan,nan,nan,nan,nan,nan,nan,nan
15,87,186,trailing,-1,nan,nan,nan,nan,nan,nan,nan,nan,nan,nan,nan,nan,nan,nan,nan,nan,nan,nan,nan,nan,nan,nan,nan,nan,nan,nan,nan,nan,nan,nan
16,87,198,trailing,-1,nan,nan,nan,nan,nan,nan,nan,nan,nan,nan,nan,nan,nan,nan,nan,nan,nan,nan,nan,nan,nan,nan,nan,nan,nan,nan,nan,nan,nan,nan
17,87,210,trailing,-1,nan,nan,nan,nan,nan,nan,nan,nan,nan,nan,nan,nan,nan,nan,nan,nan,nan,nan,nan,nan,nan,nan,nan,nan,nan,nan,nan,nan,nan,nan
18,87,222,trailing,-1,nan,nan,nan,nan,nan,nan,nan,nan,nan,nan,nan,nan,nan,nan,nan,nan,nan,nan,nan,nan,nan,nan,nan,nan,nan,nan,nan,nan,nan,nan
19,87,234,trailing,-1,nan,nan,nan,nan,nan,nan,nan,nan,nan,nan,nan,nan,nan,nan,nan,nan,nan,nan,nan,nan,nan,nan,nan,nan,nan,nan,nan,nan,nan,nan
20,87,246,trailing,-1,nan,nan,nan,nan,nan,nan,nan,nan,nan,nan,nan,nan,nan,nan,nan,nan,nan,nan,nan,nan,nan,nan,nan,nan,nan,nan,nan,nan,nan,nan
21,87,258,trailing,-1,nan,nan,nan,nan,nan,nan,nan,nan,nan,nan,nan,nan,nan,nan,nan,nan,nan,nan,nan,nan,nan,nan,nan,nan,nan,nan,nan,nan,nan,nan
22,87,270,trailing,-1,nan,nan,nan,nan,nan,nan,nan,nan,nan,nan,nan,nan,nan,nan,nan,nan,nan,nan,nan,nan,nan,nan,nan,nan,nan,nan,nan,nan,nan,nan
23,87,282,trailing,-1,nan,nan,nan,nan,nan,nan,nan,nan,nan,nan,nan,nan,nan,nan,nan,nan,nan,nan,nan,nan,nan,nan,nan,nan,nan,nan,nan,nan,nan,nan
24,87,294,trailing,-1,nan,nan,nan,nan,nan,nan,nan,nan,nan,nan,nan,nan,nan,nan,nan,nan,nan,nan,nan,nan,nan,nan,nan,nan,nan,nan,nan,nan,nan,nan
25,87,306,trailing,-1,nan,nan,nan,nan,nan,nan,nan,nan,nan,nan,nan,nan,nan,nan,nan,nan,nan,nan,nan,nan,nan,nan,nan,nan,nan,nan,nan,nan,nan,nan
26,87,318,trailing,-1,nan,nan,nan,nan,nan,nan,nan,nan,nan,nan,nan,nan,nan,nan,nan,nan,nan,nan,nan,nan,nan,nan,nan,nan,nan,nan,nan,nan,nan,nan
27,87,330,trailing,-1,nan,nan,nan,nan,nan,nan,nan,nan,nan,nan,nan,nan,nan,nan,nan,nan,nan,nan,nan,nan,nan,nan,nan,nan,nan,nan,nan,nan,nan,nan
28,87,342,trailing,-1,nan,nan,nan,nan,nan,nan,nan,nan,nan,nan,nan,nan,nan,nan,nan,nan,nan,nan,nan,nan,nan,nan,nan,nan,nan,nan,nan,nan,nan,nan
29,87,354,trailing,-1,nan,nan,nan,nan,nan,nan,nan,nan,nan,nan,nan,nan,nan,nan,nan,nan,nan,nan,nan,nan,nan,nan,nan,nan,nan,nan,nan,nan,nan,nan
30,81,6,leading,-1,nan,nan,nan,nan,nan,nan,nan,nan,nan,nan,nan,nan,nan,nan,nan,nan,nan,nan,nan,nan,nan,nan,nan,nan,nan,nan,nan,nan,nan,nan
31,81,18,leading,-1,nan,nan,nan,nan,nan,nan,nan,nan,nan,nan,nan,nan,nan,nan,nan,nan,nan,nan,nan,nan,nan,nan,nan,nan,nan,nan,nan,nan,nan,nan
32,81,30,leading,-1,nan,nan,nan,nan,nan,nan,nan,nan,nan,nan,nan,nan,nan,nan,nan,nan,nan,nan,nan,nan,nan,nan,nan,nan,nan,nan,nan,nan,nan,nan
33,81,42,leading,-1,nan,nan,nan,nan,nan,nan,nan,nan,nan,nan,nan,nan,nan,nan,nan,nan,nan,nan,nan,nan,nan,nan,nan,nan,nan,nan,nan,nan,nan,nan
34,81,54,leading,-1,nan,nan,nan,nan,nan,nan,nan,nan,nan,nan,nan,nan,nan,nan,nan,nan,nan,nan,nan,nan,nan,nan,nan,nan,nan,nan,nan,nan,nan,nan
35,81,66,leading,-1,nan,nan,nan,nan,nan,nan,nan,nan,nan,nan,nan,nan,nan,nan,nan,nan,nan,nan,nan,nan,nan,nan,nan,nan,nan,nan,nan,nan,nan,nan
36,81,78,leading,-1,nan,nan,nan,nan,nan,nan,nan,nan,nan,nan,nan,nan,nan,nan,nan,nan,nan,nan,nan,nan,nan,nan,nan,nan,nan,nan,nan,nan,nan,nan
37,81,90,leading,-1,nan,nan,nan,nan,nan,nan,nan,nan,nan,nan,nan,nan,nan,nan,nan,nan,nan,nan,nan,nan,nan,nan,nan,nan,nan,nan,nan,nan,nan,nan
38,81,102,leading,-1,nan,nan,nan,nan,nan,nan,nan,nan,nan,nan,nan,nan,nan,nan,nan,nan,nan,nan,nan,nan,nan,nan,nan,nan,nan,nan,nan,nan,nan,nan
39,81,114,leading,-1,nan,nan,nan,nan,nan,nan,nan,nan,nan,nan,nan,nan,nan,nan,nan,nan,nan,nan,nan,nan,nan,nan,nan,nan,nan,nan,nan,nan,nan,nan
40,81,126,leading,-1,nan,nan,nan,nan,nan,nan,nan,nan,nan,nan,nan,nan,nan,nan,nan,nan,nan,nan,nan,nan,nan,nan,nan,nan,nan,nan,nan,nan,nan,nan
41,81,138,leading,-1,nan,nan,nan,nan,nan,nan,nan,nan,nan,nan,nan,nan,nan,nan,nan,nan,nan,nan,nan,nan,nan,nan,nan,nan,nan,nan,nan,nan,nan,nan
42,81,150,leading,-1,nan,nan,nan,nan,nan,nan,nan,nan,nan,nan,nan,nan,nan,nan,nan,nan,nan,nan,nan,nan,nan,nan,nan,nan,nan,nan,nan,nan,nan,nan
43,81,162,leading,-1,nan,nan,nan,nan,nan,nan,nan,nan,nan,nan,nan,nan,nan,nan,nan,nan,nan,nan,nan,nan,nan,nan,nan,nan,nan,nan,nan,nan,nan,nan
44,81,174,leading,-1,nan,nan,nan,nan,nan,nan,nan,nan,nan,nan,nan,nan,nan,nan,nan,nan,nan,nan,nan,nan,nan,nan,nan,nan,nan,nan,nan,nan,nan,nan
45,81,186,trailing,-1,nan,nan,nan,nan,nan,nan,nan,nan,nan,nan,nan,nan,nan,nan,nan,nan,nan,nan,nan,nan,nan,nan,nan,nan,nan,nan,nan,nan,nan,nan
46,81,198,trailing,-1,nan,nan,nan,nan,nan,nan,nan,nan,nan,nan,nan,nan,nan,nan,nan,nan,nan,nan,nan,nan,nan,nan,nan,nan,nan,nan,nan,nan,nan,nan
47,81,210,trailing,-1,nan,nan,nan,nan,nan,nan,nan,nan,nan,nan,nan,nan,nan,nan,nan,nan,nan,nan,nan,nan,nan,nan,nan,nan,nan,nan,nan,nan,nan,nan
48,81,222,trailing,3,nan,nan,nan,nan,nan,nan,nan,nan,nan,nan,nan,nan,nan,nan,nan,nan,nan,0,nan,nan,nan,nan,nan,nan,nan,nan,0,0,nan,0
49,81,234,trailing,2,nan,nan,nan,nan,nan,nan,nan,nan,nan,nan,nan,nan,nan,nan,nan,nan,nan,0,nan,nan,nan,nan,nan,nan,nan,nan,0,0,nan,0
50,81,246,trailing,1,0,0.000231463629,1.01108649e-05,0.000233953088,0.857517127,0.142482873,0,0,0.142482873,0,1,0,2.59960114e-14,0.142482873,0,0,0,6297.46787,0,0,6297.46787,0,6297.46787,0,0,0,4369194.06,44198.1224,0.142482873,6297.46787
51,81,258,trailing,0,0,0.000235716037,1.01239014e-05,0.000238163117,0.859387633,0.140612367,0,0,0.140612367,0,1,0,2.62472033e-14,0.140612367,0,0,0,11226.9593,0,0,11226.9593,0,11226.9593,0,0,0,7817658.77,79843.3683,0.140612367,11226.9593
52,81,270,trailing,21,0,0.000237741522,1.01295163e-05,0.000240121747,0.860522335,0.139477665,0,0,0.139477665,0,1,0,2.88099337e-14,0.139477665,0,0,0,13637.7166,0,0,13637.7166,0,13637.7166,0,0,0,9530308.42,97777.1202,0.139477665,13637.7166
53,81,282,trailing,0,0,0.000235716037,1.01239014e-05,0.000238163117,0.859387633,0.140612367,0,0,0.140612367,0,1,0,2.62472033e-14,0.140612367,0,0,0,11226.9593,0,0,11226.9593,0,11226.9593,0,0,0,7817658.77,79843.3683,0.140612367,11226.9593
54,81,294,trailing,1,0,0.000231463629,1.01108649e-05,0.000233953088,0.857517127,0.142482873,0,0,0.142482873,0,1,0,2.59960114e-14,0.142482873,0,0,0,6297.46787,0,0,6297.46787,0,6297.46787,0,0,0,4369194.06,44198.1224,0.142482873,6297.46787
55,81,306,trailing,2,nan,nan,nan,nan,nan,nan,nan,nan,nan,nan,nan,nan,nan,nan,nan,nan,nan,0,nan,nan,nan,nan,nan,nan,nan,nan,0,0,nan,0
56,81,318,trailing,3,nan,nan,nan,nan,nan,nan,nan,nan,nan,nan,nan,nan,nan,nan,nan,nan,nan,0,nan,nan,nan,nan,nan,nan,nan,nan,0,0,nan,0
57,81,330,trailing,-1,nan,nan,nan,nan,nan,nan,nan,nan,nan,nan,nan,nan,nan,nan,nan,nan,nan,nan,nan,nan,nan,nan,nan,nan,nan,nan,nan,nan,nan,nan
58,81,342,trailing,-1,nan,nan,nan,nan,nan,nan,nan,nan,nan,nan,nan,nan,nan,nan,nan,nan,nan,nan,nan,nan,nan,nan,nan,nan,nan,nan,nan,nan,nan,nan
59,81,354,trailing,-1,nan,nan,nan,nan,nan,nan,nan,nan,nan,nan,nan,nan,nan,nan,nan,nan,nan,nan,nan,nan,nan,nan,nan,nan,nan,nan,nan,nan,nan,nan
60,75,6,leading,-1,nan,nan,nan,nan,nan,nan,nan,nan,nan,nan,nan,nan,nan,nan,nan,nan,nan,nan,nan,nan,nan,nan,nan,nan,nan,nan,nan,nan,nan,nan
61,75,18,leading,-1,nan,nan,nan,nan,nan,nan,nan,nan,nan,nan,nan,nan,nan,nan,nan,nan,nan,nan,nan,nan,nan,nan,nan,nan,nan,nan,nan,nan,nan,nan
62,75,30,leading,-1,nan,nan,nan,nan,nan,nan,nan,nan,nan,nan,nan,nan,nan,nan,nan,nan,nan,nan,nan,nan,nan,nan,nan,nan,nan,nan,nan,nan,nan,nan
63,75,42,leading,-1,nan,nan,nan,nan,nan,nan,nan,nan,nan,nan,nan,nan,nan,nan,nan,nan,nan,nan,nan,nan,nan,nan,nan,nan,nan,nan,nan,nan,nan,nan
64,75,54,leading,-1,nan,nan,nan,nan,nan,nan,nan,nan,nan,nan,nan,nan,nan,nan,nan,nan,nan,nan,nan,nan,nan,nan,nan,nan,nan,nan,nan,nan,nan,nan
65,75,66,leading,-1,nan,nan,nan,nan,nan,nan,nan,nan,nan,nan,nan,nan,nan,nan,nan,nan,nan,nan,nan,nan,nan,nan,nan,nan,nan,nan,nan,nan,nan,nan
66,75,78,leading,-1,nan,nan,nan,nan,nan,nan,nan,nan,nan,nan,nan,nan,nan,nan,nan,nan,nan,nan,nan,nan,nan,nan,nan,nan,nan,nan,nan,nan,nan,nan
67,75,90,leading,-1,nan,nan,nan,nan,nan,nan,nan,nan,nan,nan,nan,nan,nan,nan,nan,nan,nan,nan,nan,nan,nan,nan,nan,nan,nan,nan,nan,nan,nan,nan
68,75,102,leading,-1,nan,nan,nan,nan,nan,nan,nan,nan,nan,nan,nan,nan,nan,nan,nan,nan,nan,nan,nan,nan,nan,nan,nan,nan,nan,nan,nan,nan,nan,nan
69,75,114,leading,-1,nan,nan,nan,nan,nan,nan,nan,nan,nan,nan,nan,nan,nan,nan,nan,nan,nan,nan,nan,nan,nan,nan,nan,nan,nan,nan,nan,nan,nan,nan
70,75,126,leading,-1,nan,nan,nan,nan,nan,nan,nan,nan,nan,nan,nan,nan,nan,nan,nan,nan,nan,nan,nan,nan,nan,nan,nan,nan,nan,nan,nan,nan,nan,nan
71,75,138,leading,-1,nan,nan,nan,nan,nan,nan,nan,nan,nan,nan,nan,nan,nan,nan,nan,nan,nan,nan,nan,nan,nan,nan,nan,nan,nan,nan,nan,nan,nan,nan
72,75,150,leading,-1,nan,nan,nan,nan,nan,nan,nan,nan,nan,nan,nan,nan,nan,nan,nan,nan,nan,nan,nan,nan,nan,nan,nan,nan,nan,nan,nan,nan,nan,nan
73,75,162,leading,-1,nan,nan,nan,nan,nan,nan,nan,nan,nan,nan,nan,nan,nan,nan,nan,nan,nan,nan,nan,nan,nan,nan,nan,nan,nan,nan,nan,nan,nan,nan
74,75,174,leading,-1,nan,nan,nan,nan,nan,nan,nan,nan,nan,nan,nan,nan,nan,nan,nan,nan,nan,nan,nan,nan,nan,nan,nan,nan,nan,nan,nan,nan,nan,nan
75,75,186,trailing,-1,nan,nan,nan,nan,nan,nan,nan,nan,nan,nan,nan,nan,nan,nan,nan,nan,nan,nan,nan,nan,nan,nan,nan,nan,nan,nan,nan,nan,nan,nan
76,75,198,trailing,6,nan,nan,nan,nan,nan,nan,nan,nan,nan,nan,nan,nan,nan,nan,nan,nan,nan,0,nan,nan,nan,nan,nan,nan,nan,nan,0,0,nan,0
77,75,210,trailing,8,0,0.000236746486,1.01348519e-05,0.000239140937,0.860842389,0.139157611,0,0,0.139157611,0,1,0,2.81091303e-14,0.139157611,0,0,0,12359.9333,0,0,12359.9333,0,12359.9333,0,0,0,8679791.15,88819.696,0.139157611,12359.9333
78,75,222,trailing,11,0,0.0002545636,1.02370307e-05,0.000256786134,0.857968128,0.142031872,0,0,0.142031872,0,1,0,2.99875529e-14,0.142031872,0,0,0,38578.5817,0,0,38578.5817,0,38578.5817,0,0,0,25351495.9,271619.169,0.142031872,38578.5817
79,75,234,trailing,10,0,0.000272182755,1.03536572e-05,0.000274327792,0.858679916,0.141320084,0,0,0.141320084,0,1,0,3.18943823e-14,0.141320084,0,0,0,59769.1743,0,0,59769.1743,0,59769.1743,0,0,0,38050644.6,422934.779,0.141320084,59769.1743
80,75,246,trailing,7,0,0.000285679888,1.04617119e-05,0.000287759024,0.858465798,0.141534168,0,0,0.141534168,0,0.99999976,0,2.4009643e-07,0.141534168,0,0,0,76357.9146,0,0,76357.9146,0,76357.9146,0,0,0,47225054.9,539501.568,0.141534202,76357.9329
81,75,258,trailing,4,0,0.000295589464,1.05137516e-05,0.000297596355,0.858586077,0.141413783,0,0,0.141413783,0,0.999999005,0,9.94761815e-07,0.141413783,0,0,0,87491.5251,0,0,87491.5251,0,87491.5251,0,0,0,53175638.5,618691.528,0.141413923,87491.6121
82,75,270,trailing,28,0,0.000299315915,1.05393133e-05,0.000301317168,0.858694269,0.141305597,0,0,0.141305597,0,0.999999051,0,9.49468231e-07,0.141305597,0,0,0,91665.239,0,0,91665.239,0,91665.239,0,0,0,55374631.3,648702.015,0.141305731,91665.326
83,75,282,trailing,4,0,0.000295589464,1.05137516e-05,0.000297596355,0.858586077,0.141413783,0,0,0.141413783,0,0.999999005,0,9.94761815e-07,0.141413783,0,0,0,87491.5251,0,0,87491.5251,0,87491.5251,0,0,0,53175638.5,618691.528,0.141413923,87491.6121
84,75,294,trailing,7,0,0.000285679888,1.04617119e-05,0.000287759024,0.858465798,0.141534168,0,0,0.141534168,0,0.99999976,0,2.4009643e-07,0.141534168,0,0,0,76357.9146,0,0,76357.9146,0,76357.9146,0,0,0,47225054.9,539501.568,0.141534202,76357.9329
85,75,306,trailing,10,0,0.000272182755,1.03536572e-05,0.000274327792,0.858679916,0.141320084,0,0,0.141320084,0,1,0,3.18943823e-14,0.141320084,0,0,0,59769.1743,0,0,59769.1743,0,59769.1743,0,0,0,38050644.6,422934.779,0.141320084,59769.1743
86,75,318,trailing,11,0,0.0002545636,1.02370307e-05,0.000256786134,0.857968128,0.142031872,0,0,0.142031872,0,1,0,2.99875529e-14,0.142031872,0,0,0,38578.5817,0,0,38578.5817,0,38578.5817,0,0,0,25351495.9,271619.169,0.142031872,38578.5817
87,75,330,trailing,8,0,0.000236746486,1.01348519e-05,0.000239140937,0.860842389,0.139157611,0,0,0.139157611,0,1,0,2.81091303e-14,0.139157611,0,0,0,12359.9333,0,0,12359.9333,0,12359.9333,0,0,0,8679791.15,88819.696,0.139157611,12359.9333
88,75,342,trailing,6,nan,nan,nan,nan,nan,nan,nan,nan,nan,nan,nan,nan,nan,nan,nan,nan,nan,0,nan,nan,nan,nan,nan,nan,nan,nan,0,0,nan,0
89,75,354,trailing,-1,nan,nan,nan,nan,nan,nan,nan,nan,nan,nan,nan,nan,nan,nan,nan,nan,nan,nan,nan,nan,nan,nan,nan,nan,nan,nan,nan,nan,nan,nan
90,69,6,leading,-1,nan,nan,nan,nan,nan,nan,nan,nan,nan,nan,nan,nan,nan,nan,nan,nan,nan,nan,nan,nan,nan,nan,nan,nan,nan,nan,nan,nan,nan,nan
91,69,18,leading,-1,nan,nan,nan,nan,nan,nan,nan,nan,nan,nan,nan,nan,nan,nan,nan,nan,nan,nan,nan,nan,nan,nan,nan,nan,nan,nan,nan,nan,nan,nan
92,69,30,leading,-1,nan,nan,nan,nan,nan,nan,nan,nan,nan,nan,nan,nan,nan,nan,nan,nan,nan,nan,nan,nan,nan,nan,nan,nan,nan,nan,nan,nan,nan,nan
93,69,42,leading,-1,nan,nan,nan,nan,nan,nan,nan,nan,nan,nan,nan,nan,nan,nan,nan,nan,nan,nan,nan,nan,nan,nan,nan,nan,nan,nan,nan,nan,nan,nan
94,69,54,leading,-1,nan,nan,nan,nan,nan,nan,nan,nan,nan,nan,nan,nan,nan,nan,nan,nan,nan,nan,nan,nan,nan,nan,nan,nan,nan,nan,nan,nan,nan,nan
95,69,66,leading,-1,nan,nan,nan,nan,nan,nan,nan,nan,nan,nan,nan,nan,nan,nan,nan,nan,nan,nan,nan,nan,nan,nan,nan,nan,nan,nan,nan,nan,nan,nan
96,69,78,leading,-1,nan,nan,nan,nan,nan,nan,nan,nan,nan,nan,nan,nan,nan,nan,nan,nan,nan,nan,nan,nan,nan,nan,nan,nan,nan,nan,nan,nan,nan,nan
97,69,90,leading,-1,nan,nan,nan,nan,nan,nan,nan,nan,nan,nan,nan,nan,nan,nan,nan,nan,nan,nan,nan,nan,nan,nan,nan,nan,nan,nan,nan,nan,nan,nan
98,69,102,leading,-1,nan,nan,nan,nan,nan,nan,nan,nan,nan,nan,nan,nan,nan,nan,nan,nan,nan,nan,nan,nan,nan,nan,nan,nan,nan,nan,nan,nan,nan,nan
99,69,114,leading,-1,nan,nan,nan,nan,nan,nan,nan,nan,nan,nan,nan,nan,nan,nan,nan,nan,nan,nan,nan,nan,nan,nan,nan,nan,nan,nan,nan,nan,nan,nan
100,69,126,leading,-1,nan,nan,nan,nan,nan,nan,nan,nan,nan,nan,nan,nan,nan,nan,nan,nan,nan,nan,nan,nan,nan,nan,nan,nan,nan,nan,nan,nan,nan,nan
101,69,138,leading,-1,nan,nan,nan,nan,nan,nan,nan,nan,nan,nan,nan,nan,nan,nan,nan,nan,nan,nan,nan,nan,nan,nan,nan,nan,nan,nan,nan,nan,nan,nan
102,69,150,leading,-1,nan,nan,nan,nan,nan,nan,nan,nan,nan,nan,nan,nan,nan,nan,nan,nan,nan,nan,nan,nan,nan,nan,nan,nan,nan,nan,nan,nan,nan,nan
103,69,162,leading,-1,nan,nan,nan,nan,nan,nan,nan,nan,nan,nan,nan,nan,nan,nan,nan,nan,nan,nan,nan,nan,nan,nan,nan,nan,nan,nan,nan,nan,nan,nan
104,69,174,leading,-1,nan,nan,nan,nan,nan,nan,nan,nan,nan,nan,nan,nan,nan,nan,nan,nan,nan,nan,nan,nan,nan,nan,nan,nan,nan,nan,nan,nan,nan,nan
105,69,186,trailing,-1,nan,nan,nan,nan,nan,nan,nan,nan,nan,nan,nan,nan,nan,nan,nan,nan,nan,nan,nan,nan,nan,nan,nan,nan,nan,nan,nan,nan,nan,nan
106,69,198,trailing,12,0,0.000242806709,1.01641038e-05,0.000245108757,0.860410029,0.139589971,0,0,0.139589971,0,1,0,2.84629105e-14,0.139589971,0,0,0,21217.2427,0,0,21217.2427,0,21217.2427,0,0,0,14614680.6,151996.898,0.139589971,21217.2427
107,69,210,trailing,15,0,0.000275287307,1.03861661e-05,0.000277408753,0.858457197,0.141542803,0,0,0.141542803,0,1,0,3.28797529e-14,0.141542803,0,0,0,63952.7845,0,0,63952.7845,0,63952.7845,0,0,0,40371995.8,451826.501,0.141542803,63952.7845
108,69,222,trailing,17,0,0.000310701568,1.06107695e-05,0.000312686695,0.858973723,0.141026159,0,0,0.141026159,0,0.999999166,0,8.34236184e-07,0.141026159,0,0,0,104326.861,0,0,104326.861,0,104326.861,0,0,0,61866205.1,739769.589,0.141026277,104326.948
109,69,234,trailing,19,0,0.000342339351,1.07542366e-05,0.00034418777,0.858571779,0.141428128,0,0,0.141428128,0,0.999999343,0,6.5690824e-07,0.141428128,0,0,0,138550.954,0,0,138550.954,0,138550.954,0,0,0,77749439.3,979656.251,0.141428221,138551.045
110,69,246,trailing,18,0,0.000369297207,1.08688779e-05,0.000371041387,0.858622356,0.141377566,0,0,0.141377566,0,0.999999452,0,5.479783e-07,0.141377566,0,0,0,166092.845,0,0,166092.845,0,166092.845,0,0,0,89506976.6,1174817.44,0.141377644,166092.936
111,69,258,trailing,16,0,0.000386896354,1.09382833e-05,0.000388558168,0.858577766,0.141422164,0,0,0.141422164,0,0.999999504,0,4.96043654e-07,0.141422164,0,0,0,183482.4,0,0,183482.4,0,183482.4,0,0,0,96416804.6,1297408.91,0.141422234,183482.491
112,69,270,trailing,35,0,0.000393699172,1.09590822e-05,0.000395323651,0.858777227,0.141222706,0,0,0.141222706,0,0.99999952,0,4.80026079e-07,0.141222706,0,0,0,189604.869,0,0,189604.869,0,189604.869,0,0,0,98874605.1,1342594.55,0.141222773,189604.96
113,69,282,trailing,16,0,0.000386896354,1.09382833e-05,0.000388558168,0.858577766,0.141422164,0,0,0.141422164,0,0.999999504,0,4.96043654e-07,0.141422164,0,0,0,183482.4,0,0,183482.4,0,183482.4,0,0,0,96416804.6,1297408.91,0.141422234,183482.491
114,69,294,trailing,18,0,0.000369297207,1.08688779e-05,0.000371041387,0.858622356,0.141377566,0,0,0.141377566,0,0.999999452,0,5.479783e-07,0.141377566,0,0,0,166092.845,0,0,166092.845,0,166092.845,0,0,0,89506976.6,1174817.44,0.141377644,166092.936
115,69,306,trailing,19,0,0.000342339351,1.07542366e-05,0.00034418777,0.858571779,0.141428128,0,0,0.141428128,0,0.999999343,0,6.5690824e-07,0.141428128,0,0,0,138550.954,0,0,138550.954,0,138550.954,0,0,0,77749439.3,979656.251,0.141428221,138551.045
116,69,318,trailing,17,0,0.000310701568,1.06107695e-05,0.000312686695,0.858973723,0.141026159,0,0,0.141026159,0,0.999999166,0,8.34236184e-07,0.141026159,0,0,0,104326.861,0,0,104326.861,0,104326.861,0,0,0,61866205.1,739769.589,0.141026277,104326.948
117,69,330,trailing,15,0,0.000275287307,1.03861661e-05,0.000277408753,0.858457197,0.141542803,0,0,0.141542803,0,1,0,3.28797529e-14,0.141542803,0,0,0,63952.7845,0,0,63952.7845,0,63952.7845,0,0,0,40371995.8,451826.501,0.141542803,63952.7845
118,69,342,trailing,12,0,0.000242806709,1.01641038e-05,0.000245108757,0.860410029,0.139589971,0,0,0.139589971,0,1,0,2.84629105e-14,0.139589971,0,0,0,21217.2427,0,0,21217.2427,0,21217.2427,0,0,0,14614680.6,151996.898,0.139589971,21217.2427
119,69,354,trailing,-1,nan,nan,nan,nan,nan,nan,nan,nan,nan,nan,nan,nan,nan,nan,nan,nan,nan,nan,nan,nan,nan,nan,nan,nan,nan,nan,nan,nan,nan,nan
120,63,6,leading,-1,nan,nan,nan,nan,nan,nan,nan,nan,nan,nan,nan,nan,nan,nan,nan,nan,nan,nan,nan,nan,nan,nan,nan,nan,nan,nan,nan,nan,nan,nan
121,63,18,leading,-1,nan,nan,nan,nan,nan,nan,nan,nan,nan,nan,nan,nan,nan,nan,nan,nan,nan,nan,nan,nan,nan,nan,nan,nan,nan,nan,nan,nan,nan,nan
122,63,30,leading,-1,nan,nan,nan,nan,nan,nan,nan,nan,nan,nan,nan,nan,nan,nan,nan,nan,nan,nan,nan,nan,nan,nan,nan,nan,nan,nan,nan,nan,nan,nan
123,63,42,leading,-1,nan,nan,nan,nan,nan,nan,nan,nan,nan,nan,nan,nan,nan,nan,nan,nan,nan,nan,nan,nan,nan,nan,nan,nan,nan,nan,nan,nan,nan,nan
124,63,54,leading,176,4.9993259e-07,46.6507746,0.00658170023,46.6850995,0.574094026,0.00631428923,0.330002419,0,0.00251147212,0.333805236,0.00589677599,0.783753355,0.210349869,0.00251147212,0.00380281711,0,0.330002419,27.2420056,1423.74342,0,10.8353506,1440.15008,10.8353506,16.406655,0,1423.74342,43.8423036,4314.34223,0.425905974,1837.50419
125,63,66,leading,175,1.18934489e-06,47.8454265,0.00632821636,47.8734325,0.589421131,0.00573808309,0.317238535,0,0.00302206526,0.319954553,0.00736049876,0.779276715,0.213362786,0.00302206526,0.00271601784,0,0.317238535,57.14731,3159.47479,0,30.0976645,3186.52444,30.0976645,27.0496455,0,3159.47479,103.193806,9959.30294,0.410578869,4089.0795
126,63,78,leading,173,1.5352048e-06,47.269693,0.0063706798,47.3011681,0.592003691,0.00644869184,0.315363954,0,0.00391128354,0.317901363,0.00958656598,0.779177055,0.211236379,0.00391128354,0.0025374083,0,0.315363954,87.9390467,4300.53199,0,53.3371038,4335.13393,53.3371038,34.601943,0,4300.53199,143.103034,13636.7268,0.407996309,5563.73408
127,63,90,leading,171,1.69489099e-06,47.0954424,0.00632389196,47.1269761,0.59274986,0.00630344679,0.314246383,0,0.00377140946,0.31677842,0.00926067074,0.777847296,0.212892033,0.00377140946,0.00253203734,0,0.314246383,91.1761952,4545.41626,0,54.5515455,4582.04091,54.5515455,36.6246497,0,4545.41626,152.231769,14464.4986,0.40725014,5890.66894
128,63,102,leading,173,1.5352048e-06,47.269693,0.0063706798,47.3011681,0.592003691,0.00644869184,0.315363954,0,0.00391128354,0.317901363,0.00958656598,0.779177055,0.211236379,0.00391128354,0.0025374083,0,0.315363954,87.9390467,4300.53199,0,53.3371038,4335.13393,53.3371038,34.601943,0,4300.53199,143.103034,13636.7268,0.407996309,5563.73408
129,63,114,leading,175,1.18934489e-06,47.8454265,0.00632821636,47.8734325,0.589421131,0.00573808309,0.317238535,0,0.00302206526,0.319954553,0.00736049876,0.779276715,0.213362786,0.00302206526,0.00271601784,0,0.317238535,57.14731,3159.47479,0,30.0976645,3186.52444,30.0976645,27.0496455,0,3159.47479,103.193806,9959.30294,0.410578869,4089.0795
130,63,126,leading,176,4.9993259e-07,46.6507746,0.00658170023,46.6850995,0.574094026,0.00631428923,0.330002419,0,0.00251147212,0.333805236,0.00589677599,0.783753355,0.210349869,0.00251147212,0.00380281711,0,0.330002419,27.2420056,1423.74342,0,10.8353506,1440.15008,10.8353506,16.406655,0,1423.74342,43.8423036,4314.34223,0.425905974,1837.50419
131,63,138,leading,-1,nan,nan,nan,nan,nan,nan,nan,nan,nan,nan,nan,nan,nan,nan,nan,nan,nan,nan,nan,nan,nan,nan,nan,nan,nan,nan,nan,nan,nan,nan
132,63,150,leading,-1,nan,nan,nan,nan,nan,nan,nan,nan,nan,nan,nan,nan,nan,nan,nan,nan,nan,nan,nan,nan,nan,nan,nan,nan,nan,nan,nan,nan,nan,nan
133,63,162,leading,-1,nan,nan,nan,nan,nan,nan,nan,nan,nan,nan,nan,nan,nan,nan,nan,nan,nan,nan,nan,nan,nan,nan,nan,nan,nan,nan,nan,nan,nan,nan
134,63,174,leading,-1,nan,nan,nan,nan,nan,nan,nan,nan,nan,nan,nan,nan,nan,nan,nan,nan,nan,nan,nan,nan,nan,nan,nan,nan,nan,nan,nan,nan,nan,nan
135,63,186,trailing,5,0,0.000237008275,1.01334461e-05,0.000239398983,0.860758023,0.139241977,0,0,0.139241977,0,1,0,2.77007724e-14,0.139241977,0,0,0,12673.4717,0,0,12673.4717,0,12673.4717,0,0,0,8888488.36,91017.6402,0.139241977,12673.4717
136,63,198,trailing,14,0,0.000279678511,1.0429029e-05,0.000281795128,0.858205367,0.141794633,0,0,0.141794633,0,1,0,3.34689997e-14,0.141794633,0,0,0,69566.0598,0,0,69566.0598,0,69566.0598,0,0,0,43439132.1,490611.447,0.141794633,69566.0598
137,63,210,trailing,23,0,0.000335002639,1.07203882e-05,0.000336882915,0.858539578,0.141460324,0,0,0.141460324,0,0.999999306,0,6.94354148e-07,0.141460324,0,0,0,131079.018,0,0,131079.018,0,131079.018,0,0,0,74380151.4,926613.343,0.141460422,131079.109
138,63,222,trailing,24,0,0.000393699172,1.09590822e-05,0.000395323651,0.858777227,0.141222706,0,0,0.141222706,0,0.99999952,0,4.80026079e-07,0.141222706,0,0,0,189604.869,0,0,189604.869,0,189604.869,0,0,0,98874605.1,1342594.55,0.141222773,189604.96
139,63,234,trailing,29,0,0.000449904286,1.11491544e-05,0.00045136818,0.85851435,0.141485597,0,0,0.141485597,0,0.999999623,0,3.77349437e-07,0.141485597,0,0,0,241196.315,0,0,241196.315,0,241196.315,0,0,0,117065216,1704740.9,0.14148565,241196.406
140,63,246,trailing,31,0,0.000497061781,1.13665872e-05,0.000498409618,0.858787039,0.141212913,0,0,0.141212913,0,0.999999658,0,3.42095949e-07,0.141212913,0,0,0,280639.551,0,0,280639.551,0,280639.551,0,0,0,129596944,1987350.46,0.141212961,280639.647
141,63,258,trailing,27,0,0.000530635472,1.15171924e-05,0.000531913975,0.859145106,0.140854849,0,0,0.140854849,0,0.999999687,0,3.12896663e-07,0.140854849,0,0,0,306828.64,0,0,306828.64,0,306828.64,0,0,0,137356152,2178332.07,0.140854894,306828.736
142,63,270,trailing,41,0,0.000542580018,1.15702348e-05,0.000543825717,0.859414193,0.140585764,0,0,0.140585764,0,0.999999696,0,3.04431378e-07,0.140585764,0,0,0,315360.591,0,0,315360.591,0,315360.591,0,0,0,139872469,2243190.13,0.140585807,315360.687
143,63,282,trailing,27,0,0.000530635472,1.15171924e-05,0.000531913975,0.859145106,0.140854849,0,0,0.140854849,0,0.999999687,0,3.12896663e-07,0.140854849,0,0,0,306828.64,0,0,306828.64,0,306828.64,0,0,0,137356152,2178332.07,0.140854894,306828.736
144,63,294,trailing,31,0,0.000497061781,1.13665872e-05,0.000498409618,0.858787039,0.141212913,0,0,0.141212913,0,0.999999658,0,3.42095949e-07,0.141212913,0,0,0,280639.551,0,0,280639.551,0,280639.551,0,0,0,129596944,1987350.46,0.141212961,280639.647
145,63,306,trailing,29,0,0.000449904286,1.11491544e-05,0.00045136818,0.85851435,0.141485597,0,0,0.141485597,0,0.999999623,0,3.77349437e-07,0.141485597,0,0,0,241196.315,0,0,241196.315,0,241196.315,0,0,0,117065216,1704740.9,0.14148565,241196.406
146,63,318,trailing,24,0,0.000393699172,1.09590822e-05,0.000395323651,0.858777227,0.141222706,0,0,0.141222706,0,0.99999952,0,4.80026079e-07,0.141222706,0,0,0,189604.869,0,0,189604.869,0,189604.869,0,0,0,98874605.1,1342594.55,0.141222773,189604.96
147,63,330,trailing,23,0,0.000335002639,1.07203882e-05,0.000336882915,0.858539578,0.141460324,0,0,0.141460324,0,0.999999306,0,6.94354148e-07,0.141460324,0,0,0,131079.018,0,0,131079.018,0,131079.018,0,0,0,74380151.4,926613.343,0.141460422,131079.109
148,63,342,trailing,14,0,0.000279678511,1.0429029e-05,0.000281795128,0.858205367,0.141794633,0,0,0.141794633,0,1,0,3.34689997e-14,0.141794633,0,0,0,69566.0598,0,0,69566.0598,0,69566.0598,0,0,0,43439132.1,490611.447,0.141794633,69566.0598
149,63,354,trailing,5,0,0.000237008275,1.01334461e-05,0.000239398983,0.860758023,0.139241977,0,0,0.139241977,0,1,0,2.77007724e-14,0.139241977,0,0,0,12673.4717,0,0,12673.4717,0,12673.4717,0,0,0,8888488.36,91017.6402,0.139241977,12673.4717
150,57,6,leading,-1,nan,nan,nan,nan,nan,nan,nan,nan,nan,nan,nan,nan,nan,nan,nan,nan,nan,nan,nan,nan,nan,nan,nan,nan,nan,nan,nan,nan,nan,nan
151,57,18,leading,-1,nan,nan,nan,nan,nan,nan,nan,nan,nan,nan,nan,nan,nan,nan,nan,nan,nan,nan,nan,nan,nan,nan,nan,nan,nan,nan,nan,nan,nan,nan
152,57,30,leading,178,1.78344209e-07,47.9505146,0.00753357617,47.9971832,0.580787846,0.00750355557,0.321683006,0,0.00430660129,0.32487996,0.0102730831,0.774977436,0.214749481,0.00430660129,0.00319695428,0,0.321683006,14.2285206,609.987258,0,8.16633725,616.049441,8.16633725,6.06218338,0,609.987258,19.1081317,1896.2372,0.419212154,794.925649
153,57,42,leading,172,1.54094205e-06,47.2630483,0.00636889767,47.2945257,0.592032065,0.00644316871,0.315321457,0,0.00390596465,0.317858661,0.00957419521,0.779126578,0.211299227,0.00390596465,0.00253720406,0,0.315321457,88.0553519,4309.33025,0,53.3807366,4344.00487,53.3807366,34.6746153,0,4309.33025,143.431013,13666.4672,0.407967935,5575.48028
154,57,54,leading,168,3.17390757e-06,46.0530165,0.00639224227,46.0903386,0.601025562,0.00584878243,0.306999405,0,0.00340995521,0.309438233,0.00854680122,0.775584105,0.215869093,0.00340995521,0.00243882721,0,0.306999405,139.983036,7347.63334,0,81.6128637,7406.00351,81.6128637,58.3701722,0,7347.63334,261.246163,24048.7497,0.398974438,9548.93668
155,57,66,leading,167,4.71008089e-06,45.8812651,0.0064720605,45.9177785,0.608249164,0.00588853183,0.298740211,0,0.00309696493,0.301531778,0.00790544562,0.769702959,0.222391596,0.00309696493,0.0027915669,0,0.298740211,186.23156,9448.00113,0,97.945061,9536.28762,97.945061,88.2864988,0,9448.00113,353.341778,31741.1856,0.391750836,12389.5686
156,57,78,leading,164,5.193238e-06,45.4465961,0.00643889733,45.483028,0.611066708,0.00612317119,0.294552204,0,0.00327141312,0.297403963,0.00841124478,0.764665737,0.226923019,0.00327141312,0.00285175806,0,0.294552204,222.32272,10694.7275,0,118.779868,10798.2704,118.779868,103.542852,0,10694.7275,411.35819,36423.4686,0.388933292,14121.5564
157,57,90,leading,163,5.27010246e-06,45.3007238,0.00638747267,45.3369762,0.612160141,0.00640059618,0.293453854,0,0.00358251896,0.296271932,0.00923710877,0.763902742,0.226860149,0.00358251896,0.00281807721,0,0.293453854,242.519648,11119.0151,0,135.742236,11225.7925,135.742236,106.777412,0,11119.0151,431.301374,38005.2059,0.387839859,14695.3164
158,57,102,leading,164,5.193238e-06,45.4465961,0.00643889733,45.483028,0.611066708,0.00612317119,0.294552204,0,0.00327141312,0.297403963,0.00841124478,0.764665737,0.226923019,0.00327141312,0.00285175806,0,0.294552204,222.32272,10694.7275,0,118.779868,10798.2704,118.779868,103.542852,0,10694.7275,411.35819,36423.4686,0.388933292,14121.5564
159,57,114,leading,167,4.71008089e-06,45.8812651,0.0064720605,45.9177785,0.608249164,0.00588853183,0.298740211,0,0.00309696493,0.301531778,0.00790544562,0.769702959,0.222391596,0.00309696493,0.0027915669,0,0.298740211,186.23156,9448.00113,0,97.945061,9536.28762,97.945061,88.2864988,0,9448.00113,353.341778,31741.1856,0.391750836,12389.5686
160,57,126,leading,168,3.17390757e-06,46.0530165,0.00639224227,46.0903386,0.601025562,0.00584878243,0.306999405,0,0.00340995521,0.309438233,0.00854680122,0.775584105,0.215869093,0.00340995521,0.00243882721,0,0.306999405,139.983036,7347.63334,0,81.6128637,7406.00351,81.6128637,58.3701722,0,7347.63334,261.246163,24048.7497,0.398974438,9548.93668
161,57,138,leading,172,1.54094205e-06,47.2630483,0.00636889767,47.2945257,0.592032065,0.00644316871,0.315321457,0,0.00390596465,0.317858661,0.00957419521,0.779126578,0.211299227,0.00390596465,0.00253720406,0,0.315321457,88.0553519,4309.33025,0,53.3807366,4344.00487,53.3807366,34.6746153,0,4309.33025,143.431013,13666.4672,0.407967935,5575.48028
162,57,150,leading,178,1.78344209e-07,47.9505146,0.00753357617,47.9971832,0.580787846,0.00750355557,0.321683006,0,0.00430660129,0.32487996,0.0102730831,0.774977436,0.214749481,0.00430660129,0.00319695428,0,0.321683006,14.2285206,609.987258,0,8.16633725,616.049441,8.16633725,6.06218338,0,609.987258,19.1081317,1896.2372,0.419212154,794.925649
163,57,162,leading,-1,nan,nan,nan,nan,nan,nan,nan,nan,nan,nan,nan,nan,nan,nan,nan,nan,nan,nan,nan,nan,nan,nan,nan,nan,nan,nan,nan,nan,nan,nan
164,57,174,leading,-1,nan,nan,nan,nan,nan,nan,nan,nan,nan,nan,nan,nan,nan,nan,nan,nan,nan,nan,nan,nan,nan,nan,nan,nan,nan,nan,nan,nan,nan,nan
165,57,186,trailing,9,0,0.000270052108,1.03358348e-05,0.000272207181,0.858727745,0.141272255,0,0,0.141272255,0,1,0,3.16347493e-14,0.141272255,0,0,0,57039.7278,0,0,57039.7278,0,57039.7278,0,0,0,36492020.3,403757.511,0.141272255,57039.7278
166,57,198,trailing,22,0,0.000337942101,1.07335357e-05,0.00033980529,0.858596591,0.141403313,0,0,0.141403313,0,0.999999321,0,6.791232e-07,0.141403313,0,0,0,134018.778,0,0,134018.778,0,134018.778,0,0,0,75734475.2,947776.795,0.141403409,134018.869
167,57,210,trailing,30,0,0.000425509573,1.1064859e-05,0.000427007987,0.858923253,0.141076689,0,0,0.141076689,0,0.999999584,0,4.16144609e-07,0.141076689,0,0,0,218710.724,0,0,218710.724,0,218710.724,0,0,0,109623369,1550296.54,0.141076747,218710.815
168,57,222,trailing,32,0,0.000523855331,1.14900179e-05,0.000525148565,0.859215232,0.140784723,0,0,0.140784723,0,0.999999681,0,3.18701314e-07,0.140784723,0,0,0,301240.228,0,0,301240.228,0,301240.228,0,0,0,135831403,2139722.42,0.140784768,301240.324
169,57,234,trailing,37,0,0.000625175043,1.19081206e-05,0.000626277679,0.859952204,0.14004776,0,0,0.14004776,0,0.999999744,0,2.56470949e-07,0.14004776,0,0,0,374333.494,0,0,374333.494,0,374333.494,0,0,0,155185328,2672898.79,0.140047796,374333.59
170,57,246,trailing,39,0,0.000711520339,1.2260308e-05,0.000712471771,0.860341571,0.139658398,0,0,0.139658398,0,0.999999777,0,2.22836653e-07,0.139658398,0,0,0,430834.299,0,0,430834.299,0,430834.299,0,0,0,167940574,3084914.99,0.139658429,430834.395
171,57,258,trailing,38,0,0.000770611291,1.25089373e-05,0.000771471296,0.860523167,0.139476804,0,0,0.139476804,0,0.999999795,0,2.05349839e-07,0.139476804,0,0,0,467522.523,0,0,467522.523,0,467522.523,0,0,0,175360412,3351973.07,0.139476833,467522.619
172,57,270,trailing,45,0,0.000795364517,1.26089025e-05,0.000796181034,0.860539556,0.139460416,0,0,0.139460416,0,0.999999801,0,1.99064535e-07,0.139460416,0,0,0,482284.173,0,0,482284.173,0,482284.173,0,0,0,178146050,3458215.33,0.139460444,482284.269
173,57,282,trailing,38,0,0.000770611291,1.25089373e-05,0.000771471296,0.860523167,0.139476804,0,0,0.139476804,0,0.999999795,0,2.05349839e-07,0.139476804,0,0,0,467522.523,0,0,467522.523,0,467522.523,0,0,0,175360412,3351973.07,0.139476833,467522.619
174,57,294,trailing,39,0,0.000711520339,1.2260308e-05,0.000712471771,0.860341571,0.139658398,0,0,0.139658398,0,0.999999777,0,2.22836653e-07,0.139658398,0,0,0,430834.299,0,0,430834.299,0,430834.299,0,0,0,167940574,3084914.99,0.139658429,430834.395
175,57,306,trailing,37,0,0.000625175043,1.19081206e-05,0.000626277679,0.859952204,0.14004776,0,0,0.14004776,0,0.999999744,0,2.56470949e-07,0.14004776,0,0,0,374333.494,0,0,374333.494,0,374333.494,0,0,0,155185328,2672898.79,0.140047796,374333.59
176,57,318,trailing,32,0,0.000523855331,1.14900179e-05,0.000525148565,0.859215232,0.140784723,0,0,0.140784723,0,0.999999681,0,3.18701314e-07,0.140784723,0,0,0,301240.228,0,0,301240.228,0,301240.228,0,0,0,135831403,2139722.42,0.140784768,301240.324
177,57,330,trailing,30,0,0.000425509573,1.1064859e-05,0.000427007987,0.858923253,0.141076689,0,0,0.141076689,0,0.999999584,0,4.16144609e-07,0.141076689,0,0,0,218710.724,0,0,218710.724,0,218710.724,0,0,0,109623369,1550296.54,0.141076747,218710.815
178,57,342,trailing,22,0,0.000337942101,1.07335357e-05,0.00033980529,0.858596591,0.141403313,0,0,0.141403313,0,0.999999321,0,6.791232e-07,0.141403313,0,0,0,134018.778,0,0,134018.778,0,134018.778,0,0,0,75734475.2,947776.795,0.141403409,134018.869
179,57,354,trailing,9,0,0.000270052108,1.03358348e-05,0.000272207181,0.858727745,0.141272255,0,0,0.141272255,0,1,0,3.16347493e-14,0.141272255,0,0,0,57039.7278,0,0,57039.7278,0,57039.7278,0,0,0,36492020.3,403757.511,0.141272255,57039.7278
180,51,6,leading,-1,nan,nan,nan,nan,nan,nan,nan,nan,nan,nan,nan,nan,nan,nan,nan,nan,nan,nan,nan,nan,nan,nan,nan,nan,nan,nan,nan,nan,nan,nan
181,51,18,leading,177,2.78657909e-07,47.2159543,0.00730849778,47.254891,0.574242021,0.00785095355,0.327048233,0,0.00368160334,0.331217583,0.00864717401,0.777948033,0.213404793,0.00368160334,0.00416935021,0,0.327048233,19.15218,797.824951,0,8.98116763,807.995963,8.98116763,10.1710124,0,797.824951,24.6351061,2439.47184,0.425757979,1038.6246
182,51,30,leading,170,2.4919966e-06,46.2689838,0.00652402113,46.3076909,0.596917417,0.00600887624,0.312833317,0,0.0036056799,0.315236513,0.00894526345,0.782064337,0.2089904,0.0036056799,0.00240319633,0,0.312833317,119.715719,6232.62387,0,71.8364874,6280.5031,71.8364874,47.8792316,0,6232.62387,213.538299,19923.1469,0.403082583,8030.67319
183,51,42,leading,165,5.18063831e-06,45.4682102,0.00644573661,45.5046977,0.610999284,0.00610254248,0.294726243,0,0.00326148988,0.297567295,0.00838427733,0.764953079,0.226662643,0.00326148988,0.0028410526,0,0.294726243,220.490879,10648.7499,0,117.840847,10751.3999,117.840847,102.650033,0,10648.7499,409.137155,36246.0271,0.389000716,14054.9796
184,51,54,leading,160,6.84715918e-06,44.0920016,0.00630943562,44.132986,0.620351649,0.00687583314,0.286466397,0,0.00423738342,0.289104847,0.0111613376,0.761506921,0.227331741,0.00423738342,0.00263844973,0,0.286466397,340.598448,14190.2819,0,209.901286,14320.979,209.901286,130.697163,0,14190.2819,583.199312,49650.6302,0.379648351,18806.1049
185,51,66,leading,159,8.75075103e-06,43.2372062,0.0062959701,43.2818148,0.627397445,0.00730618118,0.280011806,0,0.00449465714,0.28282333,0.0120628726,0.759048285,0.228888842,0.00449465714,0.00281152404,0,0.280011806,438.387289,16801.3376,0,269.689529,16970.0353,269.689529,168.69776,0,16801.3376,727.288067,60117.2873,0.372602555,22356.9906
186,51,78,leading,157,9.91082415e-06,42.6598382,0.00613933317,42.7016314,0.631205327,0.0073181223,0.277510048,0,0.00436232095,0.28046585,0.0118285899,0.760493222,0.227678188,0.00436232095,0.00295580135,0,0.277510048,483.781172,18345.4349,0,288.38118,18540.8349,288.38118,195.399992,0,18345.4349,814.636517,66222.3223,0.368794673,24380.0134
187,51,90,leading,156,1.03049617e-05,42.4735637,0.0061125736,42.5148682,0.632795851,0.0073642937,0.275784825,0,0.00440629519,0.278742823,0.011999579,0.759094972,0.228905449,0.00440629519,0.00295799851,0,0.275784825,505.751104,18939.8312,0,302.607249,19142.975,302.607249,203.143855,0,18939.8312,852.090512,68791.1586,0.367204149,25218.1555
188,51,102,leading,157,9.91082415e-06,42.6598382,0.00613933317,42.7016314,0.631205327,0.0073181223,0.277510048,0,0.00436232095,0.28046585,0.0118285899,0.760493222,0.227678188,0.00436232095,0.00295580135,0,0.277510048,483.781172,18345.4349,0,288.38118,18540.8349,288.38118,195.399992,0,18345.4349,814.636517,66222.3223,0.368794673,24380.0134
189,51,114,leading,159,8.75075103e-06,43.2372062,0.0062959701,43.2818148,0.627397445,0.00730618118,0.280011806,0,0.00449465714,0.28282333,0.0120628726,0.759048285,0.228888842,0.00449465714,0.00281152404,0,0.280011806,438.387289,16801.3376,0,269.689529,16970.0353,269.689529,168.69776,0,16801.3376,727.288067,60117.2873,0.372602555,22356.9906
190,51,126,leading,160,6.84715918e-06,44.0920016,0.00630943562,44.132986,0.620351649,0.00687583314,0.286466397,0,0.00423738342,0.289104847,0.0111613376,0.761506921,0.227331741,0.00423738342,0.00263844973,0,0.286466397,340.598448,14190.2819,0,209.901286,14320.979,209.901286,130.697163,0,14190.2819,583.199312,49650.6302,0.379648351,18806.1049
191,51,138,leading,165,5.18063831e-06,45.4682102,0.00644573661,45.5046977,0.610999284,0.00610254248,0.294726243,0,0.00326148988,0.297567295,0.00838427733,0.764953079,0.226662643,0.00326148988,0.0028410526,0,0.294726243,220.490879,10648.7499,0,117.840847,10751.3999,117.840847,102.650033,0,10648.7499,409.137155,36246.0271,0.389000716,14054.9796
192,51,150,leading,170,2.4919966e-06,46.2689838,0.00652402113,46.3076909,0.596917417,0.00600887624,0.312833317,0,0.0036056799,0.315236513,0.00894526345,0.782064337,0.2089904,0.0036056799,0.00240319633,0,0.312833317,119.715719,6232.62387,0,71.8364874,6280.5031,71.8364874,47.8792316,0,6232.62387,213.538299,19923.1469,0.403082583,8030.67319
193,51,162,leading,177,2.78657909e-07,47.2159543,0.00730849778,47.254891,0.574242021,0.00785095355,0.327048233,0,0.00368160334,0.331217583,0.00864717401,0.777948033,0.213404793,0.00368160334,0.00416935021,0,0.327048233,19.15218,797.824951,0,8.98116763,807.995963,8.98116763,10.1710124,0,797.824951,24.6351061,2439.47184,0.425757979,1038.6246
194,51,174,leading,-1,nan,nan,nan,nan,nan,nan,nan,nan,nan,nan,nan,nan,nan,nan,nan,nan,nan,nan,nan,nan,nan,nan,nan,nan,nan,nan,nan,nan,nan,nan
195,51,186,trailing,13,0,0.000319603321,1.06508221e-05,0.000321558421,0.858832957,0.141166935,0,0,0.141166935,0,0.999999238,0,7.61968389e-07,0.141166935,0,0,0,114221.601,0,0,114221.601,0,114221.601,0,0,0,66634199.4,809124.437,0.141167043,114221.688
196,51,198,trailing,26,0,0.000425509573,1.1064859e-05,0.000427007987,0.858923253,0.141076689,0,0,0.141076689,0,0.999999584,0,4.16144609e-07,0.141076689,0,0,0,218710.724,0,0,218710.724,0,218710.724,0,0,0,109623369,1550296.54,0.141076747,218710.815
197,51,210,trailing,36,0,0.000574647202,1.1705185e-05,0.000575833219,0.859739635,0.140260326,0,0,0.140260326,0,0.999999717,0,2.8346827e-07,0.140260326,0,0,0,338682.219,0,0,338682.219,0,338682.219,0,0,0,146254869,2414668.78,0.140260365,338682.315
198,51,222,trailing,40,0,0.000747343993,1.24152118e-05,0.00074823131,0.860543406,0.139456564,0,0,0.139456564,0,0.999999788,0,2.12014136e-07,0.139456564,0,0,0,452826.762,0,0,452826.762,0,452826.762,0,0,0,172519855,3247080.81,0.139456594,452826.858
199,51,234,trailing,46,0,0.000932443792,1.31589413e-05,0.000933149002,0.860859462,0.139140514,0,0,0.139140514,0,0.99999983,0,1.70491834e-07,0.139140514,0,0,0,563110.087,0,0,563110.087,0,563110.087,0,0,0,191293204,4010339.94,0.139140538,563110.183
200,51,246,trailing,47,0.00145729813,0.00109469336,1.37757139e-05,0.00109527706,0.861369519,0.13863046,0,0,0.13863046,0,0.999999851,0,1.49326992e-07,0.13863046,0,0,0,642922.335,0,0,642922.335,0,642922.335,0,0,0,203214688,4598596.36,0.138630481,642922.431
201,51,258,trailing,49,0.0343897287,0.0012175979,1.42263917e-05,0.00121813271,0.861598331,0.13840165,0,0,0.13840165,0,0.999999862,0,1.37501578e-07,0.13840165,0,0,0,698214.866,0,0,698214.866,0,698214.866,0,0,0,210433854,5005771.19,0.138401669,698214.962
202,51,270,trailing,50,0.0637982995,0.00126379201,1.43925242e-05,0.00126431319,0.861669652,0.138330329,0,0,0.138330329,0,0.999999866,0,1.33714027e-07,0.138330329,0,0,0,717992.301,0,0,717992.301,0,717992.301,0,0,0,212836709,5151344.73,0.138330348,717992.397
203,51,282,trailing,49,0.0343897287,0.0012175979,1.42263917e-05,0.00121813271,0.861598331,0.13840165,0,0,0.13840165,0,0.999999862,0,1.37501578e-07,0.13840165,0,0,0,698214.866,0,0,698214.866,0,698214.866,0,0,0,210433854,5005771.19,0.138401669,698214.962
204,51,294,trailing,47,0.00145729813,0.00109469336,1.37757139e-05,0.00109527706,0.861369519,0.13863046,0,0,0.13863046,0,0.999999851,0,1.49326992e-07,0.13863046,0,0,0,642922.335,0,0,642922.335,0,642922.335,0,0,0,203214688,4598596.36,0.138630481,642922.431
205,51,306,trailing,46,0,0.000932443792,1.31589413e-05,0.000933149002,0.860859462,0.139140514,0,0,0.139140514,0,0.99999983,0,1.70491834e-07,0.139140514,0,0,0,563110.087,0,0,563110.087,0,563110.087,0,0,0,191293204,4010339.94,0.139140538,563110.183
206,51,318,trailing,40,0,0.000747343993,1.24152118e-05,0.00074823131,0.860543406,0.139456564,0,0,0.139456564,0,0.999999788,0,2.12014136e-07,0.139456564,0,0,0,452826.762,0,0,452826.762,0,452826.762,0,0,0,172519855,3247080.81,0.139456594,452826.858
207,51,330,trailing,36,0,0.000574647202,1.1705185e-05,0.000575833219,0.859739635,0.140260326,0,0,0.140260326,0,0.999999717,0,2.8346827e-07,0.140260326,0,0,0,338682.219,0,0,338682.219,0,338682.219,0,0,0,146254869,2414668.78,0.140260365,338682.315
208,51,342,trailing,26,0,0.000425509573,1.1064859e-05,0.000427007987,0.858923253,0.141076689,0,0,0.141076689,0,0.999999584,0,4.16144609e-07,0.141076689,0,0,0,218710.724,0,0,218710.724,0,218710.724,0,0,0,109623369,1550296.54,0.141076747,218710.815
209,51,354,trailing,13,0,0.000319603321,1.06508221e-05,0.000321558421,0.858832957,0.141166935,0,0,0.141166935,0,0.999999238,0,7.61968389e-07,0.141166935,0,0,0,114221.601,0,0,114221.601,0,114221.601,0,0,0,66634199.4,809124.437,0.141167043,114221.688
210,45,6,leading,-1,nan,nan,nan,nan,nan,nan,nan,nan,nan,nan,nan,nan,nan,nan,nan,nan,nan,nan,nan,nan,nan,nan,nan,nan,nan,nan,nan,nan,nan,nan
211,45,18,leading,169,2.60550806e-06,46.1753159,0.00655044212,46.2143481,0.597397889,0.00589317684,0.312557214,0,0.00353203761,0.314918354,0.00877302308,0.782207408,0.209019569,0.00353203761,0.00236113923,0,0.312557214,120.817762,6407.82791,0,72.4113479,6456.23433,72.4113479,48.4064138,0,6407.82791,220.138242,20501.2965,0.402602111,8253.86497
212,45,30,leading,162,5.88738895e-06,44.6324777,0.00633979725,44.6728317,0.617388315,0.00679258406,0.289832194,0,0.00417365379,0.292451124,0.0109083281,0.76435492,0.224736752,0.00417365379,0.00261893027,0,0.289832194,298.845045,12751.3939,0,183.623161,12866.6158,183.623161,115.221884,0,12751.3939,509.806472,44110.8217,0.382611685,16833.3002
213,45,42,leading,158,9.81041736e-06,42.7147567,0.00614984885,42.7568176,0.630823069,0.00728798446,0.277965576,0,0.00433443934,0.280919122,0.0117408185,0.760933573,0.227325608,0.00433443934,0.00295354513,0,0.277965576,476.925049,18190.0424,0,283.645321,18383.3221,283.645321,193.279728,0,18190.0424,804.934377,65554.951,0.369176931,24158.9053
214,45,54,leading,152,1.30381596e-05,41.4536436,0.00609659746,41.494128,0.643766682,0.00734696892,0.267555731,0,0.0043954682,0.270507232,0.0123387341,0.759354104,0.228307162,0.0043954682,0.00295150072,0,0.267555731,617.247439,22478.3978,0,369.280382,22726.3649,369.280382,247.967057,0,22478.3978,1084.39809,84128.9302,0.356233318,29928.5468
215,45,66,leading,151,1.61611473e-05,40.4194852,0.00598446416,40.4591421,0.650401924,0.00749683484,0.262557517,0,0.00437495986,0.265679392,0.0125142561,0.759956678,0.227529066,0.00437495986,0.00312187497,0,0.262557517,731.958281,25634.9717,0,427.152014,25939.778,427.152014,304.806267,0,25634.9717,1302.98531,97750.6779,0.349598076,34133.2325
216,45,78,leading,150,1.77663038e-05,39.9478897,0.00593283843,39.9872142,0.654702236,0.00743632353,0.25900351,0,0.0043377226,0.262102111,0.0125622667,0.759061129,0.228376604,0.0043377226,0.00309860092,0,0.25900351,785.496706,27358.4659,0,458.192386,27685.7703,458.192386,327.304321,0,27358.4659,1436.51835,105744.748,0.345297764,36473.7031
217,45,90,leading,148,1.85671446e-05,39.7707943,0.00589248736,39.8095419,0.656741231,0.00743290295,0.257459355,0,0.00436230487,0.260529953,0.0127085024,0.758989943,0.228301555,0.00436230487,0.00307059807,0,0.257459355,808.728503,28012.5706,0,474.635592,28346.6635,474.635592,334.092911,0,28012.5706,1490.6245,108918.892,0.343258769,37347.8777
218,45,102,leading,150,1.77663038e-05,39.9478897,0.00593283843,39.9872142,0.654702236,0.00743632353,0.25900351,0,0.0043377226,0.262102111,0.0125622667,0.759061129,0.228376604,0.0043377226,0.00309860092,0,0.25900351,785.496706,27358.4659,0,458.192386,27685.7703,458.192386,327.304321,0,27358.4659,1436.51835,105744.748,0.345297764,36473.7031
219,45,114,leading,151,1.61611473e-05,40.4194852,0.00598446416,40.4591421,0.650401924,0.00749683484,0.262557517,0,0.00437495986,0.265679392,0.0125142561,0.759956678,0.227529066,0.00437495986,0.00312187497,0,0.262557517,731.958281,25634.9717,0,427.152014,25939.778,427.152014,304.806267,0,25634.9717,1302.98531,97750.6779,0.349598076,34133.2325
220,45,126,leading,152,1.30381596e-05,41.4536436,0.00609659746,41.494128,0.643766682,0.00734696892,0.267555731,0,0.0043954682,0.270507232,0.0123387341,0.759354104,0.228307162,0.0043954682,0.00295150072,0,0.267555731,617.247439,22478.3978,0,369.280382,22726.3649,369.280382,247.967057,0,22478.3978,1084.39809,84128.9302,0.356233318,29928.5468
221,45,138,leading,158,9.81041736e-06,42.7147567,0.00614984885,42.7568176,0.630823069,0.00728798446,0.277965576,0,0.00433443934,0.280919122,0.0117408185,0.760933573,0.227325608,0.00433443934,0.00295354513,0,0.277965576,476.925049,18190.0424,0,283.645321,18383.3221,283.645321,193.279728,0,18190.0424,804.934377,65554.951,0.369176931,24158.9053
222,45,150,leading,162,5.88738895e-06,44.6324777,0.00633979725,44.6728317,0.617388315,0.00679258406,0.289832194,0,0.00417365379,0.292451124,0.0109083281,0.76435492,0.224736752,0.00417365379,0.00261893027,0,0.289832194,298.845045,12751.3939,0,183.623161,12866.6158,183.623161,115.221884,0,12751.3939,509.806472,44110.8217,0.382611685,16833.3002
223,45,162,leading,169,2.60550806e-06,46.1753159,0.00655044212,46.2143481,0.597397889,0.00589317684,0.312557214,0,0.00353203761,0.314918354,0.00877302308,0.782207408,0.209019569,0.00353203761,0.00236113923,0,0.312557214,120.817762,6407.82791,0,72.4113479,6456.23433,72.4113479,48.4064138,0,6407.82791,220.138242,20501.2965,0.402602111,8253.86497
224,45,174,leading,-1,nan,nan,nan,nan,nan,nan,nan,nan,nan,nan,nan,nan,nan,nan,nan,nan,nan,nan,nan,nan,nan,nan,nan,nan,nan,nan,nan,nan,nan,nan
225,45,186,trailing,20,0,0.000398119997,1.097384e-05,0.000399720905,0.858883601,0.141116333,0,0,0.141116333,0,0.99999953,0,4.70407661e-07,0.141116333,0,0,0,193481.719,0,0,193481.719,0,193481.719,0,0,0,100402105,1371079.28,0.141116399,193481.81
226,45,198,trailing,34,0,0.000569554429,1.16848815e-05,0.00057075107,0.859678969,0.140320991,0,0,0.140320991,0,0.999999713,0,2.86507972e-07,0.140320991,0,0,0,335088.976,0,0,335088.976,0,335088.976,0,0,0,145287811,2388017.54,0.140321031,335089.072
227,45,210,trailing,44,0,0.00083250086,1.27579288e-05,0.000833290508,0.860638805,0.139361169,0,0,0.139361169,0,0.999999809,0,1.9070436e-07,0.139361169,0,0,0,503426.742,0,0,503426.742,0,503426.742,0,0,0,182034049,3612388.81,0.139361195,503426.838
228,45,222,trailing,48,0.0141412498,0.0011679665,1.40466571e-05,0.00116852359,0.861469565,0.138530416,0,0,0.138530416,0,0.999999858,0,1.41911922e-07,0.138530416,0,0,0,676515.757,0,0,676515.757,0,676515.757,0,0,0,207664364,4844444.09,0.138530435,676515.853
229,45,234,trailing,53,0.368125669,0.00154344941,1.5345422e-05,0.00154388745,0.862103371,0.137896613,0,0,0.137896613,0,0.999999884,0,1.15999342e-07,0.137896613,0,0,0,827639.33,0,0,827639.33,0,827639.33,0,0,0,224852470,5969833.13,0.137896629,827639.426
230,45,246,trailing,54,0.822455619,0.00190142746,1.64409725e-05,0.00190189282,0.862726517,0.137273469,0,0,0.137273469,0,0.999999897,0,1.03457193e-07,0.137273469,0,0,0,950794.501,0,0,950794.501,0,950794.501,0,0,0,235934117,6894230.22,0.137273483,950794.6
231,45,258,trailing,56,1.12290646,0.00216126453,1.71784136e-05,0.00216176869,0.863276862,0.136723125,0,0,0.136723125,0,0.999999905,0,9.54438295e-08,0.136723125,0,0,0,1030622.1,0,0,1030622.1,0,1030622.1,0,0,0,242130711,7505973.53,0.136723138,1030622.2
232,45,270,trailing,57,1.21368318,0.00226677315,1.74904677e-05,0.00226727067,0.863817214,0.136182773,0,0,0.136182773,0,0.999999907,0,9.30395907e-08,0.136182773,0,0,0,1057254.39,0,0,1057254.39,0,1057254.39,0,0,0,244222880,7731446.03,0.136182786,1057254.48
233,45,282,trailing,56,1.12290646,0.00216126453,1.71784136e-05,0.00216176869,0.863276862,0.136723125,0,0,0.136723125,0,0.999999905,0,9.54438295e-08,0.136723125,0,0,0,1030622.1,0,0,1030622.1,0,1030622.1,0,0,0,242130711,7505973.53,0.136723138,1030622.2
234,45,294,trailing,54,0.822455619,0.00190142746,1.64409725e-05,0.00190189282,0.862726517,0.137273469,0,0,0.137273469,0,0.999999897,0,1.03457193e-07,0.137273469,0,0,0,950794.501,0,0,950794.501,0,950794.501,0,0,0,235934117,6894230.22,0.137273483,950794.6
235,45,306,trailing,53,0.368125669,0.00154344941,1.5345422e-05,0.00154388745,0.862103371,0.137896613,0,0,0.137896613,0,0.999999884,0,1.15999342e-07,0.137896613,0,0,0,827639.33,0,0,827639.33,0,827639.33,0,0,0,224852470,5969833.13,0.137896629,827639.426
236,45,318,trailing,48,0.0141412498,0.0011679665,1.40466571e-05,0.00116852359,0.861469565,0.138530416,0,0,0.138530416,0,0.999999858,0,1.41911922e-07,0.138530416,0,0,0,676515.757,0,0,676515.757,0,676515.757,0,0,0,207664364,4844444.09,0.138530435,676515.853
237,45,330,trailing,44,0,0.00083250086,1.27579288e-05,0.000833290508,0.860638805,0.139361169,0,0,0.139361169,0,0.999999809,0,1.9070436e-07,0.139361169,0,0,0,503426.742,0,0,503426.742,0,503426.742,0,0,0,182034049,3612388.81,0.139361195,503426.838
238,45,342,trailing,34,0,0.000569554429,1.16848815e-05,0.00057075107,0.859678969,0.140320991,0,0,0.140320991,0,0.999999713,0,2.86507972e-07,0.140320991,0,0,0,335088.976,0,0,335088.976,0,335088.976,0,0,0,145287811,2388017.54,0.140321031,335089.072
239,45,354,trailing,20,0,0.000398119997,1.097384e-05,0.000399720905,0.858883601,0.141116333,0,0,0.141116333,0,0.99999953,0,4.70407661e-07,0.141116333,0,0,0,193481.719,0,0,193481.719,0,193481.719,0,0,0,100402105,1371079.28,0.141116399,193481.81
240,39,6,leading,174,1.46581933e-06,47.3354536,0.00637977825,47.3666741,0.591626143,0.00645190199,0.315934232,0,0.00389066418,0.318495469,0.00952721168,0.779911504,0.210561284,0.00389066418,0.00256123781,0,0.315934232,85.0968856,4166.99125,0,51.3156284,4200.77251,51.3156284,33.7812572,0,4166.99125,138.198275,13189.4267,0.408373857,5386.21688
241,39,18,leading,161,6.04540242e-06,44.572866,0.00634932565,44.6133157,0.617739735,0.00675926411,0.289261389,0,0.00416254489,0.291858108,0.0108892953,0.763506269,0.225604436,0.00416254489,0.00259671923,0,0.289261389,301.973866,12922.9127,0,185.963997,13038.9226,185.963997,116.009869,0,12922.9127,518.716173,44790.5935,0.382260265,17077.6889
242,39,30,leading,154,1.15890965e-05,41.9608101,0.00613319557,42.0018166,0.63934691,0.00733409797,0.270693798,0,0.00433478281,0.273693113,0.0120192587,0.758881928,0.229098813,0.00433478281,0.00299931516,0,0.270693798,564.753546,20844.456,0,333.794827,21075.4147,333.794827,230.958719,0,20844.456,976.398338,77118.8588,0.36065309,27771.665
243,39,42,leading,149,1.78452399e-05,39.9136723,0.00592776575,39.9531275,0.655134079,0.00741463626,0.258686413,0,0.00431937753,0.261781672,0.0125248025,0.759082462,0.228392735,0.00431937753,0.00309525873,0,0.258686413,787.916284,27489.3104,0,458.998631,27818.228,458.998631,328.917653,0,27489.3104,1447.25955,106380.032,0.344865921,36647.1753
244,39,54,leading,145,2.46779085e-05,38.4622069,0.00584007181,38.4993048,0.666486383,0.00795556574,0.248426272,0,0.00475666883,0.251625169,0.0142622927,0.754467453,0.231270255,0.00475666883,0.00319889692,0,0.248426272,1032.27534,32234.5791,0,617.202103,32649.6524,617.202103,415.073233,0,32234.5791,1862.78809,129870.144,0.333513617,43275.0972
245,39,66,leading,143,2.91993755e-05,37.3229002,0.00585808402,37.3640335,0.674566318,0.00829701539,0.242425363,0,0.0052622356,0.245460142,0.0161699169,0.754255494,0.229574589,0.0052622356,0.00303477978,0,0.242425363,1222.38794,35716.1973,0,775.277978,36163.3073,775.277978,447.109958,0,35716.1973,2194.92442,147443.669,0.325433682,47945.6995
246,39,78,leading,142,3.1738313e-05,36.7572765,0.00583720309,36.7984888,0.678691063,0.00856870756,0.238834113,0,0.00551938606,0.241883434,0.0171778168,0.752806432,0.230015751,0.00551938606,0.00304932151,0,0.238834113,1349.5932,37616.9793,0,869.317323,38097.2552,869.317323,480.275882,0,37616.9793,2395.28249,157617.571,0.321308937,50606.9736
247,39,90,leading,141,3.25534227e-05,36.5749834,0.00579980664,36.6158374,0.680129847,0.0087286984,0.237626824,0,0.00567673923,0.240678783,0.0177470113,0.752426509,0.22982648,0.00567673923,0.00305195918,0,0.237626824,1406.33838,38285.6306,0,914.617037,38777.352,914.617037,491.721347,0,38285.6306,2467.85563,161231.654,0.319870153,51536.398
248,39,102,leading,142,3.1738313e-05,36.7572765,0.00583720309,36.7984888,0.678691063,0.00856870756,0.238834113,0,0.00551938606,0.241883434,0.0171778168,0.752806432,0.230015751,0.00551938606,0.00304932151,0,0.238834113,1349.5932,37616.9793,0,869.317323,38097.2552,869.317323,480.275882,0,37616.9793,2395.28249,157617.571,0.321308937,50606.9736
249,39,114,leading,143,2.91993755e-05,37.3229002,0.00585808402,37.3640335,0.674566318,0.00829701539,0.242425363,0,0.0052622356,0.245460142,0.0161699169,0.754255494,0.229574589,0.0052622356,0.00303477978,0,0.242425363,1222.38794,35716.1973,0,775.277978,36163.3073,775.277978,447.109958,0,35716.1973,2194.92442,147443.669,0.325433682,47945.6995
250,39,126,leading,145,2.46779085e-05,38.4622069,0.00584007181,38.4993048,0.666486383,0.00795556574,0.248426272,0,0.00475666883,0.251625169,0.0142622927,0.754467453,0.231270255,0.00475666883,0.00319889692,0,0.248426272,1032.27534,32234.5791,0,617.202103,32649.6524,617.202103,415.073233,0,32234.5791,1862.78809,129870.144,0.333513617,43275.0972
251,39,138,leading,149,1.78452399e-05,39.9136723,0.00592776575,39.9531275,0.655134079,0.00741463626,0.258686413,0,0.00431937753,0.261781672,0.0125248025,0.759082462,0.228392735,0.00431937753,0.00309525873,0,0.258686413,787.916284,27489.3104,0,458.998631,27818.228,458.998631,328.917653,0,27489.3104,1447.25955,106380.032,0.344865921,36647.1753
252,39,150,leading,154,1.15890965e-05,41.9608101,0.00613319557,42.0018166,0.63934691,0.00733409797,0.270693798,0,0.00433478281,0.273693113,0.0120192587,0.758881928,0.229098813,0.00433478281,0.00299931516,0,0.270693798,564.753546,20844.456,0,333.794827,21075.4147,333.794827,230.958719,0,20844.456,976.398338,77118.8588,0.36065309,27771.665
253,39,162,leading,161,6.04540242e-06,44.572866,0.00634932565,44.6133157,0.617739735,0.00675926411,0.289261389,0,0.00416254489,0.291858108,0.0108892953,0.763506269,0.225604436,0.00416254489,0.00259671923,0,0.289261389,301.973866,12922.9127,0,185.963997,13038.9226,185.963997,116.009869,0,12922.9127,518.716173,44790.5935,0.382260265,17077.6889
254,39,174,leading,174,1.46581933e-06,47.3354536,0.00637977825,47.3666741,0.591626143,0.00645190199,0.315934232,0,0.00389066418,0.318495469,0.00952721168,0.779911504,0.210561284,0.00389066418,0.00256123781,0,0.315934232,85.0968856,4166.99125,0,51.3156284,4200.77251,51.3156284,33.7812572,0,4166.99125,138.198275,13189.4267,0.408373857,5386.21688
255,39,186,trailing,25,0,0.000524433739,1.14923248e-05,0.000525725822,0.859207607,0.140792349,0,0,0.140792349,0,0.999999682,0,3.18193521e-07,0.140792349,0,0,0,301720.968,0,0,301720.968,0,301720.968,0,0,0,135961970,2143021.05,0.140792393,301721.064
256,39,198,trailing,42,0,0.000833633257,1.27627205e-05,0.000834422698,0.860641289,0.139358684,0,0,0.139358684,0,0.99999981,0,1.9046467e-07,0.139358684,0,0,0,504060.274,0,0,504060.274,0,504060.274,0,0,0,182147876,3616999.27,0.139358711,504060.37
257,39,210,trailing,51,0.151218808,0.00136184162,1.4741788e-05,0.00136233661,0.861907929,0.138092053,0,0,0.138092053,0,0.999999873,0,1.26687044e-07,0.138092053,0,0,0,757817.283,0,0,757817.283,0,757817.283,0,0,0,217479983,5448695.11,0.138092071,757817.379
258,39,222,trailing,55,1.04682583,0.00210335718,1.70159444e-05,0.00210385534,0.863009371,0.136990616,0,0,0.136990616,0,0.999999903,0,9.69745602e-08,0.136990616,0,0,0,1014353.87,0,0,1014353.87,0,1014353.87,0,0,0,240846226,7372500.31,0.136990629,1014353.97
259,39,234,trailing,60,1.70853081,0.0030134128,1.97501733e-05,0.00301430015,0.864992942,0.135007047,0,0,0.135007047,0,0.99999992,0,8.03185705e-08,0.135007047,0,0,0,1248252.71,0,0,1248252.71,0,1248252.71,0,0,0,255887181,9213784.09,0.135007058,1248252.81
260,39,246,trailing,62,2.05122689,0.00394309367,2.23429491e-05,0.00394497363,0.866045994,0.133953996,0,0,0.133953996,0,0.999999928,0,7.19899398e-08,0.133953996,0,0,0,1449687.74,0,0,1449687.74,0,1449687.74,0,0,0,265253283,10790230.3,0.133954006,1449687.85
261,39,258,trailing,63,2.21884295,0.00469559229,2.45739854e-05,0.00469808871,0.866657392,0.133342599,0,0,0.133342599,0,0.999999935,0,6.54853155e-08,0.133342599,0,0,0,1593683.23,0,0,1593683.23,0,1593683.23,0,0,0,270580249,11919743.5,0.133342608,1593683.33
262,39,270,trailing,65,2.27708865,0.0050127454,2.55083883e-05,0.0050157277,0.867179088,0.132820904,0,0,0.132820904,0,0.999999937,0,6.34099689e-08,0.132820904,0,0,0,1645842.36,0,0,1645842.36,0,1645842.36,0,0,0,272406071,12359390.9,0.132820912,1645842.47
263,39,282,trailing,63,2.21884295,0.00469559229,2.45739854e-05,0.00469808871,0.866657392,0.133342599,0,0,0.133342599,0,0.999999935,0,6.54853155e-08,0.133342599,0,0,0,1593683.23,0,0,1593683.23,0,1593683.23,0,0,0,270580249,11919743.5,0.133342608,1593683.33
264,39,294,trailing,62,2.05122689,0.00394309367,2.23429491e-05,0.00394497363,0.866045994,0.133953996,0,0,0.133953996,0,0.999999928,0,7.19899398e-08,0.133953996,0,0,0,1449687.74,0,0,1449687.74,0,1449687.74,0,0,0,265253283,10790230.3,0.133954006,1449687.85
265,39,306,trailing,60,1.70853081,0.0030134128,1.97501733e-05,0.00301430015,0.864992942,0.135007047,0,0,0.135007047,0,0.99999992,0,8.03185705e-08,0.135007047,0,0,0,1248252.71,0,0,1248252.71,0,1248252.71,0,0,0,255887181,9213784.09,0.135007058,1248252.81
266,39,318,trailing,55,1.04682583,0.00210335718,1.70159444e-05,0.00210385534,0.863009371,0.136990616,0,0,0.136990616,0,0.999999903,0,9.69745602e-08,0.136990616,0,0,0,1014353.87,0,0,1014353.87,0,1014353.87,0,0,0,240846226,7372500.31,0.136990629,1014353.97
267,39,330,trailing,51,0.151218808,0.00136184162,1.4741788e-05,0.00136233661,0.861907929,0.138092053,0,0,0.138092053,0,0.999999873,0,1.26687044e-07,0.138092053,0,0,0,757817.283,0,0,757817.283,0,757817.283,0,0,0,217479983,5448695.11,0.138092071,757817.379
268,39,342,trailing,42,0,0.000833633257,1.27627205e-05,0.000834422698,0.860641289,0.139358684,0,0,0.139358684,0,0.99999981,0,1.9046467e-07,0.139358684,0,0,0,504060.274,0,0,504060.274,0,504060.274,0,0,0,182147876,3616999.27,0.139358711,504060.37
269,39,354,trailing,25,0,0.000524433739,1.14923248e-05,0.000525725822,0.859207607,0.140792349,0,0,0.140792349,0,0.999999682,0,3.18193521e-07,0.140792349,0,0,0,301720.968,0,0,301720.968,0,301720.968,0,0,0,135961970,2143021.05,0.140792393,301721.064
270,33,6,leading,166,5.15509508e-06,45.5127563,0.00645981543,45.5493583,0.610860545,0.00606009407,0.295084368,0,0.00324107048,0.297903391,0.00832881487,0.765544041,0.226127144,0.00324107048,0.00281902359,0,0.295084368,216.777204,10555.5398,0,115.937177,10656.3798,115.937177,100.840027,0,10555.5398,404.634469,35886.3012,0.389139455,13920.0088
271,33,18,leading,153,1.21487372e-05,41.7612688,0.00610642951,41.8025974,0.641645075,0.00737648854,0.269071266,0,0.00434933602,0.272098419,0.0121369506,0.759298674,0.228564376,0.00434933602,0.00302715252,0,0.269071266,592.220527,21602.3554,0,349.185938,21845.39,349.185938,243.034589,0,21602.3554,1026.5795,80399.9243,0.358354925,28770.4836
272,33,30,leading,146,2.34403693e-05,38.7577688,0.00580399864,38.7961205,0.664591704,0.00771202896,0.250514202,0,0.00456897874,0.253657253,0.0136221399,0.756264098,0.230113762,0.00456897874,0.00314305022,0,0.250514202,962.289935,31258.6087,0,570.107073,31650.7916,570.107073,392.182862,0,31258.6087,1772.06956,124892.823,0.335408296,41851.5062
273,33,42,leading,140,3.31374481e-05,36.45568,0.00578301313,36.4966915,0.680906162,0.0087975559,0.237052234,0,0.0057467483,0.240103041,0.0180095872,0.752452766,0.229537647,0.0057467483,0.00305080761,0,0.237052234,1435.02574,38667.1095,0,937.388956,39164.7463,937.388956,497.636787,0,38667.1095,2508.45178,163231.446,0.319093838,52049.4416
274,33,54,leading,139,4.23125764e-05,34.8883099,0.00565217703,34.9269602,0.692850022,0.00955773331,0.22746975,0,0.00642168852,0.230605795,0.0209073383,0.750792157,0.228300505,0.00642168852,0.00313604479,0,0.22746975,1840.71031,43808.0766,0,1236.74389,44412.0431,1236.74389,603.966421,0,43808.0766,3131.42495,192703.621,0.307149978,59153.5789
275,33,66,leading,136,4.82724401e-05,33.9578224,0.00546114129,33.9946759,0.699927415,0.0100802451,0.221564405,0,0.00694925272,0.224695397,0.0231585725,0.748803484,0.228037944,0.00694925272,0.00313099241,0,0.221564405,2148.3789,47221.4997,0,1481.07786,47888.8007,1481.07786,667.301036,0,47221.4997,3594.07804,213242.68,0.300072585,63953.7632
276,33,78,leading,134,5.27602656e-05,33.3712181,0.00539018663,33.4086013,0.703502149,0.0102869979,0.218867049,0,0.00716372983,0.221990317,0.0241611526,0.748708014,0.227130834,0.00716372983,0.00312326805,0,0.218867049,2319.37639,49347.2511,0,1615.18317,50051.4443,1615.18317,704.193221,0,49347.2511,3883.036,225581.829,0.296497851,66850.4189
277,33,90,leading,133,5.37117154e-05,33.2151333,0.00537242556,33.2523257,0.704436513,0.010358221,0.218131691,0,0.00722079,0.221269122,0.0244305887,0.748634832,0.226934579,0.00722079,0.00313743095,0,0.218131691,2367.81316,49863.3009,0,1650.61951,50580.4946,1650.61951,717.193652,0,49863.3009,3957.58972,228707.688,0.295563487,67563.6404
278,33,102,leading,134,5.27602656e-05,33.3712181,0.00539018663,33.4086013,0.703502149,0.0102869979,0.218867049,0,0.00716372983,0.221990317,0.0241611526,0.748708014,0.227130834,0.00716372983,0.00312326805,0,0.218867049,2319.37639,49347.2511,0,1615.18317,50051.4443,1615.18317,704.193221,0,49347.2511,3883.036,225581.829,0.296497851,66850.4189
279,33,114,leading,136,4.82724401e-05,33.9578224,0.00546114129,33.9946759,0.699927415,0.0100802451,0.221564405,0,0.00694925272,0.224695397,0.0231585725,0.748803484,0.228037944,0.00694925272,0.00313099241,0,0.221564405,2148.3789,47221.4997,0,1481.07786,47888.8007,1481.07786,667.301036,0,47221.4997,3594.07804,213242.68,0.300072585,63953.7632
280,33,126,leading,139,4.23125764e-05,34.8883099,0.00565217703,34.9269602,0.692850022,0.00955773331,0.22746975,0,0.00642168852,0.230605795,0.0209073383,0.750792157,0.228300505,0.00642168852,0.00313604479,0,0.22746975,1840.71031,43808.0766,0,1236.74389,44412.0431,1236.74389,603.966421,0,43808.0766,3131.42495,192703.621,0.307149978,59153.5789
281,33,138,leading,140,3.31374481e-05,36.45568,0.00578301313,36.4966915,0.680906162,0.0087975559,0.237052234,0,0.0057467483,0.240103041,0.0180095872,0.752452766,0.229537647,0.0057467483,0.00305080761,0,0.237052234,1435.02574,38667.1095,0,937.388956,39164.7463,937.388956,497.636787,0,38667.1095,2508.45178,163231.446,0.319093838,52049.4416
282,33,150,leading,146,2.34403693e-05,38.7577688,0.00580399864,38.7961205,0.664591704,0.00771202896,0.250514202,0,0.00456897874,0.253657253,0.0136221399,0.756264098,0.230113762,0.00456897874,0.00314305022,0,0.250514202,962.289935,31258.6087,0,570.107073,31650.7916,570.107073,392.182862,0,31258.6087,1772.06956,124892.823,0.335408296,41851.5062
283,33,162,leading,153,1.21487372e-05,41.7612688,0.00610642951,41.8025974,0.641645075,0.00737648854,0.269071266,0,0.00434933602,0.272098419,0.0121369506,0.759298674,0.228564376,0.00434933602,0.00302715252,0,0.269071266,592.220527,21602.3554,0,349.185938,21845.39,349.185938,243.034589,0,21602.3554,1026.5795,80399.9243,0.358354925,28770.4836
284,33,174,leading,166,5.15509508e-06,45.5127563,0.00645981543,45.5493583,0.610860545,0.00606009407,0.295084368,0,0.00324107048,0.297903391,0.00832881487,0.765544041,0.226127144,0.00324107048,0.00281902359,0,0.295084368,216.777204,10555.5398,0,115.937177,10656.3798,115.937177,100.840027,0,10555.5398,404.634469,35886.3012,0.389139455,13920.0088
285,33,186,trailing,33,0,0.000757185274,1.24535318e-05,0.000758061165,0.860477985,0.139521986,0,0,0.139521986,0,0.999999791,0,2.09022998e-07,0.139521986,0,0,0,459306.752,0,0,459306.752,0,459306.752,0,0,0,173746953,3292002.48,0.139522015,459306.848
286,33,198,trailing,52,0.218813428,0.0014228932,1.49550291e-05,0.0014233661,0.862010568,0.137989415,0,0,0.137989415,0,0.999999877,0,1.22738541e-07,0.137989415,0,0,0,782196.257,0,0,782196.257,0,782196.257,0,0,0,220141993,5629449.78,0.137989432,782196.353
287,33,210,trailing,58,1.51019555,0.00268234504,1.87311968e-05,0.00268323786,0.864572895,0.135427094,0,0,0.135427094,0,0.999999916,0,8.43961614e-08,0.135427094,0,0,0,1165532.95,0,0,1165532.95,0,1165532.95,0,0,0,251260019,8574299.83,0.135427105,1165533.05
288,33,222,trailing,64,2.25070265,0.00483965749,2.5078273e-05,0.00484246866,0.867135881,0.132864111,0,0,0.132864111,0,0.999999935,0,6.46175779e-08,0.132864111,0,0,0,1615084.29,0,0,1615084.29,0,1615084.29,0,0,0,271443825,12123861,0.132864119,1615084.4
289,33,234,trailing,67,2.59093814,0.00819535825,3.31282912e-05,0.00820278429,0.870497126,0.129502867,0,0,0.129502867,0,0.99999995,0,4.98300729e-08,0.129502867,0,0,0,2094365.92,0,0,2094365.92,0,2094365.92,0,0,0,284011338,16140301.5,0.129502874,2094366.02
290,33,246,trailing,69,2.76979508,0.0126763322,4.38521184e-05,0.0126917126,0.873834724,0.126165271,0,0,0.126165271,0,0.999999959,0,4.06172978e-08,0.126165271,0,0,0,2569402.47,0,0,2569402.47,0,2569402.47,0,0,0,291469519,20333320,0.126165276,2569402.57
291,33,258,trailing,71,2.84614893,0.016894146,5.43936294e-05,0.0169181738,0.87766322,0.122336775,0,0,0.122336775,0,0.999999964,0,3.60252206e-08,0.122336775,0,0,0,2896928.71,0,0,2896928.71,0,2896928.71,0,0,0,295097568,23647899.1,0.12233678,2896928.81
292,33,270,trailing,72,2.86626353,0.0186850534,5.93205353e-05,0.0187124108,0.878971353,0.121028643,0,0,0.121028643,0,0.999999965,0,3.45495519e-08,0.121028643,0,0,0,3020658.58,0,0,3020658.58,0,3020658.58,0,0,0,296147097,24940519.1,0.121028647,3020658.68
293,33,282,trailing,71,2.84614893,0.016894146,5.43936294e-05,0.0169181738,0.87766322,0.122336775,0,0,0.122336775,0,0.999999964,0,3.60252206e-08,0.122336775,0,0,0,2896928.71,0,0,2896928.71,0,2896928.71,0,0,0,295097568,23647899.1,0.12233678,2896928.81
294,33,294,trailing,69,2.76979508,0.0126763322,4.38521184e-05,0.0126917126,0.873834724,0.126165271,0,0,0.126165271,0,0.999999959,0,4.06172978e-08,0.126165271,0,0,0,2569402.47,0,0,2569402.47,0,2569402.47,0,0,0,291469519,20333320,0.126165276,2569402.57
295,33,306,trailing,67,2.59093814,0.00819535825,3.31282912e-05,0.00820278429,0.870497126,0.129502867,0,0,0.129502867,0,0.99999995,0,4.98300729e-08,0.129502867,0,0,0,2094365.92,0,0,2094365.92,0,2094365.92,0,0,0,284011338,16140301.5,0.129502874,2094366.02
296,33,318,trailing,64,2.25070265,0.00483965749,2.5078273e-05,0.00484246866,0.867135881,0.132864111,0,0,0.132864111,0,0.999999935,0,6.46175779e-08,0.132864111,0,0,0,1615084.29,0,0,1615084.29,0,1615084.29,0,0,0,271443825,12123861,0.132864119,1615084.4
297,33,330,trailing,58,1.51019555,0.00268234504,1.87311968e-05,0.00268323786,0.864572895,0.135427094,0,0,0.135427094,0,0.999999916,0,8.43961614e-08,0.135427094,0,0,0,1165532.95,0,0,1165532.95,0,1165532.95,0,0,0,251260019,8574299.83,0.135427105,1165533.05
298,33,342,trailing,52,0.218813428,0.0014228932,1.49550291e-05,0.0014233661,0.862010568,0.137989415,0,0,0.137989415,0,0.999999877,0,1.22738541e-07,0.137989415,0,0,0,782196.257,0,0,782196.257,0,782196.257,0,0,0,220141993,5629449.78,0.137989432,782196.353
299,33,354,trailing,33,0,0.000757185274,1.24535318e-05,0.000758061165,0.860477985,0.139521986,0,0,0.139521986,0,0.999999791,0,2.09022998e-07,0.139521986,0,0,0,459306.752,0,0,459306.752,0,459306.752,0,0,0,173746953,3292002.48,0.139522015,459306.848
300,27,6,leading,155,1.03856813e-05,42.4470688,0.0061143118,42.4885606,0.633198078,0.00733596877,0.27543445,0,0.00438104509,0.278389374,0.0119438989,0.758963781,0.229092321,0.00438104509,0.00295492369,0,0.27543445,507.454199,19052.7485,0,303.051961,19257.1508,303.051961,204.402238,0,19052.7485,859.404226,69288.4809,0.366801922,25372.9509
301,27,18,leading,144,2.56969083e-05,38.1330954,0.00589532387,38.1712319,0.669402492,0.00835299698,0.245903805,0,0.0052125719,0.24904423,0.015767124,0.75331551,0.230917366,0.0052125719,0.00314042509,0,0.245903805,1123.09815,33062.8766,0,700.853819,33485.1209,700.853819,422.244328,0,33062.8766,1949.84666,134569.545,0.330597508,44450.3272
302,27,30,leading,138,4.23799099e-05,34.8285549,0.00563994361,34.8673072,0.693224811,0.00962650824,0.227155357,0,0.0064773188,0.230304546,0.0211142199,0.75072742,0.22815836,0.0064773188,0.00314918944,0,0.227155357,1864.89945,44005.7692,0,1254.82137,44615.8473,1254.82137,610.078079,0,44005.7692,3156.44003,193840.468,0.306775189,59430.1554
303,27,42,leading,132,5.89084873e-05,32.6624038,0.00531071769,32.6996571,0.707777145,0.0104544007,0.215704822,0,0.00736819282,0.21879103,0.0252142935,0.748712931,0.226072776,0.00736819282,0.00308620788,0,0.215704822,2516.27947,51918.195,0,1773.45721,52661.0173,1773.45721,742.822256,0,51918.195,4250.90701,240805.969,0.292222855,70335.3918
304,27,54,leading,131,7.01430398e-05,31.2557705,0.00516517342,31.2905236,0.717804795,0.0112306962,0.207487926,0,0.00805521395,0.210663409,0.0285448293,0.746516613,0.224938557,0.00805521395,0.00317548222,0,0.207487926,3084.82907,56992.4409,0,2212.59286,57864.6771,2212.59286,872.236212,0,56992.4409,5116.80703,274793.397,0.282195205,77512.9128
305,27,66,leading,129,8.07524274e-05,30.4153172,0.00501732055,30.448319,0.725228121,0.0113960395,0.2014481,0,0.00831155427,0.204532586,0.0302489261,0.744372335,0.225378739,0.00831155427,0.00308448527,0,0.2014481,3405.76369,60203.7771,0,2483.94976,61125.5911,2483.94976,921.813925,0,60203.7771,5769.5708,298970.074,0.274771879,82116.957
306,27,78,leading,128,8.61068587e-05,29.9639922,0.00494142367,29.9964714,0.728175677,0.0115869422,0.199250531,0,0.00850223652,0.202335237,0.0312784243,0.744360306,0.22436127,0.00850223652,0.00308470573,0,0.199250531,3605.98185,62008.9219,0,2645.98803,62968.9157,2645.98803,959.993812,0,62008.9219,6114.816,311325.868,0.271824323,84594.6717
307,27,90,leading,127,8.70399674e-05,29.8275763,0.00491776222,29.8600458,0.728973485,0.0116813654,0.198525574,0,0.00856343857,0.201643501,0.0315963128,0.743999165,0.224404522,0.00856343857,0.00311792682,0,0.198525574,3678.09996,62509.5511,0,2696.36143,63491.2896,2696.36143,981.738532,0,62509.5511,6218.51283,314984.051,0.271026515,85337.8506
308,27,102,leading,128,8.61068587e-05,29.9639922,0.00494142367,29.9964714,0.728175677,0.0115869422,0.199250531,0,0.00850223652,0.202335237,0.0312784243,0.744360306,0.22436127,0.00850223652,0.00308470573,0,0.199250531,3605.98185,62008.9219,0,2645.98803,62968.9157,2645.98803,959.993812,0,62008.9219,6114.816,311325.868,0.271824323,84594.6717
309,27,114,leading,129,8.07524274e-05,30.4153172,0.00501732055,30.448319,0.725228121,0.0113960395,0.2014481,0,0.00831155427,0.204532586,0.0302489261,0.744372335,0.225378739,0.00831155427,0.00308448527,0,0.2014481,3405.76369,60203.7771,0,2483.94976,61125.5911,2483.94976,921.813925,0,60203.7771,5769.5708,298970.074,0.274771879,82116.957
310,27,126,leading,131,7.01430398e-05,31.2557705,0.00516517342,31.2905236,0.717804795,0.0112306962,0.207487926,0,0.00805521395,0.210663409,0.0285448293,0.746516613,0.224938557,0.00805521395,0.00317548222,0,0.207487926,3084.82907,56992.4409,0,2212.59286,57864.6771,2212.59286,872.236212,0,56992.4409,5116.80703,274793.397,0.282195205,77512.9128
311,27,138,leading,132,5.89084873e-05,32.6624038,0.00531071769,32.6996571,0.707777145,0.0104544007,0.215704822,0,0.00736819282,0.21879103,0.0252142935,0.748712931,0.226072776,0.00736819282,0.00308620788,0,0.215704822,2516.27947,51918.195,0,1773.45721,52661.0173,1773.45721,742.822256,0,51918.195,4250.90701,240805.969,0.292222855,70335.3918
312,27,150,leading,138,4.23799099e-05,34.8285549,0.00563994361,34.8673072,0.693224811,0.00962650824,0.227155357,0,0.0064773188,0.230304546,0.0211142199,0.75072742,0.22815836,0.0064773188,0.00314918944,0,0.227155357,1864.89945,44005.7692,0,1254.82137,44615.8473,1254.82137,610.078079,0,44005.7692,3156.44003,193840.468,0.306775189,59430.1554
313,27,162,leading,144,2.56969083e-05,38.1330954,0.00589532387,38.1712319,0.669402492,0.00835299698,0.245903805,0,0.0052125719,0.24904423,0.015767124,0.75331551,0.230917366,0.0052125719,0.00314042509,0,0.245903805,1123.09815,33062.8766,0,700.853819,33485.1209,700.853819,422.244328,0,33062.8766,1949.84666,134569.545,0.330597508,44450.3272
314,27,174,leading,155,1.03856813e-05,42.4470688,0.0061143118,42.4885606,0.633198078,0.00733596877,0.27543445,0,0.00438104509,0.278389374,0.0119438989,0.758963781,0.229092321,0.00438104509,0.00295492369,0,0.27543445,507.454199,19052.7485,0,303.051961,19257.1508,303.051961,204.402238,0,19052.7485,859.404226,69288.4809,0.366801922,25372.9509
315,27,186,trailing,43,0.0628841522,0.00126236346,1.4387509e-05,0.00126288546,0.861661865,0.138338116,0,0,0.138338116,0,0.999999866,0,1.33818791e-07,0.138338116,0,0,0,717430.198,0,0,717430.198,0,717430.198,0,0,0,212766338,5146989.31,0.138338135,717430.294
316,27,198,trailing,61,1.7584929,0.00311801487,2.00481398e-05,0.00311893478,0.865014029,0.13498596,0,0,0.13498596,0,0.999999918,0,8.18937565e-08,0.13498596,0,0,0,1274370.62,0,0,1274370.62,0,1274370.62,0,0,0,257192053,9408714.65,0.134985971,1274370.73
317,27,210,trailing,66,2.58419513,0.00805887266,3.28633909e-05,0.00806605058,0.870315263,0.12968473,0,0,0.12968473,0,0.99999995,0,5.0195281e-08,0.12968473,0,0,0,2079128.17,0,0,2079128.17,0,2079128.17,0,0,0,283683024,16000123.9,0.129684737,2079128.28
318,27,222,trailing,73,2.88955527,0.0211526881,6.67232275e-05,0.0211845961,0.881441998,0.118557998,0,0,0.118557998,0,0.999999967,0,3.30501201e-08,0.118557998,0,0,0,3157686.19,0,0,3157686.19,0,3157686.19,0,0,0,297270054,26616412.6,0.118558002,3157686.3
319,27,234,trailing,74,2.9348014,0.0307014929,9.77633608e-05,0.0307514693,0.890239409,0.109760587,0,0,0.109760587,0,0.999999971,0,2.93111861e-08,0.109760587,0,0,0,3560428.07,0,0,3560428.07,0,3560428.07,0,0,0,299606107,32420435.5,0.109760591,3560428.17
320,27,246,trailing,76,2.9404929,0.0335298193,0.000106675559,0.0335832228,0.892934135,0.107065862,0,0,0.107065862,0,0.999999971,0,2.87041742e-08,0.107065862,0,0,0,3635808.56,0,0,3635808.56,0,3635808.56,0,0,0,299914369,33940923.4,0.107065865,3635808.67
321,27,258,trailing,77,2.94201362,0.0345606781,0.000109852685,0.0346152042,0.893929498,0.106070499,0,0,0.106070499,0,0.999999971,0,2.85243792e-08,0.106070499,0,0,0,3658783.67,0,0,3658783.67,0,3658783.67,0,0,0,299998359,34476192.4,0.106070502,3658783.77
322,27,270,trailing,78,2.94246581,0.0348565925,0.000110788645,0.0349114779,0.894216096,0.105783901,0,0,0.105783901,0,0.999999972,0,2.84746561e-08,0.105783901,0,0,0,3665191.3,0,0,3665191.3,0,3665191.3,0,0,0,300020252,34630218.7,0.105783904,3665191.41
323,27,282,trailing,77,2.94201362,0.0345606781,0.000109852685,0.0346152042,0.893929498,0.106070499,0,0,0.106070499,0,0.999999971,0,2.85243792e-08,0.106070499,0,0,0,3658783.67,0,0,3658783.67,0,3658783.67,0,0,0,299998359,34476192.4,0.106070502,3658783.77
324,27,294,trailing,76,2.9404929,0.0335298193,0.000106675559,0.0335832228,0.892934135,0.107065862,0,0,0.107065862,0,0.999999971,0,2.87041742e-08,0.107065862,0,0,0,3635808.56,0,0,3635808.56,0,3635808.56,0,0,0,299914369,33940923.4,0.107065865,3635808.67
325,27,306,trailing,74,2.9348014,0.0307014929,9.77633608e-05,0.0307514693,0.890239409,0.109760587,0,0,0.109760587,0,0.999999971,0,2.93111861e-08,0.109760587,0,0,0,3560428.07,0,0,3560428.07,0,3560428.07,0,0,0,299606107,32420435.5,0.109760591,3560428.17
326,27,318,trailing,73,2.88955527,0.0211526881,6.67232275e-05,0.0211845961,0.881441998,0.118557998,0,0,0.118557998,0,0.999999967,0,3.30501201e-08,0.118557998,0,0,0,3157686.19,0,0,3157686.19,0,3157686.19,0,0,0,297270054,26616412.6,0.118558002,3157686.3
327,27,330,trailing,66,2.58419513,0.00805887266,3.28633909e-05,0.00806605058,0.870315263,0.12968473,0,0,0.12968473,0,0.99999995,0,5.0195281e-08,0.12968473,0,0,0,2079128.17,0,0,2079128.17,0,2079128.17,0,0,0,283683024,16000123.9,0.129684737,2079128.28
328,27,342,trailing,61,1.7584929,0.00311801487,2.00481398e-05,0.00311893478,0.865014029,0.13498596,0,0,0.13498596,0,0.999999918,0,8.18937565e-08,0.13498596,0,0,0,1274370.62,0,0,1274370.62,0,1274370.62,0,0,0,257192053,9408714.65,0.134985971,1274370.73
329,27,354,trailing,43,0.0628841522,0.00126236346,1.4387509e-05,0.00126288546,0.861661865,0.138338116,0,0,0.138338116,0,0.999999866,0,1.33818791e-07,0.138338116,0,0,0,717430.198,0,0,717430.198,0,717430.198,0,0,0,212766338,5146989.31,0.138338135,717430.294
330,21,6,leading,147,2.25462467e-05,38.9612859,0.00580256121,39.0002692,0.663223303,0.00768923104,0.251767452,0,0.0045714449,0.254885238,0.0135741129,0.756837515,0.229588372,0.0045714449,0.00311778614,0,0.251767452,934.66286,30603.5396,0,555.681023,30982.5215,555.681023,378.981838,0,30603.5396,1714.06602,121669.821,0.336776697,40936.8205
331,21,18,leading,135,4.90356745e-05,33.8189732,0.00544061513,33.8557234,0.700758698,0.0101083531,0.220956384,0,0.00698867203,0.224076065,0.0233546371,0.74881396,0.227831403,0.00698867203,0.00311968112,0,0.220956384,2184.57839,47752.2435,0,1510.36491,48426.4569,1510.36491,674.213479,0,47752.2435,3663.3097,216231.19,0.299241302,64670.8789
332,21,30,leading,130,7.66027035e-05,30.6944103,0.00508461966,30.7283886,0.722913061,0.0112576142,0.20341847,0,0.0081575083,0.206518576,0.0294402483,0.7453205,0.225239252,0.0081575083,0.00310010594,0,0.20341847,3270.81994,59101.7932,0,2370.10616,60002.507,2370.10616,900.713784,0,59101.7932,5541.63411,290657.952,0.277086939,80505.6442
333,21,42,leading,125,9.5353005e-05,28.9296344,0.0047465503,28.9613609,0.736432135,0.0121405767,0.192153476,0,0.00904207546,0.195251977,0.0343064412,0.740803427,0.224890132,0.00904207546,0.00309850123,0,0.192153476,4176.73826,66106.8083,0,3110.75688,67172.7896,3110.75688,1065.98138,0,66106.8083,7069.752,344146.325,0.263567865,90675.5925
334,21,54,leading,123,0.000114033914,27.8287933,0.00457383836,27.8593158,0.744356386,0.0122691142,0.185693287,0,0.00924489002,0.188717511,0.0361631957,0.73820546,0.225631344,0.00924489002,0.00302422418,0,0.185693287,4673.3483,70731.2193,0,3521.41078,71883.1569,3521.41078,1151.93752,0,70731.2193,8207.40885,381018.527,0.255643614,97375.5421
335,21,66,leading,122,0.000121187666,27.2344724,0.00444805892,27.2636256,0.748946669,0.012393727,0.182225383,0,0.00940147274,0.185217637,0.0374481099,0.737762117,0.224789773,0.00940147274,0.00299225422,0,0.182225383,4986.99813,73324.0008,0,3782.9724,74528.0265,3782.9724,1204.02573,0,73324.0008,8901.0788,402495.852,0.251053331,101019.048
336,21,78,leading,121,0.000126918915,26.8850572,0.00440069589,26.9135421,0.75203231,0.0123175228,0.179809112,0,0.00936553523,0.182761099,0.0377691756,0.737035938,0.225194886,0.00936553523,0.00295198753,0,0.179809112,5121.99114,74769.9594,0,3894.46721,75997.4833,3894.46721,1227.52393,0,74769.9594,9346.78078,415944.656,0.24796769,103112.317
337,21,90,leading,120,0.000128550179,26.7886537,0.00438639267,26.8170805,0.75273431,0.0124244463,0.179263745,0,0.00949040624,0.182197785,0.0383814117,0.73685025,0.224768339,0.00949040624,0.00293404008,0,0.179263745,5207.98184,75142.369,0,3978.11396,76372.2368,3978.11396,1229.86788,0,75142.369,9459.32827,419287.152,0.24726569,103646.89
338,21,102,leading,121,0.000126918915,26.8850572,0.00440069589,26.9135421,0.75203231,0.0123175228,0.179809112,0,0.00936553523,0.182761099,0.0377691756,0.737035938,0.225194886,0.00936553523,0.00295198753,0,0.179809112,5121.99114,74769.9594,0,3894.46721,75997.4833,3894.46721,1227.52393,0,74769.9594,9346.78078,415944.656,0.24796769,103112.317
339,21,114,leading,122,0.000121187666,27.2344724,0.00444805892,27.2636256,0.748946669,0.012393727,0.182225383,0,0.00940147274,0.185217637,0.0374481099,0.737762117,0.224789773,0.00940147274,0.00299225422,0,0.182225383,4986.99813,73324.0008,0,3782.9724,74528.0265,3782.9724,1204.02573,0,73324.0008,8901.0788,402495.852,0.251053331,101019.048
340,21,126,leading,123,0.000114033914,27.8287933,0.00457383836,27.8593158,0.744356386,0.0122691142,0.185693287,0,0.00924489002,0.188717511,0.0361631957,0.73820546,0.225631344,0.00924489002,0.00302422418,0,0.185693287,4673.3483,70731.2193,0,3521.41078,71883.1569,3521.41078,1151.93752,0,70731.2193,8207.40885,381018.527,0.255643614,97375.5421
341,21,138,leading,125,9.5353005e-05,28.9296344,0.0047465503,28.9613609,0.736432135,0.0121405767,0.192153476,0,0.00904207546,0.195251977,0.0343064412,0.740803427,0.224890132,0.00904207546,0.00309850123,0,0.192153476,4176.73826,66106.8083,0,3110.75688,67172.7896,3110.75688,1065.98138,0,66106.8083,7069.752,344146.325,0.263567865,90675.5925
342,21,150,leading,130,7.66027035e-05,30.6944103,0.00508461966,30.7283886,0.722913061,0.0112576142,0.20341847,0,0.0081575083,0.206518576,0.0294402483,0.7453205,0.225239252,0.0081575083,0.00310010594,0,0.20341847,3270.81994,59101.7932,0,2370.10616,60002.507,2370.10616,900.713784,0,59101.7932,5541.63411,290657.952,0.277086939,80505.6442
343,21,162,leading,135,4.90356745e-05,33.8189732,0.00544061513,33.8557234,0.700758698,0.0101083531,0.220956384,0,0.00698867203,0.224076065,0.0233546371,0.74881396,0.227831403,0.00698867203,0.00311968112,0,0.220956384,2184.57839,47752.2435,0,1510.36491,48426.4569,1510.36491,674.213479,0,47752.2435,3663.3097,216231.19,0.299241302,64670.8789
344,21,174,leading,147,2.25462467e-05,38.9612859,0.00580256121,39.0002692,0.663223303,0.00768923104,0.251767452,0,0.0045714449,0.254885238,0.0135741129,0.756837515,0.229588372,0.0045714449,0.00311778614,0,0.251767452,934.66286,30603.5396,0,555.681023,30982.5215,555.681023,378.981838,0,30603.5396,1714.06602,121669.821,0.336776697,40936.8205
345,21,186,trailing,59,1.5396368,0.00272493885,1.88596056e-05,0.00272586357,0.864530005,0.135469984,0,0,0.135469984,0,0.999999916,0,8.35456133e-08,0.135469984,0,0,0,1177398.8,0,0,1177398.8,0,1177398.8,0,0,0,251906304,8659165.2,0.135469995,1177398.89
346,21,198,trailing,70,2.7931769,0.0137669677,4.6604294e-05,0.0137846471,0.87457372,0.125426275,0,0,0.125426275,0,0.999999961,0,3.91141027e-08,0.125426275,0,0,0,2668148.64,0,0,2668148.64,0,2668148.64,0,0,0,292617912,21240594.8,0.12542628,2668148.74
347,21,210,trailing,75,2.93803308,0.0321676558,0.000102442832,0.0322194038,0.891645185,0.108354812,0,0,0.108354812,0,0.999999971,0,2.89791286e-08,0.108354812,0,0,0,3601256.15,0,0,3601256.15,0,3601256.15,0,0,0,299780987,33218081.8,0.108354815,3601256.26
348,21,222,trailing,80,2.94370908,0.0359062369,0.000113985237,0.0359622609,0.895250287,0.10474971,0,0,0.10474971,0,0.999999972,0,2.83225823e-08,0.10474971,0,0,0,3684945.1,0,0,3684945.1,0,3684945.1,0,0,0,300088009,35160877.4,0.104749713,3684945.21
349,21,234,trailing,82,2.94479777,0.0369990408,0.000117463483,0.0370556598,0.896278823,0.10370503,1.2823073e-05,0,0.103705,1.28537126e-05,0.999844035,0.000123925635,3.20390014e-05,0.103705,3.06396489e-08,0,1.2823073e-05,3704754.87,458.091009,0,3704753.77,459.185579,3704753.77,1.09456974,0,458.091009,300145387,35706271.7,0.103721177,3705331.67
350,21,246,trailing,83,2.94508211,0.0374508282,0.000119637236,0.0375075591,0.896665916,0.103232214,7.85616677e-05,0,0.103231902,7.88743223e-05,0.99901115,0.00076329435,0.00022555549,0.103231902,3.12654619e-07,0,7.85616677e-05,3710290.66,2823.60137,0,3710279.42,2834.83855,3710279.42,11.2371852,0,2823.60137,300164797,35923516.4,0.103334084,3713951.97
351,21,258,trailing,84,2.94522456,0.0376599104,0.000120804055,0.0377167292,0.896798828,0.103033516,0.000127247134,0,0.103032603,0.000128159797,0.998366603,0.00124184439,0.000391552387,0.103032603,9.12662419e-07,0,0.000127247134,3713481.18,4586.176,0,3713448.29,4619.06971,3713448.29,32.8937112,0,4586.176,300173092,36023794.2,0.103201172,3719523.75
352,21,270,trailing,86,2.94525429,0.0377364273,0.000121246514,0.0377932619,0.896855115,0.102953254,0.000145105314,0,0.10295195,0.000146408862,0.998129473,0.00141944859,0.000451078718,0.10295195,1.30354858e-06,0,0.000145105314,3714206.43,5234.9107,0,3714159.4,5281.93834,3714159.4,47.0276399,0,5234.9107,300175900,36058936.7,0.103144885,3721119.86
353,21,282,trailing,84,2.94522456,0.0376599104,0.000120804055,0.0377167292,0.896798828,0.103033516,0.000127247134,0,0.103032603,0.000128159797,0.998366603,0.00124184439,0.000391552387,0.103032603,9.12662419e-07,0,0.000127247134,3713481.18,4586.176,0,3713448.29,4619.06971,3713448.29,32.8937112,0,4586.176,300173092,36023794.2,0.103201172,3719523.75
354,21,294,trailing,83,2.94508211,0.0374508282,0.000119637236,0.0375075591,0.896665916,0.103232214,7.85616677e-05,0,0.103231902,7.88743223e-05,0.99901115,0.00076329435,0.00022555549,0.103231902,3.12654619e-07,0,7.85616677e-05,3710290.66,2823.60137,0,3710279.42,2834.83855,3710279.42,11.2371852,0,2823.60137,300164797,35923516.4,0.103334084,3713951.97
355,21,306,trailing,82,2.94479777,0.0369990408,0.000117463483,0.0370556598,0.896278823,0.10370503,1.2823073e-05,0,0.103705,1.28537126e-05,0.999844035,0.000123925635,3.20390014e-05,0.103705,3.06396489e-08,0,1.2823073e-05,3704754.87,458.091009,0,3704753.77,459.185579,3704753.77,1.09456974,0,458.091009,300145387,35706271.7,0.103721177,3705331.67
356,21,318,trailing,80,2.94370908,0.0359062369,0.000113985237,0.0359622609,0.895250287,0.10474971,0,0,0.10474971,0,0.999999972,0,2.83225823e-08,0.10474971,0,0,0,3684945.1,0,0,3684945.1,0,3684945.1,0,0,0,300088009,35160877.4,0.104749713,3684945.21
357,21,330,trailing,75,2.93803308,0.0321676558,0.000102442832,0.0322194038,0.891645185,0.108354812,0,0,0.108354812,0,0.999999971,0,2.89791286e-08,0.108354812,0,0,0,3601256.15,0,0,3601256.15,0,3601256.15,0,0,0,299780987,33218081.8,0.108354815,3601256.26
358,21,342,trailing,70,2.7931769,0.0137669677,4.6604294e-05,0.0137846471,0.87457372,0.125426275,0,0,0.125426275,0,0.999999961,0,3.91141027e-08,0.125426275,0,0,0,2668148.64,0,0,2668148.64,0,2668148.64,0,0,0,292617912,21240594.8,0.12542628,2668148.74
359,21,354,trailing,59,1.5396368,0.00272493885,1.88596056e-05,0.00272586357,0.864530005,0.135469984,0,0,0.135469984,0,0.999999916,0,8.35456133e-08,0.135469984,0,0,0,1177398.8,0,0,1177398.8,0,1177398.8,0,0,0,251906304,8659165.2,0.135469995,1177398.89
360,15,6,leading,137,4.77965679e-05,34.0813841,0.00548383648,34.1185206,0.699052693,0.0100365765,0.222274182,0,0.00688233601,0.225428423,0.0228689071,0.749062767,0.228068326,0.00688233601,0.00315424046,0,0.222274182,2111.01991,46751.5219,0,1447.5801,47414.9617,1447.5801,663.439813,0,46751.5219,3529.67916,210447.703,0.300947307,63299.0502
361,15,18,leading,126,9.46203462e-05,29.0227288,0.00475665049,29.0544739,0.73572365,0.0120890816,0.192713651,0,0.00900565966,0.195797073,0.0340766764,0.740880039,0.225043284,0.00900565966,0.00308342194,0,0.192713651,4123.0648,65726.3221,0,3071.44245,66777.9444,3071.44245,1051.62236,0,65726.3221,6980.96364,341171.944,0.26427635,90133.2751
362,15,30,leading,119,0.000130634276,26.6679446,0.00436836367,26.696307,0.753606755,0.0125659507,0.178585266,0,0.00965502219,0.181496194,0.0391854176,0.736611891,0.224202691,0.00965502219,0.00291092854,0,0.178585266,5320.83921,75618.9089,0,4088.25578,76851.4923,4088.25578,1232.58344,0,75618.9089,9602.87858,423548.08,0.246393245,104331.05
363,15,42,leading,118,0.000152198702,25.4224519,0.00416936383,25.449015,0.762573185,0.0128571171,0.171421665,0,0.00992808156,0.1743507,0.0418153339,0.734334494,0.223850172,0.00992808156,0.00292903554,0,0.171421665,6081.0941,81078.1503,0,4695.73371,82463.5107,4695.73371,1385.36039,0,81078.1503,11339.8823,473089.922,0.237426815,112296.932
364,15,54,leading,117,0.00016893155,24.7590891,0.0040571472,24.7844647,0.7672817,0.0133655683,0.167502769,0,0.0103982614,0.170470076,0.044681752,0.732516851,0.222801397,0.0103982614,0.00296730694,0,0.167502769,6706.67327,84050.7729,0,5217.71615,85539.73,5217.71615,1488.95712,0,84050.7729,12404.1615,501902.347,0.2327183,116775.102
365,15,66,leading,115,0.000176632958,24.3355979,0.00399929814,24.3616697,0.770343947,0.0134649719,0.164887508,0,0.0105499092,0.167802571,0.045937867,0.730669053,0.22339308,0.0105499092,0.00291506266,0,0.164887508,6998.63692,85702.9492,0,5483.48595,87218.1002,5483.48595,1515.15097,0,85702.9492,13088.1698,519881.168,0.229656053,119367.448
366,15,78,leading,114,0.000187314902,24.1211208,0.00404055571,24.1488045,0.771374881,0.0139184952,0.163912854,0,0.0110048833,0.166826466,0.0481350574,0.729694384,0.222170559,0.0110048833,0.00291361196,0,0.163912854,7358.95698,86663.6529,0,5818.4783,88204.1315,5818.4783,1540.47868,0,86663.6529,13434.4324,528832.87,0.228625119,120878.183
367,15,90,leading,113,0.000190040394,24.0645463,0.00402926531,24.0921883,0.772009946,0.0138823495,0.163429702,0,0.0109867392,0.166325313,0.048189555,0.729528811,0.222281634,0.0109867392,0.00289561025,0,0.163429702,7388.97785,86986.6052,0,5847.769,88527.8141,5847.769,1541.20886,0,86986.6052,13572.855,532372.027,0.227990054,121349.305
368,15,102,leading,114,0.000187314902,24.1211208,0.00404055571,24.1488045,0.771374881,0.0139184952,0.163912854,0,0.0110048833,0.166826466,0.0481350574,0.729694384,0.222170559,0.0110048833,0.00291361196,0,0.163912854,7358.95698,86663.6529,0,5818.4783,88204.1315,5818.4783,1540.47868,0,86663.6529,13434.4324,528832.87,0.228625119,120878.183
369,15,114,leading,115,0.000176632958,24.3355979,0.00399929814,24.3616697,0.770343947,0.0134649719,0.164887508,0,0.0105499092,0.167802571,0.045937867,0.730669053,0.22339308,0.0105499092,0.00291506266,0,0.164887508,6998.63692,85702.9492,0,5483.48595,87218.1002,5483.48595,1515.15097,0,85702.9492,13088.1698,519881.168,0.229656053,119367.448
370,15,126,leading,117,0.00016893155,24.7590891,0.0040571472,24.7844647,0.7672817,0.0133655683,0.167502769,0,0.0103982614,0.170470076,0.044681752,0.732516851,0.222801397,0.0103982614,0.00296730694,0,0.167502769,6706.67327,84050.7729,0,5217.71615,85539.73,5217.71615,1488.95712,0,84050.7729,12404.1615,501902.347,0.2327183,116775.102
371,15,138,leading,118,0.000152198702,25.4224519,0.00416936383,25.449015,0.762573185,0.0128571171,0.171421665,0,0.00992808156,0.1743507,0.0418153339,0.734334494,0.223850172,0.00992808156,0.00292903554,0,0.171421665,6081.0941,81078.1503,0,4695.73371,82463.5107,4695.73371,1385.36039,0,81078.1503,11339.8823,473089.922,0.237426815,112296.932
372,15,150,leading,119,0.000130634276,26.6679446,0.00436836367,26.696307,0.753606755,0.0125659507,0.178585266,0,0.00965502219,0.181496194,0.0391854176,0.736611891,0.224202691,0.00965502219,0.00291092854,0,0.178585266,5320.83921,75618.9089,0,4088.25578,76851.4923,4088.25578,1232.58344,0,75618.9089,9602.87858,423548.08,0.246393245,104331.05
373,15,162,leading,126,9.46203462e-05,29.0227288,0.00475665049,29.0544739,0.73572365,0.0120890816,0.192713651,0,0.00900565966,0.195797073,0.0340766764,0.740880039,0.225043284,0.00900565966,0.00308342194,0,0.192713651,4123.0648,65726.3221,0,3071.44245,66777.9444,3071.44245,1051.62236,0,65726.3221,6980.96364,341171.944,0.26427635,90133.2751
374,15,174,leading,137,4.77965679e-05,34.0813841,0.00548383648,34.1185206,0.699052693,0.0100365765,0.222274182,0,0.00688233601,0.225428423,0.0228689071,0.749062767,0.228068326,0.00688233601,0.00315424046,0,0.222274182,2111.01991,46751.5219,0,1447.5801,47414.9617,1447.5801,663.439813,0,46751.5219,3529.67916,210447.703,0.300947307,63299.0502
375,15,186,trailing,68,2.76574011,0.0124711857,4.32712792e-05,0.0124860082,0.873641292,0.126358703,0,0,0.126358703,0,0.999999959,0,4.08999988e-08,0.126358703,0,0,0,2551642.5,0,0,2551642.5,0,2551642.5,0,0,0,291236913,20161592.3,0.126358708,2551642.61
376,15,198,trailing,79,2.94334771,0.0355638769,0.000112971715,0.0356196063,0.894900924,0.105099073,0,0,0.105099073,0,0.999999972,0,2.83655051e-08,0.105099073,0,0,0,3679342.13,0,0,3679342.13,0,3679342.13,0,0,0,300067558,34990628.2,0.105099076,3679342.23
377,15,210,trailing,85,2.94523074,0.0376789818,0.00012090215,0.0377358081,0.896810746,0.103015215,0.000131620097,0,0.103014145,0.000132689887,0.998303027,0.00128588861,0.000411084242,0.103014145,1.06979011e-06,0,0.000131620097,3713736.34,4744.95283,0,3713697.77,4783.51916,3713697.77,38.5663264,0,4744.95283,300173808,36032674.1,0.103189254,3720010.53
378,15,222,trailing,87,2.94550135,0.0382711912,0.000124597948,0.0383283228,0.897121114,0.102436366,0.000336288871,0,0.102431007,0.000341647895,0.995646542,0.00332087475,0.00103258329,0.102431007,5.35902439e-06,0,0.000336288871,3721148.87,12216.1787,0,3720954.19,12410.8529,3720954.19,194.674297,0,12216.1787,300194360,36308750.3,0.102878886,3737224.04
379,15,234,trailing,88,2.94565044,0.0385277832,0.000126874081,0.0385850684,0.897197942,0.102188895,0.000453786371,0,0.102181436,0.000461245254,0.993962934,0.0044867317,0.00155033459,0.102181436,7.4588832e-06,0,0.000453786371,3723840.82,16536.3195,0,3723569.01,16808.1269,3723569.01,271.807361,0,16536.3195,300201927,36423065.1,0.102802058,3746184.98
380,15,246,trailing,90,2.94570083,0.0386571219,0.00012793771,0.0387144652,0.897226563,0.10205388,0.000533110674,0,0.102045348,0.000541642419,0.992915597,0.00527025696,0.00181414581,0.102045348,8.53174575e-06,0,0.000533110674,3725065.4,19459.0556,0,3724753.98,19770.4726,3724753.98,311.416978,0,19459.0556,300205686,36483274.7,0.102773437,3751329.91
381,15,258,trailing,91,2.94572098,0.0387107343,0.00012839363,0.0387681249,0.897237382,0.101995111,0.000573209007,0,0.101986489,0.00058183075,0.992447369,0.0056618911,0.00189073948,0.101986489,8.6217426e-06,0,0.000573209007,3725558.33,20937.5094,0,3725243.41,21252.4343,3725243.41,314.924947,0,20937.5094,300207253,36509139.2,0.102762618,3753592.91
382,15,270,trailing,92,2.94572661,0.0387364759,0.00012858448,0.0387938656,0.897241846,0.101967778,0.000592430925,0,0.10195906,0.000601149061,0.99222354,0.00585013487,0.00192632473,0.10195906,8.71813671e-06,0,0.000592430925,3725860.23,21647.1798,0,3725541.68,21965.7369,3725541.68,318.557093,0,21647.1798,300208016,36521891.2,0.102758154,3754740.26
383,15,282,trailing,91,2.94572098,0.0387107343,0.00012839363,0.0387681249,0.897237382,0.101995111,0.000573209007,0,0.101986489,0.00058183075,0.992447369,0.0056618911,0.00189073948,0.101986489,8.6217426e-06,0,0.000573209007,3725558.33,20937.5094,0,3725243.41,21252.4343,3725243.41,314.924947,0,20937.5094,300207253,36509139.2,0.102762618,3753592.91
384,15,294,trailing,90,2.94570083,0.0386571219,0.00012793771,0.0387144652,0.897226563,0.10205388,0.000533110674,0,0.102045348,0.000541642419,0.992915597,0.00527025696,0.00181414581,0.102045348,8.53174575e-06,0,0.000533110674,3725065.4,19459.0556,0,3724753.98,19770.4726,3724753.98,311.416978,0,19459.0556,300205686,36483274.7,0.102773437,3751329.91
385,15,306,trailing,88,2.94565044,0.0385277832,0.000126874081,0.0385850684,0.897197942,0.102188895,0.000453786371,0,0.102181436,0.000461245254,0.993962934,0.0044867317,0.00155033459,0.102181436,7.4588832e-06,0,0.000453786371,3723840.82,16536.3195,0,3723569.01,16808.1269,3723569.01,271.807361,0,16536.3195,300201927,36423065.1,0.102802058,3746184.98
386,15,318,trailing,87,2.94550135,0.0382711912,0.000124597948,0.0383283228,0.897121114,0.102436366,0.000336288871,0,0.102431007,0.000341647895,0.995646542,0.00332087475,0.00103258329,0.102431007,5.35902439e-06,0,0.000336288871,3721148.87,12216.1787,0,3720954.19,12410.8529,3720954.19,194.674297,0,12216.1787,300194360,36308750.3,0.102878886,3737224.04
387,15,330,trailing,85,2.94523074,0.0376789818,0.00012090215,0.0377358081,0.896810746,0.103015215,0.000131620097,0,0.103014145,0.000132689887,0.998303027,0.00128588861,0.000411084242,0.103014145,1.06979011e-06,0,0.000131620097,3713736.34,4744.95283,0,3713697.77,4783.51916,3713697.77,38.5663264,0,4744.95283,300173808,36032674.1,0.103189254,3720010.53
388,15,342,trailing,79,2.94334771,0.0355638769,0.000112971715,0.0356196063,0.894900924,0.105099073,0,0,0.105099073,0,0.999999972,0,2.83655051e-08,0.105099073,0,0,0,3679342.13,0,0,3679342.13,0,3679342.13,0,0,0,300067558,34990628.2,0.105099076,3679342.23
389,15,354,trailing,68,2.76574011,0.0124711857,4.32712792e-05,0.0124860082,0.873641292,0.126358703,0,0,0.126358703,0,0.999999959,0,4.08999988e-08,0.126358703,0,0,0,2551642.5,0,0,2551642.5,0,2551642.5,0,0,0,291236913,20161592.3,0.126358708,2551642.61
390,9,6,leading,124,0.000107893951,28.0982648,0.00462435337,28.1291787,0.742405517,0.0122167333,0.187098785,0,0.00916421749,0.190151301,0.0355761404,0.738180798,0.226243061,0.00916421749,0.00305251577,0,0.187098785,4538.68497,69509.7802,0,3404.63324,70643.8319,3404.63324,1134.05173,0,69509.7802,7911.10462,371628.841,0.257594483,95699.9045
391,9,18,leading,116,0.000174690608,24.4351251,0.00401951056,24.460883,0.769797703,0.0134109424,0.165417715,0,0.0104845916,0.168344066,0.0455451215,0.731287516,0.223167362,0.0104845916,0.00292635083,0,0.165417715,6916.89077,85316.6191,0,5407.58229,86825.9276,5407.58229,1509.30847,0,85316.6191,12934.9999,515879.698,0.230202297,118730.22
392,9,30,leading,112,0.000208450692,23.2181627,0.00390704199,23.2455747,0.777828147,0.0144539912,0.158550445,0,0.0114349664,0.16156947,0.0514690151,0.72722745,0.221303535,0.0114349664,0.00301902471,0,0.158550445,8299.89448,91044.1933,0,6566.28428,92777.8035,6566.28428,1733.6102,0,91044.1933,15253.7419,574343.559,0.222171853,127577.422
393,9,42,leading,111,0.000217216024,22.7049045,0.00380814377,22.7312434,0.782566447,0.0145021574,0.154965365,0,0.0115210785,0.157946444,0.0529866634,0.726412469,0.220600868,0.0115210785,0.00298107895,0,0.154965365,8738.72624,93379.203,0,6942.38436,95175.5449,6942.38436,1796.34189,0,93379.203,16435.5715,602696.146,0.217433553,131021.354
394,9,54,leading,110,0.000230670026,22.4181218,0.00375633225,22.4444802,0.785365896,0.0143892339,0.152858963,0,0.0114689847,0.155779212,0.0534350531,0.725789655,0.220775292,0.0114689847,0.00292024916,0,0.152858963,8907.2565,94623.1051,0,7099.55718,96430.8044,7099.55718,1807.69932,0,94623.1051,17137.5728,619137.335,0.214634104,132863.294
395,9,66,leading,109,0.000234315106,22.2483244,0.00372010402,22.2741599,0.787002904,0.0142588499,0.151578122,0,0.0113676797,0.154469292,0.0533701156,0.725217832,0.221412052,0.0113676797,0.00289117022,0,0.151578122,8965.36885,95305.9879,0,7147.52185,97123.8349,7147.52185,1817.847,0,95305.9879,17559.5222,628873.264,0.212997096,133923.672
396,9,78,leading,107,0.000236182509,22.1700351,0.00370423328,22.1956685,0.78770151,0.0142511011,0.151001557,0,0.0113671017,0.153885557,0.053543017,0.72485469,0.221602293,0.0113671017,0.00288399945,0,0.151001557,9022.97576,95605.4817,0,7196.99355,97431.4639,7196.99355,1825.98221,0,95605.4817,17750.8166,633257.417,0.21229849,134415.167
397,9,90,leading,107,0.000236182509,22.1700351,0.00370423328,22.1956685,0.78770151,0.0142511011,0.151001557,0,0.0113671017,0.153885557,0.053543017,0.72485469,0.221602293,0.0113671017,0.00288399945,0,0.151001557,9022.97576,95605.4817,0,7196.99355,97431.4639,7196.99355,1825.98221,0,95605.4817,17750.8166,633257.417,0.21229849,134415.167
398,9,102,leading,107,0.000236182509,22.1700351,0.00370423328,22.1956685,0.78770151,0.0142511011,0.151001557,0,0.0113671017,0.153885557,0.053543017,0.72485469,0.221602293,0.0113671017,0.00288399945,0,0.151001557,9022.97576,95605.4817,0,7196.99355,97431.4639,7196.99355,1825.98221,0,95605.4817,17750.8166,633257.417,0.21229849,134415.167
399,9,114,leading,109,0.000234315106,22.2483244,0.00372010402,22.2741599,0.787002904,0.0142588499,0.151578122,0,0.0113676797,0.154469292,0.0533701156,0.725217832,0.221412052,0.0113676797,0.00289117022,0,0.151578122,8965.36885,95305.9879,0,7147.52185,97123.8349,7147.52185,1817.847,0,95305.9879,17559.5222,628873.264,0.212997096,133923.672
400,9,126,leading,110,0.000230670026,22.4181218,0.00375633225,22.4444802,0.785365896,0.0143892339,0.152858963,0,0.0114689847,0.155779212,0.0534350531,0.725789655,0.220775292,0.0114689847,0.00292024916,0,0.152858963,8907.2565,94623.1051,0,7099.55718,96430.8044,7099.55718,1807.69932,0,94623.1051,17137.5728,619137.335,0.214634104,132863.294
401,9,138,leading,111,0.000217216024,22.7049045,0.00380814377,22.7312434,0.782566447,0.0145021574,0.154965365,0,0.0115210785,0.157946444,0.0529866634,0.726412469,0.220600868,0.0115210785,0.00298107895,0,0.154965365,8738.72624,93379.203,0,6942.38436,95175.5449,6942.38436,1796.34189,0,93379.203,16435.5715,602696.146,0.217433553,131021.354
402,9,150,leading,112,0.000208450692,23.2181627,0.00390704199,23.2455747,0.777828147,0.0144539912,0.158550445,0,0.0114349664,0.16156947,0.0514690151,0.72722745,0.221303535,0.0114349664,0.00301902471,0,0.158550445,8299.89448,91044.1933,0,6566.28428,92777.8035,6566.28428,1733.6102,0,91044.1933,15253.7419,574343.559,0.222171853,127577.422
403,9,162,leading,116,0.000174690608,24.4351251,0.00401951056,24.460883,0.769797703,0.0134109424,0.165417715,0,0.0104845916,0.168344066,0.0455451215,0.731287516,0.223167362,0.0104845916,0.00292635083,0,0.165417715,6916.89077,85316.6191,0,5407.58229,86825.9276,5407.58229,1509.30847,0,85316.6191,12934.9999,515879.698,0.230202297,118730.22
404,9,174,leading,124,0.000107893951,28.0982648,0.00462435337,28.1291787,0.742405517,0.0122167333,0.187098785,0,0.00916421749,0.190151301,0.0355761404,0.738180798,0.226243061,0.00916421749,0.00305251577,0,0.187098785,4538.68497,69509.7802,0,3404.63324,70643.8319,3404.63324,1134.05173,0,69509.7802,7911.10462,371628.841,0.257594483,95699.9045
405,9,186,trailing,81,2.94462385,0.0367618702,0.000116601425,0.036818467,0.89606845,0.103931085,4.4837889e-07,0,0.103931085,4.4837889e-07,0.999995525,4.31417496e-06,1.60451472e-07,0.103931085,0,0,4.4837889e-07,3700654.27,15.9653414,0,3700654.27,15.9653414,3700654.27,0,0,15.9653414,300134107,35589115.7,0.10393155,3700670.83
406,9,198,trailing,89,2.94566637,0.0385692246,0.000127362998,0.0386265288,0.897203812,0.10214564,0.000483264271,0,0.10213817,0.000490734438,0.993598804,0.00477385832,0.00162733804,0.10213817,7.47016665e-06,0,0.000483264271,3724345.23,17620.3604,0,3724072.86,17892.7311,3724072.86,272.370701,0,17620.3604,300203215,36443434.5,0.102796188,3748064.96
407,9,210,trailing,93,2.94579733,0.0389193868,0.000130435538,0.0389768786,0.89727416,0.101790348,0.000703967233,0,0.101777626,0.000716688593,0.990769471,0.00697671192,0.00225381683,0.101777626,1.272136e-05,0,0.000703967233,3728070.14,25782.7906,0,3727604.22,26248.7103,3727604.22,465.919642,0,25782.7906,300212937,36607293.5,0.10272584,3762332.54
408,9,222,trailing,94,2.9458419,0.0390450021,0.000131738497,0.0391026596,0.897284293,0.101677599,0.00077887243,0,0.101663618,0.000792852619,0.98975728,0.00771890342,0.00252381652,0.101663618,1.39801887e-05,0,0.00077887243,3729757.35,28570.7492,0,3729244.53,29083.5732,3729244.53,512.823989,0,28570.7492,300216056,36664500.1,0.102715707,3767837.43
409,9,234,trailing,96,2.94586443,0.0391034191,0.000132296676,0.0391611327,0.897274828,0.101626895,0.000825837656,0,0.101612069,0.000840663626,0.98916426,0.00818361858,0.00265212116,0.101612069,1.48259702e-05,0,0.000825837656,3730688.47,30316.2173,0,3730144.21,30860.4735,3730144.21,544.256284,0,30316.2173,300217502,36691963.8,0.102725172,3771005.85
410,9,246,trailing,97,2.94587438,0.0391376527,0.000132560691,0.0391954058,0.897268109,0.101596756,0.000855066374,0,0.101581644,0.000870178291,0.988803416,0.00847038136,0.00272620302,0.101581644,1.51119178e-05,0,0.000855066374,3731222.42,31402.9989,0,3730667.42,31957.9962,3730667.42,554.997312,0,31402.9989,300218337,36708109.2,0.102731891,3772911.14
411,9,258,trailing,98,2.94587707,0.0391490659,0.000132657631,0.039206833,0.897265588,0.10158599,0.000866580981,0,0.101570529,0.000882042043,0.988670953,0.00858565328,0.00274339401,0.101570529,1.5461062e-05,0,0.000866580981,3731364.45,31830.4665,0,3730796.55,32398.3683,3730796.55,567.901705,0,31830.4665,300218607,36713399.5,0.102734412,3773547.24
412,9,270,trailing,98,2.94587707,0.0391490659,0.000132657631,0.039206833,0.897265588,0.10158599,0.000866580981,0,0.101570529,0.000882042043,0.988670953,0.00858565328,0.00274339401,0.101570529,1.5461062e-05,0,0.000866580981,3731364.45,31830.4665,0,3730796.55,32398.3683,3730796.55,567.901705,0,31830.4665,300218607,36713399.5,0.102734412,3773547.24
413,9,282,trailing,98,2.94587707,0.0391490659,0.000132657631,0.039206833,0.897265588,0.10158599,0.000866580981,0,0.101570529,0.000882042043,0.988670953,0.00858565328,0.00274339401,0.101570529,1.5461062e-05,0,0.000866580981,3731364.45,31830.4665,0,3730796.55,32398.3683,3730796.55,567.901705,0,31830.4665,300218607,36713399.5,0.102734412,3773547.24
414,9,294,trailing,97,2.94587438,0.0391376527,0.000132560691,0.0391954058,0.897268109,0.101596756,0.000855066374,0,0.101581644,0.000870178291,0.988803416,0.00847038136,0.00272620302,0.101581644,1.51119178e-05,0,0.000855066374,3731222.42,31402.9989,0,3730667.42,31957.9962,3730667.42,554.997312,0,31402.9989,300218337,36708109.2,0.102731891,3772911.14
415,9,306,trailing,96,2.94586443,0.0391034191,0.000132296676,0.0391611327,0.897274828,0.101626895,0.000825837656,0,0.101612069,0.000840663626,0.98916426,0.00818361858,0.00265212116,0.101612069,1.48259702e-05,0,0.000825837656,3730688.47,30316.2173,0,3730144.21,30860.4735,3730144.21,544.256284,0,30316.2173,300217502,36691963.8,0.102725172,3771005.85
416,9,318,trailing,94,2.9458419,0.0390450021,0.000131738497,0.0391026596,0.897284293,0.101677599,0.00077887243,0,0.101663618,0.000792852619,0.98975728,0.00771890342,0.00252381652,0.101663618,1.39801887e-05,0,0.00077887243,3729757.35,28570.7492,0,3729244.53,29083.5732,3729244.53,512.823989,0,28570.7492,300216056,36664500.1,0.102715707,3767837.43
417,9,330,trailing,93,2.94579733,0.0389193868,0.000130435538,0.0389768786,0.89727416,0.101790348,0.000703967233,0,0.101777626,0.000716688593,0.990769471,0.00697671192,0.00225381683,0.101777626,1.272136e-05,0,0.000703967233,3728070.14,25782.7906,0,3727604.22,26248.7103,3727604.22,465.919642,0,25782.7906,300212937,36607293.5,0.10272584,3762332.54
418,9,342,trailing,89,2.94566637,0.0385692246,0.000127362998,0.0386265288,0.897203812,0.10214564,0.000483264271,0,0.10213817,0.000490734438,0.993598804,0.00477385832,0.00162733804,0.10213817,7.47016665e-06,0,0.000483264271,3724345.23,17620.3604,0,3724072.86,17892.7311,3724072.86,272.370701,0,17620.3604,300203215,36443434.5,0.102796188,3748064.96
419,9,354,trailing,81,2.94462385,0.0367618702,0.000116601425,0.036818467,0.89606845,0.103931085,4.4837889e-07,0,0.103931085,4.4837889e-07,0.999995525,4.31417496e-06,1.60451472e-07,0.103931085,0,0,4.4837889e-07,3700654.27,15.9653414,0,3700654.27,15.9653414,3700654.27,0,0,15.9653414,300134107,35589115.7,0.10393155,3700670.83
420,3,6,leading,108,0.000235455199,22.1926029,0.00370846835,22.2182627,0.787513421,0.0142352879,0.151165255,0,0.011351182,0.154049361,0.053420701,0.724983956,0.221595343,0.011351182,0.00288410583,0,0.151165255,8995.9037,95527.9649,0,7173.31054,97350.558,7173.31054,1822.59316,0,95527.9649,17698.2012,632058.987,0.212486579,134279.603
421,3,18,leading,106,0.000264746328,21.4226306,0.00358968643,21.4483504,0.793831548,0.0149860603,0.145895981,0,0.0121444485,0.148737592,0.0589054647,0.721437209,0.219657326,0.0121444485,0.00284161181,0,0.145895981,10144.4153,98760.4073,0,8220.86168,100683.961,8220.86168,1923.55361,0,98760.4073,19709.4769,677038.474,0.206168452,139560.255
422,3,30,leading,105,0.000270539808,21.2689895,0.00355435404,21.2945028,0.795024547,0.0151520253,0.144891087,0,0.0123152018,0.147727911,0.0600813491,0.720710254,0.219208397,0.0123152018,0.00283682355,0,0.144891087,10403.0604,99479.1587,0,8455.35728,101426.862,8455.35728,1947.7031,0,99479.1587,20153.3644,686693.931,0.204975453,140731.814
423,3,42,leading,104,0.000272295745,21.187496,0.00354114094,21.2132554,0.795543433,0.0152563673,0.144411022,0,0.0124163504,0.147251039,0.0607285479,0.720206943,0.219064509,0.0124163504,0.00284001691,0,0.144411022,10545.6124,99820.7916,0,8582.51614,101783.888,8582.51614,1963.09626,0,99820.7916,20368.8215,691342.033,0.204456567,141325.891
424,3,54,leading,103,0.000273667963,21.1022003,0.00352924708,21.1283425,0.796047816,0.0153718,0.143925647,0,0.0125263808,0.146771066,0.0614182234,0.719634688,0.218947088,0.0125263808,0.00284541917,0,0.143925647,10698.2466,100167.324,0,8717.93223,102147.638,8717.93223,1980.31434,0,100167.324,20589.2005,696080.853,0.203952184,141943.738
425,3,66,leading,103,0.000273667963,21.1022003,0.00352924708,21.1283425,0.796047816,0.0153718,0.143925647,0,0.0125263808,0.146771066,0.0614182234,0.719634688,0.218947088,0.0125263808,0.00284541917,0,0.143925647,10698.2466,100167.324,0,8717.93223,102147.638,8717.93223,1980.31434,0,100167.324,20589.2005,696080.853,0.203952184,141943.738
426,3,78,leading,103,0.000273667963,21.1022003,0.00352924708,21.1283425,0.796047816,0.0153718,0.143925647,0,0.0125263808,0.146771066,0.0614182234,0.719634688,0.218947088,0.0125263808,0.00284541917,0,0.143925647,10698.2466,100167.324,0,8717.93223,102147.638,8717.93223,1980.31434,0,100167.324,20589.2005,696080.853,0.203952184,141943.738
427,3,90,leading,103,0.000273667963,21.1022003,0.00352924708,21.1283425,0.796047816,0.0153718,0.143925647,0,0.0125263808,0.146771066,0.0614182234,0.719634688,0.218947088,0.0125263808,0.00284541917,0,0.143925647,10698.2466,100167.324,0,8717.93223,102147.638,8717.93223,1980.31434,0,100167.324,20589.2005,696080.853,0.203952184,141943.738
428,3,102,leading,103,0.000273667963,21.1022003,0.00352924708,21.1283425,0.796047816,0.0153718,0.143925647,0,0.0125263808,0.146771066,0.0614182234,0.719634688,0.218947088,0.0125263808,0.00284541917,0,0.143925647,10698.2466,100167.324,0,8717.93223,102147.638,8717.93223,1980.31434,0,100167.324,20589.2005,696080.853,0.203952184,141943.738
429,3,114,leading,103,0.000273667963,21.1022003,0.00352924708,21.1283425,0.796047816,0.0153718,0.143925647,0,0.0125263808,0.146771066,0.0614182234,0.719634688,0.218947088,0.0125263808,0.00284541917,0,0.143925647,10698.2466,100167.324,0,8717.93223,102147.638,8717.93223,1980.31434,0,100167.324,20589.2005,696080.853,0.203952184,141943.738
430,3,126,leading,103,0.000273667963,21.1022003,0.00352924708,21.1283425,0.796047816,0.0153718,0.143925647,0,0.0125263808,0.146771066,0.0614182234,0.719634688,0.218947088,0.0125263808,0.00284541917,0,0.143925647,10698.2466,100167.324,0,8717.93223,102147.638,8717.93223,1980.31434,0,100167.324,20589.2005,696080.853,0.203952184,141943.738
431,3,138,leading,104,0.000272295745,21.187496,0.00354114094,21.2132554,0.795543433,0.0152563673,0.144411022,0,0.0124163504,0.147251039,0.0607285479,0.720206943,0.219064509,0.0124163504,0.00284001691,0,0.144411022,10545.6124,99820.7916,0,8582.51614,101783.888,8582.51614,1963.09626,0,99820.7916,20368.8215,691342.033,0.204456567,141325.891
432,3,150,leading,105,0.000270539808,21.2689895,0.00355435404,21.2945028,0.795024547,0.0151520253,0.144891087,0,0.0123152018,0.147727911,0.0600813491,0.720710254,0.219208397,0.0123152018,0.00283682355,0,0.144891087,10403.0604,99479.1587,0,8455.35728,101426.862,8455.35728,1947.7031,0,99479.1587,20153.3644,686693.931,0.204975453,140731.814
433,3,162,leading,106,0.000264746328,21.4226306,0.00358968643,21.4483504,0.793831548,0.0149860603,0.145895981,0,0.0121444485,0.148737592,0.0589054647,0.721437209,0.219657326,0.0121444485,0.00284161181,0,0.145895981,10144.4153,98760.4073,0,8220.86168,100683.961,8220.86168,1923.55361,0,98760.4073,19709.4769,677038.474,0.206168452,139560.255
434,3,174,leading,108,0.000235455199,22.1926029,0.00370846835,22.2182627,0.787513421,0.0142352879,0.151165255,0,0.011351182,0.154049361,0.053420701,0.724983956,0.221595343,0.011351182,0.00288410583,0,0.151165255,8995.9037,95527.9649,0,7173.31054,97350.558,7173.31054,1822.59316,0,95527.9649,17698.2012,632058.987,0.212486579,134279.603
435,3,186,trailing,95,2.94585038,0.039068372,0.00013199082,0.0391260604,0.897282418,0.101656517,0.00079632285,0,0.101642177,0.000810662896,0.989530469,0.00789215322,0.00257737806,0.101642177,1.4340046e-05,0,0.00079632285,3730108.99,29219.6812,0,3729582.81,29745.8642,3729582.81,526.183034,0,29219.6812,300216642,36675566.4,0.102717582,3769042.92
436,3,198,trailing,99,2.94592004,0.0392686008,0.000133850419,0.0393264799,0.897239477,0.101472158,0.000977467256,0,0.101453424,0.000996201533,0.987280138,0.00969439917,0.00302546323,0.101453424,1.87342774e-05,0,0.000977467256,3732926.56,35958.765,0,3732237.37,36647.9558,3732237.37,689.190839,0,35958.765,300221428,36769999.2,0.102760523,3780322.55
437,3,210,trailing,100,2.94592746,0.039290899,0.000134130524,0.0393487777,0.897241162,0.10145091,0.000991688955,0,0.101431053,0.00101154612,0.98707863,0.00984388441,0.00307748554,0.101431053,1.98571639e-05,0,0.000991688955,3733151.22,36491.7855,0,3732420.52,37222.4817,3732420.52,730.696212,0,36491.7855,300221907,36779918.6,0.102758838,3781279.84
438,3,222,trailing,101,2.94593093,0.0393020521,0.000134262272,0.0393599293,0.897241411,0.101441051,0.000998752831,0,0.101420487,0.001019316,0.986978203,0.00991952117,0.00310227585,0.101420487,2.05631669e-05,0,0.000998752831,3733290.73,36756.6647,0,3732533.95,37513.4419,3732533.95,756.77726,0,36756.6647,300222145,36784870.3,0.102758589,3781779.51
439,3,234,trailing,102,2.94593267,0.0393127603,0.000134381117,0.0393706421,0.89724015,0.101430701,0.00100676542,0,0.101409885,0.00102758132,0.986862913,0.00999983283,0.00313725402,0.101409885,2.08158977e-05,0,0.00100676542,3733403.93,37056.4529,0,3732637.75,37822.6327,3732637.75,766.1798,0,37056.4529,300222378,36789741.6,0.10275985,3782326.5
440,3,246,trailing,102,2.94593267,0.0393127603,0.000134381117,0.0393706421,0.89724015,0.101430701,0.00100676542,0,0.101409885,0.00102758132,0.986862913,0.00999983283,0.00313725402,0.101409885,2.08158977e-05,0,0.00100676542,3733403.93,37056.4529,0,3732637.75,37822.6327,3732637.75,766.1798,0,37056.4529,300222378,36789741.6,0.10275985,3782326.5
441,3,258,trailing,102,2.94593267,0.0393127603,0.000134381117,0.0393706421,0.89724015,0.101430701,0.00100676542,0,0.101409885,0.00102758132,0.986862913,0.00999983283,0.00313725402,0.101409885,2.08158977e-05,0,0.00100676542,3733403.93,37056.4529,0,3732637.75,37822.6327,3732637.75,766.1798,0,37056.4529,300222378,36789741.6,0.10275985,3782326.5
442,3,270,trailing,102,2.94593267,0.0393127603,0.000134381117,0.0393706421,0.89724015,0.101430701,0.00100676542,0,0.101409885,0.00102758132,0.986862913,0.00999983283,0.00313725402,0.101409885,2.08158977e-05,0,0.00100676542,3733403.93,37056.4529,0,3732637.75,37822.6327,3732637.75,766.1798,0,37056.4529,300222378,36789741.6,0.10275985,3782326.5
443,3,282,trailing,102,2.94593267,0.0393127603,0.000134381117,0.0393706421,0.89724015,0.101430701,0.00100676542,0,0.101409885,0.00102758132,0.986862913,0.00999983283,0.00313725402,0.101409885,2.08158977e-05,0,0.00100676542,3733403.93,37056.4529,0,3732637.75,37822.6327,3732637.75,766.1798,0,37056.4529,300222378,36789741.6,0.10275985,3782326.5
444,3,294,trailing,102,2.94593267,0.0393127603,0.000134381117,0.0393706421,0.89724015,0.101430701,0.00100676542,0,0.101409885,0.00102758132,0.986862913,0.00999983283,0.00313725402,0.101409885,2.08158977e-05,0,0.00100676542,3733403.93,37056.4529,0,3732637.75,37822.6327,3732637.75,766.1798,0,37056.4529,300222378,36789741.6,0.10275985,3782326.5
445,3,306,trailing,102,2.94593267,0.0393127603,0.000134381117,0.0393706421,0.89724015,0.101430701,0.00100676542,0,0.101409885,0.00102758132,0.986862913,0.00999983283,0.00313725402,0.101409885,2.08158977e-05,0,0.00100676542,3733403.93,37056.4529,0,3732637.75,37822.6327,3732637.75,766.1798,0,37056.4529,300222378,36789741.6,0.10275985,3782326.5
446,3,318,trailing,101,2.94593093,0.0393020521,0.000134262272,0.0393599293,0.897241411,0.101441051,0.000998752831,0,0.101420487,0.001019316,0.986978203,0.00991952117,0.00310227585,0.101420487,2.05631669e-05,0,0.000998752831,3733290.73,36756.6647,0,3732533.95,37513.4419,3732533.95,756.77726,0,36756.6647,300222145,36784870.3,0.102758589,3781779.51
447,3,330,trailing,100,2.94592746,0.039290899,0.000134130524,0.0393487777,0.897241162,0.10145091,0.000991688955,0,0.101431053,0.00101154612,0.98707863,0.00984388441,0.00307748554,0.101431053,1.98571639e-05,0,0.000991688955,3733151.22,36491.7855,0,3732420.52,37222.4817,3732420.52,730.696212,0,36491.7855,300221907,36779918.6,0.102758838,3781279.84
448,3,342,trailing,99,2.94592004,0.0392686008,0.000133850419,0.0393264799,0.897239477,0.101472158,0.000977467256,0,0.101453424,0.000996201533,0.987280138,0.00969439917,0.00302546323,0.101453424,1.87342774e-05,0,0.000977467256,3732926.56,35958.765,0,3732237.37,36647.9558,3732237.37,689.190839,0,35958.765,300221428,36769999.2,0.102760523,3780322.55
449,3,354,trailing,95,2.94585038,0.039068372,0.00013199082,0.0391260604,0.897282418,0.101656517,0.00079632285,0,0.101642177,0.000810662896,0.989530469,0.00789215322,0.00257737806,0.101642177,1.4340046e-05,0,0.00079632285,3730108.99,29219.6812,0,3729582.81,29745.8642,3729582.81,526.183034,0,29219.6812,300216642,36675566.4,0.102717582,3769042.92
450,-3,6,leading,108,0.000235455199,22.1926029,0.00370846835,22.2182627,0.787513421,0.0142352879,0.151165255,0,0.011351182,0.154049361,0.053420701,0.724983956,0.221595343,0.011351182,0.00288410583,0,0.151165255,8995.9037,95527.9649,0,7173.31054,97350.558,7173.31054,1822.59316,0,95527.9649,17698.2012,632058.987,0.212486579,134279.603
451,-3,18,leading,106,0.000264746328,21.4226306,0.00358968643,21.4483504,0.793831548,0.0149860603,0.145895981,0,0.0121444485,0.148737592,0.0589054647,0.721437209,0.219657326,0.0121444485,0.00284161181,0,0.145895981,10144.4153,98760.4073,0,8220.86168,100683.961,8220.86168,1923.55361,0,98760.4073,19709.4769,677038.474,0.206168452,139560.255
452,-3,30,leading,105,0.000270539808,21.2689895,0.00355435404,21.2945028,0.795024547,0.0151520253,0.144891087,0,0.0123152018,0.147727911,0.0600813491,0.720710254,0.219208397,0.0123152018,0.00283682355,0,0.144891087,10403.0604,99479.1587,0,8455.35728,101426.862,8455.35728,1947.7031,0,99479.1587,20153.3644,686693.931,0.204975453,140731.814
453,-3,42,leading,104,0.000272295745,21.187496,0.00354114094,21.2132554,0.795543433,0.0152563673,0.144411022,0,0.0124163504,0.147251039,0.0607285479,0.720206943,0.219064509,0.0124163504,0.00284001691,0,0.144411022,10545.6124,99820.7916,0,8582.51614,101783.888,8582.51614,1963.09626,0,99820.7916,20368.8215,691342.033,0.204456567,141325.891
454,-3,54,leading,103,0.000273667963,21.1022003,0.00352924708,21.1283425,0.796047816,0.0153718,0.143925647,0,0.0125263808,0.146771066,0.0614182234,0.719634688,0.218947088,0.0125263808,0.00284541917,0,0.143925647,10698.2466,100167.324,0,8717.93223,102147.638,8717.93223,1980.31434,0,100167.324,20589.2005,696080.853,0.203952184,141943.738
455,-3,66,leading,103,0.000273667963,21.1022003,0.00352924708,21.1283425,0.796047816,0.0153718,0.143925647,0,0.0125263808,0.146771066,0.0614182234,0.719634688,0.218947088,0.0125263808,0.00284541917,0,0.143925647,10698.2466,100167.324,0,8717.93223,102147.638,8717.93223,1980.31434,0,100167.324,20589.2005,696080.853,0.203952184,141943.738
456,-3,78,leading,103,0.000273667963,21.1022003,0.00352924708,21.1283425,0.796047816,0.0153718,0.143925647,0,0.0125263808,0.146771066,0.0614182234,0.719634688,0.218947088,0.0125263808,0.00284541917,0,0.143925647,10698.2466,100167.324,0,8717.93223,102147.638,8717.93223,1980.31434,0,100167.324,20589.2005,696080.853,0.203952184,141943.738
457,-3,90,leading,103,0.000273667963,21.1022003,0.00352924708,21.1283425,0.796047816,0.0153718,0.143925647,0,0.0125263808,0.146771066,0.0614182234,0.719634688,0.218947088,0.0125263808,0.00284541917,0,0.143925647,10698.2466,100167.324,0,8717.93223,102147.638,8717.93223,1980.31434,0,100167.324,20589.2005,696080.853,0.203952184,141943.738
458,-3,102,leading,103,0.000273667963,21.1022003,0.00352924708,21.1283425,0.796047816,0.0153718,0.143925647,0,0.0125263808,0.146771066,0.0614182234,0.719634688,0.218947088,0.0125263808,0.00284541917,0,0.143925647,10698.2466,100167.324,0,8717.93223,102147.638,8717.93223,1980.31434,0,100167.324,20589.2005,696080.853,0.203952184,141943.738
459,-3,114,leading,103,0.000273667963,21.1022003,0.00352924708,21.1283425,0.796047816,0.0153718,0.143925647,0,0.0125263808,0.146771066,0.0614182234,0.719634688,0.218947088,0.0125263808,0.00284541917,0,0.143925647,10698.2466,100167.324,0,8717.93223,102147.638,8717.93223,1980.31434,0,100167.324,20589.2005,696080.853,0.203952184,141943.738
460,-3,126,leading,103,0.000273667963,21.1022003,0.00352924708,21.1283425,0.796047816,0.0153718,0.143925647,0,0.0125263808,0.146771066,0.0614182234,0.719634688,0.218947088,0.0125263808,0.00284541917,0,0.143925647,10698.2466,100167.324,0,8717.93223,102147.638,8717.93223,1980.31434,0,100167.324,20589.2005,696080.853,0.203952184,141943.738
461,-3,138,leading,104,0.000272295745,21.187496,0.00354114094,21.2132554,0.795543433,0.0152563673,0.144411022,0,0.0124163504,0.147251039,0.0607285479,0.720206943,0.219064509,0.0124163504,0.00284001691,0,0.144411022,10545.6124,99820.7916,0,8582.51614,101783.888,8582.51614,1963.09626,0,99820.7916,20368.8215,691342.033,0.204456567,141325.891
462,-3,150,leading,105,0.000270539808,21.2689895,0.00355435404,21.2945028,0.795024547,0.0151520253,0.144891087,0,0.0123152018,0.147727911,0.0600813491,0.720710254,0.219208397,0.0123152018,0.00283682355,0,0.144891087,10403.0604,99479.1587,0,8455.35728,101426.862,8455.35728,1947.7031,0,99479.1587,20153.3644,686693.931,0.204975453,140731.814
463,-3,162,leading,106,0.000264746328,21.4226306,0.00358968643,21.4483504,0.793831548,0.0149860603,0.145895981,0,0.0121444485,0.148737592,0.0589054647,0.721437209,0.219657326,0.0121444485,0.00284161181,0,0.145895981,10144.4153,98760.4073,0,8220.86168,100683.961,8220.86168,1923.55361,0,98760.4073,19709.4769,677038.474,0.206168452,139560.255
464,-3,174,leading,108,0.000235455199,22.1926029,0.00370846835,22.2182627,0.787513421,0.0142352879,0.151165255,0,0.011351182,0.154049361,0.053420701,0.724983956,0.221595343,0.011351182,0.00288410583,0,0.151165255,8995.9037,95527.9649,0,7173.31054,97350.558,7173.31054,1822.59316,0,95527.9649,17698.2012,632058.987,0.212486579,134279.603
465,-3,186,trailing,95,2.94585038,0.039068372,0.00013199082,0.0391260604,0.897282418,0.101656517,0.00079632285,0,0.101642177,0.000810662896,0.989530469,0.00789215322,0.00257737806,0.101642177,1.4340046e-05,0,0.00079632285,3730108.99,29219.6812,0,3729582.81,29745.8642,3729582.81,526.183034,0,29219.6812,300216642,36675566.4,0.102717582,3769042.92
466,-3,198,trailing,99,2.94592004,0.0392686008,0.000133850419,0.0393264799,0.897239477,0.101472158,0.000977467256,0,0.101453424,0.000996201533,0.987280138,0.00969439917,0.00302546323,0.101453424,1.87342774e-05,0,0.000977467256,3732926.56,35958.765,0,3732237.37,36647.9558,3732237.37,689.190839,0,35958.765,300221428,36769999.2,0.102760523,3780322.55
467,-3,210,trailing,100,2.94592746,0.039290899,0.000134130524,0.0393487777,0.897241162,0.10145091,0.000991688955,0,0.101431053,0.00101154612,0.98707863,0.00984388441,0.00307748554,0.101431053,1.98571639e-05,0,0.000991688955,3733151.22,36491.7855,0,3732420.52,37222.4817,3732420.52,730.696212,0,36491.7855,300221907,36779918.6,0.102758838,3781279.84
468,-3,222,trailing,101,2.94593093,0.0393020521,0.000134262272,0.0393599293,0.897241411,0.101441051,0.000998752831,0,0.101420487,0.001019316,0.986978203,0.00991952117,0.00310227585,0.101420487,2.05631669e-05,0,0.000998752831,3733290.73,36756.6647,0,3732533.95,37513.4419,3732533.95,756.77726,0,36756.6647,300222145,36784870.3,0.102758589,3781779.51
469,-3,234,trailing,102,2.94593267,0.0393127603,0.000134381117,0.0393706421,0.89724015,0.101430701,0.00100676542,0,0.101409885,0.00102758132,0.986862913,0.00999983283,0.00313725402,0.101409885,2.08158977e-05,0,0.00100676542,3733403.93,37056.4529,0,3732637.75,37822.6327,3732637.75,766.1798,0,37056.4529,300222378,36789741.6,0.10275985,3782326.5
470,-3,246,trailing,102,2.94593267,0.0393127603,0.000134381117,0.0393706421,0.89724015,0.101430701,0.00100676542,0,0.101409885,0.00102758132,0.986862913,0.00999983283,0.00313725402,0.101409885,2.08158977e-05,0,0.00100676542,3733403.93,37056.4529,0,3732637.75,37822.6327,3732637.75,766.1798,0,37056.4529,300222378,36789741.6,0.10275985,3782326.5
471,-3,258,trailing,102,2.94593267,0.0393127603,0.000134381117,0.0393706421,0.89724015,0.101430701,0.00100676542,0,0.101409885,0.00102758132,0.986862913,0.00999983283,0.00313725402,0.101409885,2.08158977e-05,0,0.00100676542,3733403.93,37056.4529,0,3732637.75,37822.6327,3732637.75,766.1798,0,37056.4529,300222378,36789741.6,0.10275985,3782326.5
472,-3,270,trailing,102,2.94593267,0.0393127603,0.000134381117,0.0393706421,0.89724015,0.101430701,0.00100676542,0,0.101409885,0.00102758132,0.986862913,0.00999983283,0.00313725402,0.101409885,2.08158977e-05,0,0.00100676542,3733403.93,37056.4529,0,3732637.75,37822.6327,3732637.75,766.1798,0,37056.4529,300222378,36789741.6,0.10275985,3782326.5
473,-3,282,trailing,102,2.94593267,0.0393127603,0.000134381117,0.0393706421,0.89724015,0.101430701,0.00100676542,0,0.101409885,0.00102758132,0.986862913,0.00999983283,0.00313725402,0.101409885,2.08158977e-05,0,0.00100676542,3733403.93,37056.4529,0,3732637.75,37822.6327,3732637.75,766.1798,0,37056.4529,300222378,36789741.6,0.10275985,3782326.5
474,-3,294,trailing,102,2.94593267,0.0393127603,0.000134381117,0.0393706421,0.89724015,0.101430701,0.00100676542,0,0.101409885,0.00102758132,0.986862913,0.00999983283,0.00313725402,0.101409885,2.08158977e-05,0,0.00100676542,3733403.93,37056.4529,0,3732637.75,37822.6327,3732637.75,766.1798,0,37056.4529,300222378,36789741.6,0.10275985,3782326.5
475,-3,306,trailing,102,2.94593267,0.0393127603,0.000134381117,0.0393706421,0.89724015,0.101430701,0.00100676542,0,0.101409885,0.00102758132,0.986862913,0.00999983283,0.00313725402,0.101409885,2.08158977e-05,0,0.00100676542,3733403.93,37056.4529,0,3732637.75,37822.6327,3732637.75,766.1798,0,37056.4529,300222378,36789741.6,0.10275985,3782326.5
476,-3,318,trailing,101,2.94593093,0.0393020521,0.000134262272,0.0393599293,0.897241411,0.101441051,0.000998752831,0,0.101420487,0.001019316,0.986978203,0.00991952117,0.00310227585,0.101420487,2.05631669e-05,0,0.000998752831,3733290.73,36756.6647,0,3732533.95,37513.4419,3732533.95,756.77726,0,36756.6647,300222145,36784870.3,0.102758589,3781779.51
477,-3,330,trailing,100,2.94592746,0.039290899,0.000134130524,0.0393487777,0.897241162,0.10145091,0.000991688955,0,0.101431053,0.00101154612,0.98707863,0.00984388441,0.00307748554,0.101431053,1.98571639e-05,0,0.000991688955,3733151.22,36491.7855,0,3732420.52,37222.4817,3732420.52,730.696212,0,36491.7855,300221907,36779918.6,0.102758838,3781279.84
478,-3,342,trailing,99,2.94592004,0.0392686008,0.000133850419,0.0393264799,0.897239477,0.101472158,0.000977467256,0,0.101453424,0.000996201533,0.987280138,0.00969439917,0.00302546323,0.101453424,1.87342774e-05,0,0.000977467256,3732926.56,35958.765,0,3732237.37,36647.9558,3732237.37,689.190839,0,35958.765,300221428,36769999.2,0.102760523,3780322.55
479,-3,354,trailing,95,2.94585038,0.039068372,0.00013199082,0.0391260604,0.897282418,0.101656517,0.00079632285,0,0.101642177,0.000810662896,0.989530469,0.00789215322,0.00257737806,0.101642177,1.4340046e-05,0,0.00079632285,3730108.99,29219.6812,0,3729582.81,29745.8642,3729582.81,526.183034,0,29219.6812,300216642,36675566.4,0.102717582,3769042.92
480,-9,6,leading,124,0.000107893951,28.0982648,0.00462435337,28.1291787,0.742405517,0.0122167333,0.187098785,0,0.00916421749,0.190151301,0.0355761404,0.738180798,0.226243061,0.00916421749,0.00305251577,0,0.187098785,4538.68497,69509.7802,0,3404.63324,70643.8319,3404.63324,1134.05173,0,69509.7802,7911.10462,371628.841,0.257594483,95699.9045
481,-9,18,leading,116,0.000174690608,24.4351251,0.00401951056,24.460883,0.769797703,0.0134109424,0.165417715,0,0.0104845916,0.168344066,0.0455451215,0.731287516,0.223167362,0.0104845916,0.00292635083,0,0.165417715,6916.89077,85316.6191,0,5407.58229,86825.9276,5407.58229,1509.30847,0,85316.6191,12934.9999,515879.698,0.230202297,118730.22
482,-9,30,leading,112,0.000208450692,23.2181627,0.00390704199,23.2455747,0.777828147,0.0144539912,0.158550445,0,0.0114349664,0.16156947,0.0514690151,0.72722745,0.221303535,0.0114349664,0.00301902471,0,0.158550445,8299.89448,91044.1933,0,6566.28428,92777.8035,6566.28428,1733.6102,0,91044.1933,15253.7419,574343.559,0.222171853,127577.422
483,-9,42,leading,111,0.000217216024,22.7049045,0.00380814377,22.7312434,0.782566447,0.0145021574,0.154965365,0,0.0115210785,0.157946444,0.0529866634,0.726412469,0.220600868,0.0115210785,0.00298107895,0,0.154965365,8738.72624,93379.203,0,6942.38436,95175.5449,6942.38436,1796.34189,0,93379.203,16435.5715,602696.146,0.217433553,131021.354
484,-9,54,leading,110,0.000230670026,22.4181218,0.00375633225,22.4444802,0.785365896,0.0143892339,0.152858963,0,0.0114689847,0.155779212,0.0534350531,0.725789655,0.220775292,0.0114689847,0.00292024916,0,0.152858963,8907.2565,94623.1051,0,7099.55718,96430.8044,7099.55718,1807.69932,0,94623.1051,17137.5728,619137.335,0.214634104,132863.294
485,-9,66,leading,109,0.000234315106,22.2483244,0.00372010402,22.2741599,0.787002904,0.0142588499,0.151578122,0,0.0113676797,0.154469292,0.0533701156,0.725217832,0.221412052,0.0113676797,0.00289117022,0,0.151578122,8965.36885,95305.9879,0,7147.52185,97123.8349,7147.52185,1817.847,0,95305.9879,17559.5222,628873.264,0.212997096,133923.672
486,-9,78,leading,107,0.000236182509,22.1700351,0.00370423328,22.1956685,0.78770151,0.0142511011,0.151001557,0,0.0113671017,0.153885557,0.053543017,0.72485469,0.221602293,0.0113671017,0.00288399945,0,0.151001557,9022.97576,95605.4817,0,7196.99355,97431.4639,7196.99355,1825.98221,0,95605.4817,17750.8166,633257.417,0.21229849,134415.167
487,-9,90,leading,107,0.000236182509,22.1700351,0.00370423328,22.1956685,0.78770151,0.0142511011,0.151001557,0,0.0113671017,0.153885557,0.053543017,0.72485469,0.221602293,0.0113671017,0.00288399945,0,0.151001557,9022.97576,95605.4817,0,7196.99355,97431.4639,7196.99355,1825.98221,0,95605.4817,17750.8166,633257.417,0.21229849,134415.167
488,-9,102,leading,107,0.000236182509,22.1700351,0.00370423328,22.1956685,0.78770151,0.0142511011,0.151001557,0,0.0113671017,0.153885557,0.053543017,0.72485469,0.221602293,0.0113671017,0.00288399945,0,0.151001557,9022.97576,95605.4817,0,7196.99355,97431.4639,7196.99355,1825.98221,0,95605.4817,17750.8166,633257.417,0.21229849,134415.167
489,-9,114,leading,109,0.000234315106,22.2483244,0.00372010402,22.2741599,0.787002904,0.0142588499,0.151578122,0,0.0113676797,0.154469292,0.0533701156,0.725217832,0.221412052,0.0113676797,0.00289117022,0,0.151578122,8965.36885,95305.9879,0,7147.52185,97123.8349,7147.52185,1817.847,0,95305.9879,17559.5222,628873.264,0.212997096,133923.672
490,-9,126,leading,110,0.000230670026,22.4181218,0.00375633225,22.4444802,0.785365896,0.0143892339,0.152858963,0,0.0114689847,0.155779212,0.0534350531,0.725789655,0.220775292,0.0114689847,0.00292024916,0,0.152858963,8907.2565,94623.1051,0,7099.55718,96430.8044,7099.55718,1807.69932,0,94623.1051,17137.5728,619137.335,0.214634104,132863.294
491,-9,138,leading,111,0.000217216024,22.7049045,0.00380814377,22.7312434,0.782566447,0.0145021574,0.154965365,0,0.0115210785,0.157946444,0.0529866634,0.726412469,0.220600868,0.0115210785,0.00298107895,0,0.154965365,8738.72624,93379.203,0,6942.38436,95175.5449,6942.38436,1796.34189,0,93379.203,16435.5715,602696.146,0.217433553,131021.354
492,-9,150,leading,112,0.000208450692,23.2181627,0.00390704199,23.2455747,0.777828147,0.0144539912,0.158550445,0,0.0114349664,0.16156947,0.0514690151,0.72722745,0.221303535,0.0114349664,0.00301902471,0,0.158550445,8299.89448,91044.1933,0,6566.28428,92777.8035,6566.28428,1733.6102,0,91044.1933,15253.7419,574343.559,0.222171853,127577.422
493,-9,162,leading,116,0.000174690608,24.4351251,0.00401951056,24.460883,0.769797703,0.0134109424,0.165417715,0,0.0104845916,0.168344066,0.0455451215,0.731287516,0.223167362,0.0104845916,0.00292635083,0,0.165417715,6916.89077,85316.6191,0,5407.58229,86825.9276,5407.58229,1509.30847,0,85316.6191,12934.9999,515879.698,0.230202297,118730.22
494,-9,174,leading,124,0.000107893951,28.0982648,0.00462435337,28.1291787,0.742405517,0.0122167333,0.187098785,0,0.00916421749,0.190151301,0.0355761404,0.738180798,0.226243061,0.00916421749,0.00305251577,0,0.187098785,4538.68497,69509.7802,0,3404.63324,70643.8319,3404.63324,1134.05173,0,69509.7802,7911.10462,371628.841,0.257594483,95699.9045
495,-9,186,trailing,81,2.94462385,0.0367618702,0.000116601425,0.036818467,0.89606845,0.103931085,4.4837889e-07,0,0.103931085,4.4837889e-07,0.999995525,4.31417496e-06,1.60451472e-07,0.103931085,0,0,4.4837889e-07,3700654.27,15.9653414,0,3700654.27,15.9653414,3700654.27,0,0,15.9653414,300134107,35589115.7,0.10393155,3700670.83
496,-9,198,trailing,89,2.94566637,0.0385692246,0.000127362998,0.0386265288,0.897203812,0.10214564,0.000483264271,0,0.10213817,0.000490734438,0.993598804,0.00477385832,0.00162733804,0.10213817,7.47016665e-06,0,0.000483264271,3724345.23,17620.3604,0,3724072.86,17892.7311,3724072.86,272.370701,0,17620.3604,300203215,36443434.5,0.102796188,3748064.96
497,-9,210,trailing,93,2.94579733,0.0389193868,0.000130435538,0.0389768786,0.89727416,0.101790348,0.000703967233,0,0.101777626,0.000716688593,0.990769471,0.00697671192,0.00225381683,0.101777626,1.272136e-05,0,0.000703967233,3728070.14,25782.7906,0,3727604.22,26248.7103,3727604.22,465.919642,0,25782.7906,300212937,36607293.5,0.10272584,3762332.54
498,-9,222,trailing,94,2.9458419,0.0390450021,0.000131738497,0.0391026596,0.897284293,0.101677599,0.00077887243,0,0.101663618,0.000792852619,0.98975728,0.00771890342,0.00252381652,0.101663618,1.39801887e-05,0,0.00077887243,3729757.35,28570.7492,0,3729244.53,29083.5732,3729244.53,512.823989,0,28570.7492,300216056,36664500.1,0.102715707,3767837.43
499,-9,234,trailing,96,2.94586443,0.0391034191,0.000132296676,0.0391611327,0.897274828,0.101626895,0.000825837656,0,0.101612069,0.000840663626,0.98916426,0.00818361858,0.00265212116,0.101612069,1.48259702e-05,0,0.000825837656,3730688.47,30316.2173,0,3730144.21,30860.4735,3730144.21,544.256284,0,30316.2173,300217502,36691963.8,0.102725172,3771005.85
500,-9,246,trailing,97,2.94587438,0.0391376527,0.000132560691,0.0391954058,0.897268109,0.101596756,0.000855066374,0,0.101581644,0.000870178291,0.988803416,0.00847038136,0.00272620302,0.101581644,1.51119178e-05,0,0.000855066374,3731222.42,31402.9989,0,3730667.42,31957.9962,3730667.42,554.997312,0,31402.9989,300218337,36708109.2,0.102731891,3772911.14
501,-9,258,trailing,98,2.94587707,0.0391490659,0.000132657631,0.039206833,0.897265588,0.10158599,0.000866580981,0,0.101570529,0.000882042043,0.988670953,0.00858565328,0.00274339401,0.101570529,1.5461062e-05,0,0.000866580981,3731364.45,31830.4665,0,3730796.55,32398.3683,3730796.55,567.901705,0,31830.4665,300218607,36713399.5,0.102734412,3773547.24
502,-9,270,trailing,98,2.94587707,0.0391490659,0.000132657631,0.039206833,0.897265588,0.10158599,0.000866580981,0,0.101570529,0.000882042043,0.988670953,0.00858565328,0.00274339401,0.101570529,1.5461062e-05,0,0.000866580981,3731364.45,31830.4665,0,3730796.55,32398.3683,3730796.55,567.901705,0,31830.4665,300218607,36713399.5,0.102734412,3773547.24
503,-9,282,trailing,98,2.94587707,0.0391490659,0.000132657631,0.039206833,0.897265588,0.10158599,0.000866580981,0,0.101570529,0.000882042043,0.988670953,0.00858565328,0.00274339401,0.101570529,1.5461062e-05,0,0.000866580981,3731364.45,31830.4665,0,3730796.55,32398.3683,3730796.55,567.901705,0,31830.4665,300218607,36713399.5,0.102734412,3773547.24
504,-9,294,trailing,97,2.94587438,0.0391376527,0.000132560691,0.0391954058,0.897268109,0.101596756,0.000855066374,0,0.101581644,0.000870178291,0.988803416,0.00847038136,0.00272620302,0.101581644,1.51119178e-05,0,0.000855066374,3731222.42,31402.9989,0,3730667.42,31957.9962,3730667.42,554.997312,0,31402.9989,300218337,36708109.2,0.102731891,3772911.14
505,-9,306,trailing,96,2.94586443,0.0391034191,0.000132296676,0.0391611327,0.897274828,0.101626895,0.000825837656,0,0.101612069,0.000840663626,0.98916426,0.00818361858,0.00265212116,0.101612069,1.48259702e-05,0,0.000825837656,3730688.47,30316.2173,0,3730144.21,30860.4735,3730144.21,544.256284,0,30316.2173,300217502,36691963.8,0.102725172,3771005.85
506,-9,318,trailing,94,2.9458419,0.0390450021,0.000131738497,0.0391026596,0.897284293,0.101677599,0.00077887243,0,0.101663618,0.000792852619,0.98975728,0.00771890342,0.00252381652,0.101663618,1.39801887e-05,0,0.00077887243,3729757.35,28570.7492,0,3729244.53,29083.5732,3729244.53,512.823989,0,28570.7492,300216056,36664500.1,0.102715707,3767837.43
507,-9,330,trailing,93,2.94579733,0.0389193868,0.000130435538,0.0389768786,0.89727416,0.101790348,0.000703967233,0,0.101777626,0.000716688593,0.990769471,0.00697671192,0.00225381683,0.101777626,1.272136e-05,0,0.000703967233,3728070.14,25782.7906,0,3727604.22,26248.7103,3727604.22,465.919642,0,25782.7906,300212937,36607293.5,0.10272584,3762332.54
508,-9,342,trailing,89,2.94566637,0.0385692246,0.000127362998,0.0386265288,0.897203812,0.10214564,0.000483264271,0,0.10213817,0.000490734438,0.993598804,0.00477385832,0.00162733804,0.10213817,7.47016665e-06,0,0.000483264271,3724345.23,17620.3604,0,3724072.86,17892.7311,3724072.86,272.370701,0,17620.3604,300203215,36443434.5,0.102796188,3748064.96
509,-9,354,trailing,81,2.94462385,0.0367618702,0.000116601425,0.036818467,0.89606845,0.103931085,4.4837889e-07,0,0.103931085,4.4837889e-07,0.999995525,4.31417496e-06,1.60451472e-07,0.103931085,0,0,4.4837889e-07,3700654.27,15.9653414,0,3700654.27,15.9653414,3700654.27,0,0,15.9653414,300134107,35589115.7,0.10393155,3700670.83
510,-15,6,leading,137,4.77965679e-05,34.0813841,0.00548383648,34.1185206,0.699052693,0.0100365765,0.222274182,0,0.00688233601,0.225428423,0.0228689071,0.749062767,0.228068326,0.00688233601,0.00315424046,0,0.222274182,2111.01991,46751.5219,0,1447.5801,47414.9617,1447.5801,663.439813,0,46751.5219,3529.67916,210447.703,0.300947307,63299.0502
511,-15,18,leading,126,9.46203462e-05,29.0227288,0.00475665049,29.0544739,0.73572365,0.0120890816,0.192713651,0,0.00900565966,0.195797073,0.0340766764,0.740880039,0.225043284,0.00900565966,0.00308342194,0,0.192713651,4123.0648,65726.3221,0,3071.44245,66777.9444,3071.44245,1051.62236,0,65726.3221,6980.96364,341171.944,0.26427635,90133.2751
512,-15,30,leading,119,0.000130634276,26.6679446,0.00436836367,26.696307,0.753606755,0.0125659507,0.178585266,0,0.00965502219,0.181496194,0.0391854176,0.736611891,0.224202691,0.00965502219,0.00291092854,0,0.178585266,5320.83921,75618.9089,0,4088.25578,76851.4923,4088.25578,1232.58344,0,75618.9089,9602.87858,423548.08,0.246393245,104331.05
513,-15,42,leading,118,0.000152198702,25.4224519,0.00416936383,25.449015,0.762573185,0.0128571171,0.171421665,0,0.00992808156,0.1743507,0.0418153339,0.734334494,0.223850172,0.00992808156,0.00292903554,0,0.171421665,6081.0941,81078.1503,0,4695.73371,82463.5107,4695.73371,1385.36039,0,81078.1503,11339.8823,473089.922,0.237426815,112296.932
514,-15,54,leading,117,0.00016893155,24.7590891,0.0040571472,24.7844647,0.7672817,0.0133655683,0.167502769,0,0.0103982614,0.170470076,0.044681752,0.732516851,0.222801397,0.0103982614,0.00296730694,0,0.167502769,6706.67327,84050.7729,0,5217.71615,85539.73,5217.71615,1488.95712,0,84050.7729,12404.1615,501902.347,0.2327183,116775.102
515,-15,66,leading,115,0.000176632958,24.3355979,0.00399929814,24.3616697,0.770343947,0.0134649719,0.164887508,0,0.0105499092,0.167802571,0.045937867,0.730669053,0.22339308,0.0105499092,0.00291506266,0,0.164887508,6998.63692,85702.9492,0,5483.48595,87218.1002,5483.48595,1515.15097,0,85702.9492,13088.1698,519881.168,0.229656053,119367.448
516,-15,78,leading,114,0.000187314902,24.1211208,0.00404055571,24.1488045,0.771374881,0.0139184952,0.163912854,0,0.0110048833,0.166826466,0.0481350574,0.729694384,0.222170559,0.0110048833,0.00291361196,0,0.163912854,7358.95698,86663.6529,0,5818.4783,88204.1315,5818.4783,1540.47868,0,86663.6529,13434.4324,528832.87,0.228625119,120878.183
517,-15,90,leading,113,0.000190040394,24.0645463,0.00402926531,24.0921883,0.772009946,0.0138823495,0.163429702,0,0.0109867392,0.166325313,0.048189555,0.729528811,0.222281634,0.0109867392,0.00289561025,0,0.163429702,7388.97785,86986.6052,0,5847.769,88527.8141,5847.769,1541.20886,0,86986.6052,13572.855,532372.027,0.227990054,121349.305
518,-15,102,leading,114,0.000187314902,24.1211208,0.00404055571,24.1488045,0.771374881,0.0139184952,0.163912854,0,0.0110048833,0.166826466,0.0481350574,0.729694384,0.222170559,0.0110048833,0.00291361196,0,0.163912854,7358.95698,86663.6529,0,5818.4783,88204.1315,5818.4783,1540.47868,0,86663.6529,13434.4324,528832.87,0.228625119,120878.183
519,-15,114,leading,115,0.000176632958,24.3355979,0.00399929814,24.3616697,0.770343947,0.0134649719,0.164887508,0,0.0105499092,0.167802571,0.045937867,0.730669053,0.22339308,0.0105499092,0.00291506266,0,0.164887508,6998.63692,85702.9492,0,5483.48595,87218.1002,5483.48595,1515.15097,0,85702.9492,13088.1698,519881.168,0.229656053,119367.448
520,-15,126,leading,117,0.00016893155,24.7590891,0.0040571472,24.7844647,0.7672817,0.0133655683,0.167502769,0,0.0103982614,0.170470076,0.044681752,0.732516851,0.222801397,0.0103982614,0.00296730694,0,0.167502769,6706.67327,84050.7729,0,5217.71615,85539.73,5217.71615,1488.95712,0,84050.7729,12404.1615,501902.347,0.2327183,116775.102
521,-15,138,leading,118,0.000152198702,25.4224519,0.00416936383,25.449015,0.762573185,0.0128571171,0.171421665,0,0.00992808156,0.1743507,0.0418153339,0.734334494,0.223850172,0.00992808156,0.00292903554,0,0.171421665,6081.0941,81078.1503,0,4695.73371,82463.5107,4695.73371,1385.36039,0,81078.1503,11339.8823,473089.922,0.237426815,112296.932
522,-15,150,leading,119,0.000130634276,26.6679446,0.00436836367,26.696307,0.753606755,0.0125659507,0.178585266,0,0.00965502219,0.181496194,0.0391854176,0.736611891,0.224202691,0.00965502219,0.00291092854,0,0.178585266,5320.83921,75618.9089,0,4088.25578,76851.4923,4088.25578,1232.58344,0,75618.9089,9602.87858,423548.08,0.246393245,104331.05
523,-15,162,leading,126,9.46203462e-05,29.0227288,0.00475665049,29.0544739,0.73572365,0.0120890816,0.192713651,0,0.00900565966,0.195797073,0.0340766764,0.740880039,0.225043284,0.00900565966,0.00308342194,0,0.192713651,4123.0648,65726.3221,0,3071.44245,66777.9444,3071.44245,1051.62236,0,65726.3221,6980.96364,341171.944,0.26427635,90133.2751
524,-15,174,leading,137,4.77965679e-05,34.0813841,0.00548383648,34.1185206,0.699052693,0.0100365765,0.222274182,0,0.00688233601,0.225428423,0.0228689071,0.749062767,0.228068326,0.00688233601,0.00315424046,0,0.222274182,2111.01991,46751.5219,0,1447.5801,47414.9617,1447.5801,663.439813,0,46751.5219,3529.67916,210447.703,0.300947307,63299.0502
525,-15,186,trailing,68,2.76574011,0.0124711857,4.32712792e-05,0.0124860082,0.873641292,0.126358703,0,0,0.126358703,0,0.999999959,0,4.08999988e-08,0.126358703,0,0,0,2551642.5,0,0,2551642.5,0,2551642.5,0,0,0,291236913,20161592.3,0.126358708,2551642.61
526,-15,198,trailing,79,2.94334771,0.0355638769,0.000112971715,0.0356196063,0.894900924,0.105099073,0,0,0.105099073,0,0.999999972,0,2.83655051e-08,0.105099073,0,0,0,3679342.13,0,0,3679342.13,0,3679342.13,0,0,0,300067558,34990628.2,0.105099076,3679342.23
527,-15,210,trailing,85,2.94523074,0.0376789818,0.00012090215,0.0377358081,0.896810746,0.103015215,0.000131620097,0,0.103014145,0.000132689887,0.998303027,0.00128588861,0.000411084242,0.103014145,1.06979011e-06,0,0.000131620097,3713736.34,4744.95283,0,3713697.77,4783.51916,3713697.77,38.5663264,0,4744.95283,300173808,36032674.1,0.103189254,3720010.53
528,-15,222,trailing,87,2.94550135,0.0382711912,0.000124597948,0.0383283228,0.897121114,0.102436366,0.000336288871,0,0.102431007,0.000341647895,0.995646542,0.00332087475,0.00103258329,0.102431007,5.35902439e-06,0,0.000336288871,3721148.87,12216.1787,0,3720954.19,12410.8529,3720954.19,194.674297,0,12216.1787,300194360,36308750.3,0.102878886,3737224.04
529,-15,234,trailing,88,2.94565044,0.0385277832,0.000126874081,0.0385850684,0.897197942,0.102188895,0.000453786371,0,0.102181436,0.000461245254,0.993962934,0.0044867317,0.00155033459,0.102181436,7.4588832e-06,0,0.000453786371,3723840.82,16536.3195,0,3723569.01,16808.1269,3723569.01,271.807361,0,16536.3195,300201927,36423065.1,0.102802058,3746184.98
530,-15,246,trailing,90,2.94570083,0.0386571219,0.00012793771,0.0387144652,0.897226563,0.10205388,0.000533110674,0,0.102045348,0.000541642419,0.992915597,0.00527025696,0.00181414581,0.102045348,8.53174575e-06,0,0.000533110674,3725065.4,19459.0556,0,3724753.98,19770.4726,3724753.98,311.416978,0,19459.0556,300205686,36483274.7,0.102773437,3751329.91
531,-15,258,trailing,91,2.94572098,0.0387107343,0.00012839363,0.0387681249,0.897237382,0.101995111,0.000573209007,0,0.101986489,0.00058183075,0.992447369,0.0056618911,0.00189073948,0.101986489,8.6217426e-06,0,0.000573209007,3725558.33,20937.5094,0,3725243.41,21252.4343,3725243.41,314.924947,0,20937.5094,300207253,36509139.2,0.102762618,3753592.91
532,-15,270,trailing,92,2.94572661,0.0387364759,0.00012858448,0.0387938656,0.897241846,0.101967778,0.000592430925,0,0.10195906,0.000601149061,0.99222354,0.00585013487,0.00192632473,0.10195906,8.71813671e-06,0,0.000592430925,3725860.23,21647.1798,0,3725541.68,21965.7369,3725541.68,318.557093,0,21647.1798,300208016,36521891.2,0.102758154,3754740.26
533,-15,282,trailing,91,2.94572098,0.0387107343,0.00012839363,0.0387681249,0.897237382,0.101995111,0.000573209007,0,0.101986489,0.00058183075,0.992447369,0.0056618911,0.00189073948,0.101986489,8.6217426e-06,0,0.000573209007,3725558.33,20937.5094,0,3725243.41,21252.4343,3725243.41,314.924947,0,20937.5094,300207253,36509139.2,0.102762618,3753592.91
534,-15,294,trailing,90,2.94570083,0.0386571219,0.00012793771,0.0387144652,0.897226563,0.10205388,0.000533110674,0,0.102045348,0.000541642419,0.992915597,0.00527025696,0.00181414581,0.102045348,8.53174575e-06,0,0.000533110674,3725065.4,19459.0556,0,3724753.98,19770.4726,3724753.98,311.416978,0,19459.0556,300205686,36483274.7,0.102773437,3751329.91
535,-15,306,trailing,88,2.94565044,0.0385277832,0.000126874081,0.0385850684,0.897197942,0.102188895,0.000453786371,0,0.102181436,0.000461245254,0.993962934,0.0044867317,0.00155033459,0.102181436,7.4588832e-06,0,0.000453786371,3723840.82,16536.3195,0,3723569.01,16808.1269,3723569.01,271.807361,0,16536.3195,300201927,36423065.1,0.102802058,3746184.98
536,-15,318,trailing,87,2.94550135,0.0382711912,0.000124597948,0.0383283228,0.897121114,0.102436366,0.000336288871,0,0.102431007,0.000341647895,0.995646542,0.00332087475,0.00103258329,0.102431007,5.35902439e-06,0,0.000336288871,3721148.87,12216.1787,0,3720954.19,12410.8529,3720954.19,194.674297,0,12216.1787,300194360,36308750.3,0.102878886,3737224.04
537,-15,330,trailing,85,2.94523074,0.0376789818,0.00012090215,0.0377358081,0.896810746,0.103015215,0.000131620097,0,0.103014145,0.000132689887,0.998303027,0.00128588861,0.000411084242,0.103014145,1.06979011e-06,0,0.000131620097,3713736.34,4744.95283,0,3713697.77,4783.51916,3713697.77,38.5663264,0,4744.95283,300173808,36032674.1,0.103189254,3720010.53
538,-15,342,trailing,79,2.94334771,0.0355638769,0.000112971715,0.0356196063,0.894900924,0.105099073,0,0,0.105099073,0,0.999999972,0,2.83655051e-08,0.105099073,0,0,0,3679342.13,0,0,3679342.13,0,3679342.13,0,0,0,300067558,34990628.2,0.105099076,3679342.23
539,-15,354,trailing,68,2.76574011,0.0124711857,4.32712792e-05,0.0124860082,0.873641292,0.126358703,0,0,0.126358703,0,0.999999959,0,4.08999988e-08,0.126358703,0,0,0,2551642.5,0,0,2551642.5,0,2551642.5,0,0,0,291236913,20161592.3,0.126358708,2551642.61
540,-21,6,leading,147,2.25462467e-05,38.9612859,0.00580256121,39.0002692,0.663223303,0.00768923104,0.251767452,0,0.0045714449,0.254885238,0.0135741129,0.756837515,0.229588372,0.0045714449,0.00311778614,0,0.251767452,934.66286,30603.5396,0,555.681023,30982.5215,555.681023,378.981838,0,30603.5396,1714.06602,121669.821,0.336776697,40936.8205
541,-21,18,leading,135,4.90356745e-05,33.8189732,0.00544061513,33.8557234,0.700758698,0.0101083531,0.220956384,0,0.00698867203,0.224076065,0.0233546371,0.74881396,0.227831403,0.00698867203,0.00311968112,0,0.220956384,2184.57839,47752.2435,0,1510.36491,48426.4569,1510.36491,674.213479,0,47752.2435,3663.3097,216231.19,0.299241302,64670.8789
542,-21,30,leading,130,7.66027035e-05,30.6944103,0.00508461966,30.7283886,0.722913061,0.0112576142,0.20341847,0,0.0081575083,0.206518576,0.0294402483,0.7453205,0.225239252,0.0081575083,0.00310010594,0,0.20341847,3270.81994,59101.7932,0,2370.10616,60002.507,2370.10616,900.713784,0,59101.7932,5541.63411,290657.952,0.277086939,80505.6442
543,-21,42,leading,125,9.5353005e-05,28.9296344,0.0047465503,28.9613609,0.736432135,0.0121405767,0.192153476,0,0.00904207546,0.195251977,0.0343064412,0.740803427,0.224890132,0.00904207546,0.00309850123,0,0.192153476,4176.73826,66106.8083,0,3110.75688,67172.7896,3110.75688,1065.98138,0,66106.8083,7069.752,344146.325,0.263567865,90675.5925
544,-21,54,leading,123,0.000114033914,27.8287933,0.00457383836,27.8593158,0.744356386,0.0122691142,0.185693287,0,0.00924489002,0.188717511,0.0361631957,0.73820546,0.225631344,0.00924489002,0.00302422418,0,0.185693287,4673.3483,70731.2193,0,3521.41078,71883.1569,3521.41078,1151.93752,0,70731.2193,8207.40885,381018.527,0.255643614,97375.5421
545,-21,66,leading,122,0.000121187666,27.2344724,0.00444805892,27.2636256,0.748946669,0.012393727,0.182225383,0,0.00940147274,0.185217637,0.0374481099,0.737762117,0.224789773,0.00940147274,0.00299225422,0,0.182225383,4986.99813,73324.0008,0,3782.9724,74528.0265,3782.9724,1204.02573,0,73324.0008,8901.0788,402495.852,0.251053331,101019.048
546,-21,78,leading,121,0.000126918915,26.8850572,0.00440069589,26.9135421,0.75203231,0.0123175228,0.179809112,0,0.00936553523,0.182761099,0.0377691756,0.737035938,0.225194886,0.00936553523,0.00295198753,0,0.179809112,5121.99114,74769.9594,0,3894.46721,75997.4833,3894.46721,1227.52393,0,74769.9594,9346.78078,415944.656,0.24796769,103112.317
547,-21,90,leading,120,0.000128550179,26.7886537,0.00438639267,26.8170805,0.75273431,0.0124244463,0.179263745,0,0.00949040624,0.182197785,0.0383814117,0.73685025,0.224768339,0.00949040624,0.00293404008,0,0.179263745,5207.98184,75142.369,0,3978.11396,76372.2368,3978.11396,1229.86788,0,75142.369,9459.32827,419287.152,0.24726569,103646.89
548,-21,102,leading,121,0.000126918915,26.8850572,0.00440069589,26.9135421,0.75203231,0.0123175228,0.179809112,0,0.00936553523,0.182761099,0.0377691756,0.737035938,0.225194886,0.00936553523,0.00295198753,0,0.179809112,5121.99114,74769.9594,0,3894.46721,75997.4833,3894.46721,1227.52393,0,74769.9594,9346.78078,415944.656,0.24796769,103112.317
549,-21,114,leading,122,0.000121187666,27.2344724,0.00444805892,27.2636256,0.748946669,0.012393727,0.182225383,0,0.00940147274,0.185217637,0.0374481099,0.737762117,0.224789773,0.00940147274,0.00299225422,0,0.182225383,4986.99813,73324.0008,0,3782.9724,74528.0265,3782.9724,1204.02573,0,73324.0008,8901.0788,402495.852,0.251053331,101019.048
550,-21,126,leading,123,0.000114033914,27.8287933,0.00457383836,27.8593158,0.744356386,0.0122691142,0.185693287,0,0.00924489002,0.188717511,0.0361631957,0.73820546,0.225631344,0.00924489002,0.00302422418,0,0.185693287,4673.3483,70731.2193,0,3521.41078,71883.1569,3521.41078,1151.93752,0,70731.2193,8207.40885,381018.527,0.255643614,97375.5421
551,-21,138,leading,125,9.5353005e-05,28.9296344,0.0047465503,28.9613609,0.736432135,0.0121405767,0.192153476,0,0.00904207546,0.195251977,0.0343064412,0.740803427,0.224890132,0.00904207546,0.00309850123,0,0.192153476,4176.73826,66106.8083,0,3110.75688,67172.7896,3110.75688,1065.98138,0,66106.8083,7069.752,344146.325,0.263567865,90675.5925
552,-21,150,leading,130,7.66027035e-05,30.6944103,0.00508461966,30.7283886,0.722913061,0.0112576142,0.20341847,0,0.0081575083,0.206518576,0.0294402483,0.7453205,0.225239252,0.0081575083,0.00310010594,0,0.20341847,3270.81994,59101.7932,0,2370.10616,60002.507,2370.10616,900.713784,0,59101.7932,5541.63411,290657.952,0.277086939,80505.6442
553,-21,162,leading,135,4.90356745e-05,33.8189732,0.00544061513,33.8557234,0.700758698,0.0101083531,0.220956384,0,0.00698867203,0.224076065,0.0233546371,0.74881396,0.227831403,0.00698867203,0.00311968112,0,0.220956384,2184.57839,47752.2435,0,1510.36491,48426.4569,1510.36491,674.213479,0,47752.2435,3663.3097,216231.19,0.299241302,64670.8789
554,-21,174,leading,147,2.25462467e-05,38.9612859,0.00580256121,39.0002692,0.663223303,0.00768923104,0.251767452,0,0.0045714449,0.254885238,0.0135741129,0.756837515,0.229588372,0.0045714449,0.00311778614,0,0.251767452,934.66286,30603.5396,0,555.681023,30982.5215,555.681023,378.981838,0,30603.5396,1714.06602,121669.821,0.336776697,40936.8205
555,-21,186,trailing,59,1.5396368,0.00272493885,1.88596056e-05,0.00272586357,0.864530005,0.135469984,0,0,0.135469984,0,0.999999916,0,8.35456133e-08,0.135469984,0,0,0,1177398.8,0,0,1177398.8,0,1177398.8,0,0,0,251906304,8659165.2,0.135469995,1177398.89
556,-21,198,trailing,70,2.7931769,0.0137669677,4.6604294e-05,0.0137846471,0.87457372,0.125426275,0,0,0.125426275,0,0.999999961,0,3.91141027e-08,0.125426275,0,0,0,2668148.64,0,0,2668148.64,0,2668148.64,0,0,0,292617912,21240594.8,0.12542628,2668148.74
557,-21,210,trailing,75,2.93803308,0.0321676558,0.000102442832,0.0322194038,0.891645185,0.108354812,0,0,0.108354812,0,0.999999971,0,2.89791286e-08,0.108354812,0,0,0,3601256.15,0,0,3601256.15,0,3601256.15,0,0,0,299780987,33218081.8,0.108354815,3601256.26
558,-21,222,trailing,80,2.94370908,0.0359062369,0.000113985237,0.0359622609,0.895250287,0.10474971,0,0,0.10474971,0,0.999999972,0,2.83225823e-08,0.10474971,0,0,0,3684945.1,0,0,3684945.1,0,3684945.1,0,0,0,300088009,35160877.4,0.104749713,3684945.21
559,-21,234,trailing,82,2.94479777,0.0369990408,0.000117463483,0.0370556598,0.896278823,0.10370503,1.2823073e-05,0,0.103705,1.28537126e-05,0.999844035,0.000123925635,3.20390014e-05,0.103705,3.06396489e-08,0,1.2823073e-05,3704754.87,458.091009,0,3704753.77,459.185579,3704753.77,1.09456974,0,458.091009,300145387,35706271.7,0.103721177,3705331.67
560,-21,246,trailing,83,2.94508211,0.0374508282,0.000119637236,0.0375075591,0.896665916,0.103232214,7.85616677e-05,0,0.103231902,7.88743223e-05,0.99901115,0.00076329435,0.00022555549,0.103231902,3.12654619e-07,0,7.85616677e-05,3710290.66,2823.60137,0,3710279.42,2834.83855,3710279.42,11.2371852,0,2823.60137,300164797,35923516.4,0.103334084,3713951.97
561,-21,258,trailing,84,2.94522456,0.0376599104,0.000120804055,0.0377167292,0.896798828,0.103033516,0.000127247134,0,0.103032603,0.000128159797,0.998366603,0.00124184439,0.000391552387,0.103032603,9.12662419e-07,0,0.000127247134,3713481.18,4586.176,0,3713448.29,4619.06971,3713448.29,32.8937112,0,4586.176,300173092,36023794.2,0.103201172,3719523.75
562,-21,270,trailing,86,2.94525429,0.0377364273,0.000121246514,0.0377932619,0.896855115,0.102953254,0.000145105314,0,0.10295195,0.000146408862,0.998129473,0.00141944859,0.000451078718,0.10295195,1.30354858e-06,0,0.000145105314,3714206.43,5234.9107,0,3714159.4,5281.93834,3714159.4,47.0276399,0,5234.9107,300175900,36058936.7,0.103144885,3721119.86
563,-21,282,trailing,84,2.94522456,0.0376599104,0.000120804055,0.0377167292,0.896798828,0.103033516,0.000127247134,0,0.103032603,0.000128159797,0.998366603,0.00124184439,0.000391552387,0.103032603,9.12662419e-07,0,0.000127247134,3713481.18,4586.176,0,3713448.29,4619.06971,3713448.29,32.8937112,0,4586.176,300173092,36023794.2,0.103201172,3719523.75
564,-21,294,trailing,83,2.94508211,0.0374508282,0.000119637236,0.0375075591,0.896665916,0.103232214,7.85616677e-05,0,0.103231902,7.88743223e-05,0.99901115,0.00076329435,0.00022555549,0.103231902,3.12654619e-07,0,7.85616677e-05,3710290.66,2823.60137,0,3710279.42,2834.83855,3710279.42,11.2371852,0,2823.60137,300164797,35923516.4,0.103334084,3713951.97
565,-21,306,trailing,82,2.94479777,0.0369990408,0.000117463483,0.0370556598,0.896278823,0.10370503,1.2823073e-05,0,0.103705,1.28537126e-05,0.999844035,0.000123925635,3.20390014e-05,0.103705,3.06396489e-08,0,1.2823073e-05,3704754.87,458.091009,0,3704753.77,459.185579,3704753.77,1.09456974,0,458.091009,300145387,35706271.7,0.103721177,3705331.67
566,-21,318,trailing,80,2.94370908,0.0359062369,0.000113985237,0.0359622609,0.895250287,0.10474971,0,0,0.10474971,0,0.999999972,0,2.83225823e-08,0.10474971,0,0,0,3684945.1,0,0,3684945.1,0,3684945.1,0,0,0,300088009,35160877.4,0.104749713,3684945.21
567,-21,330,trailing,75,2.93803308,0.0321676558,0.000102442832,0.0322194038,0.891645185,0.108354812,0,0,0.108354812,0,0.999999971,0,2.89791286e-08,0.108354812,0,0,0,3601256.15,0,0,3601256.15,0,3601256.15,0,0,0,299780987,33218081.8,0.108354815,3601256.26
568,-21,342,trailing,70,2.7931769,0.0137669677,4.6604294e-05,0.0137846471,0.87457372,0.125426275,0,0,0.125426275,0,0.999999961,0,3.91141027e-08,0.125426275,0,0,0,2668148.64,0,0,2668148.64,0,2668148.64,0,0,0,292617912,21240594.8,0.12542628,2668148.74
569,-21,354,trailing,59,1.5396368,0.00272493885,1.88596056e-05,0.00272586357,0.864530005,0.135469984,0,0,0.135469984,0,0.999999916,0,8.35456133e-08,0.135469984,0,0,0,1177398.8,0,0,1177398.8,0,1177398.8,0,0,0,251906304,8659165.2,0.135469995,1177398.89
570,-27,6,leading,155,1.03856813e-05,42.4470688,0.0061143118,42.4885606,0.633198078,0.00733596877,0.27543445,0,0.00438104509,0.278389374,0.0119438989,0.758963781,0.229092321,0.00438104509,0.00295492369,0,0.27543445,507.454199,19052.7485,0,303.051961,19257.1508,303.051961,204.402238,0,19052.7485,859.404226,69288.4809,0.366801922,25372.9509
571,-27,18,leading,144,2.56969083e-05,38.1330954,0.00589532387,38.1712319,0.669402492,0.00835299698,0.245903805,0,0.0052125719,0.24904423,0.015767124,0.75331551,0.230917366,0.0052125719,0.00314042509,0,0.245903805,1123.09815,33062.8766,0,700.853819,33485.1209,700.853819,422.244328,0,33062.8766,1949.84666,134569.545,0.330597508,44450.3272
572,-27,30,leading,138,4.23799099e-05,34.8285549,0.00563994361,34.8673072,0.693224811,0.00962650824,0.227155357,0,0.0064773188,0.230304546,0.0211142199,0.75072742,0.22815836,0.0064773188,0.00314918944,0,0.227155357,1864.89945,44005.7692,0,1254.82137,44615.8473,1254.82137,610.078079,0,44005.7692,3156.44003,193840.468,0.306775189,59430.1554
573,-27,42,leading,132,5.89084873e-05,32.6624038,0.00531071769,32.6996571,0.707777145,0.0104544007,0.215704822,0,0.00736819282,0.21879103,0.0252142935,0.748712931,0.226072776,0.00736819282,0.00308620788,0,0.215704822,2516.27947,51918.195,0,1773.45721,52661.0173,1773.45721,742.822256,0,51918.195,4250.90701,240805.969,0.292222855,70335.3918
574,-27,54,leading,131,7.01430398e-05,31.2557705,0.00516517342,31.2905236,0.717804795,0.0112306962,0.207487926,0,0.00805521395,0.210663409,0.0285448293,0.746516613,0.224938557,0.00805521395,0.00317548222,0,0.207487926,3084.82907,56992.4409,0,2212.59286,57864.6771,2212.59286,872.236212,0,56992.4409,5116.80703,274793.397,0.282195205,77512.9128
575,-27,66,leading,129,8.07524274e-05,30.4153172,0.00501732055,30.448319,0.725228121,0.0113960395,0.2014481,0,0.00831155427,0.204532586,0.0302489261,0.744372335,0.225378739,0.00831155427,0.00308448527,0,0.2014481,3405.76369,60203.7771,0,2483.94976,61125.5911,2483.94976,921.813925,0,60203.7771,5769.5708,298970.074,0.274771879,82116.957
576,-27,78,leading,128,8.61068587e-05,29.9639922,0.00494142367,29.9964714,0.728175677,0.0115869422,0.199250531,0,0.00850223652,0.202335237,0.0312784243,0.744360306,0.22436127,0.00850223652,0.00308470573,0,0.199250531,3605.98185,62008.9219,0,2645.98803,62968.9157,2645.98803,959.993812,0,62008.9219,6114.816,311325.868,0.271824323,84594.6717
577,-27,90,leading,127,8.70399674e-05,29.8275763,0.00491776222,29.8600458,0.728973485,0.0116813654,0.198525574,0,0.00856343857,0.201643501,0.0315963128,0.743999165,0.224404522,0.00856343857,0.00311792682,0,0.198525574,3678.09996,62509.5511,0,2696.36143,63491.2896,2696.36143,981.738532,0,62509.5511,6218.51283,314984.051,0.271026515,85337.8506
578,-27,102,leading,128,8.61068587e-05,29.9639922,0.00494142367,29.9964714,0.728175677,0.0115869422,0.199250531,0,0.00850223652,0.202335237,0.0312784243,0.744360306,0.22436127,0.00850223652,0.00308470573,0,0.199250531,3605.98185,62008.9219,0,2645.98803,62968.9157,2645.98803,959.993812,0,62008.9219,6114.816,311325.868,0.271824323,84594.6717
579,-27,114,leading,129,8.07524274e-05,30.4153172,0.00501732055,30.448319,0.725228121,0.0113960395,0.2014481,0,0.00831155427,0.204532586,0.0302489261,0.744372335,0.225378739,0.00831155427,0.00308448527,0,0.2014481,3405.76369,60203.7771,0,2483.94976,61125.5911,2483.94976,921.813925,0,60203.7771,5769.5708,298970.074,0.274771879,82116.957
580,-27,126,leading,131,7.01430398e-05,31.2557705,0.00516517342,31.2905236,0.717804795,0.0112306962,0.207487926,0,0.00805521395,0.210663409,0.0285448293,0.746516613,0.224938557,0.00805521395,0.00317548222,0,0.207487926,3084.82907,56992.4409,0,2212.59286,57864.6771,2212.59286,872.236212,0,56992.4409,5116.80703,274793.397,0.282195205,77512.9128
581,-27,138,leading,132,5.89084873e-05,32.6624038,0.00531071769,32.6996571,0.707777145,0.0104544007,0.215704822,0,0.00736819282,0.21879103,0.0252142935,0.748712931,0.226072776,0.00736819282,0.00308620788,0,0.215704822,2516.27947,51918.195,0,1773.45721,52661.0173,1773.45721,742.822256,0,51918.195,4250.90701,240805.969,0.292222855,70335.3918
582,-27,150,leading,138,4.23799099e-05,34.8285549,0.00563994361,34.8673072,0.693224811,0.00962650824,0.227155357,0,0.0064773188,0.230304546,0.0211142199,0.75072742,0.22815836,0.0064773188,0.00314918944,0,0.227155357,1864.89945,44005.7692,0,1254.82137,44615.8473,1254.82137,610.078079,0,44005.7692,3156.44003,193840.468,0.306775189,59430.1554
583,-27,162,leading,144,2.56969083e-05,38.1330954,0.00589532387,38.1712319,0.669402492,0.00835299698,0.245903805,0,0.0052125719,0.24904423,0.015767124,0.75331551,0.230917366,0.0052125719,0.00314042509,0,0.245903805,1123.09815,33062.8766,0,700.853819,33485.1209,700.853819,422.244328,0,33062.8766,1949.84666,134569.545,0.330597508,44450.3272
584,-27,174,leading,155,1.03856813e-05,42.4470688,0.0061143118,42.4885606,0.633198078,0.00733596877,0.27543445,0,0.00438104509,0.278389374,0.0119438989,0.758963781,0.229092321,0.00438104509,0.00295492369,0,0.27543445,507.454199,19052.7485,0,303.051961,19257.1508,303.051961,204.402238,0,19052.7485,859.404226,69288.4809,0.366801922,25372.9509
585,-27,186,trailing,43,0.0628841522,0.00126236346,1.4387509e-05,0.00126288546,0.861661865,0.138338116,0,0,0.138338116,0,0.999999866,0,1.33818791e-07,0.138338116,0,0,0,717430.198,0,0,717430.198,0,717430.198,0,0,0,212766338,5146989.31,0.138338135,717430.294
586,-27,198,trailing,61,1.7584929,0.00311801487,2.00481398e-05,0.00311893478,0.865014029,0.13498596,0,0,0.13498596,0,0.999999918,0,8.18937565e-08,0.13498596,0,0,0,1274370.62,0,0,1274370.62,0,1274370.62,0,0,0,257192053,9408714.65,0.134985971,1274370.73
587,-27,210,trailing,66,2.58419513,0.00805887266,3.28633909e-05,0.00806605058,0.870315263,0.12968473,0,0,0.12968473,0,0.99999995,0,5.0195281e-08,0.12968473,0,0,0,2079128.17,0,0,2079128.17,0,2079128.17,0,0,0,283683024,16000123.9,0.129684737,2079128.28
588,-27,222,trailing,73,2.88955527,0.0211526881,6.67232275e-05,0.0211845961,0.881441998,0.118557998,0,0,0.118557998,0,0.999999967,0,3.30501201e-08,0.118557998,0,0,0,3157686.19,0,0,3157686.19,0,3157686.19,0,0,0,297270054,26616412.6,0.118558002,3157686.3
589,-27,234,trailing,74,2.9348014,0.0307014929,9.77633608e-05,0.0307514693,0.890239409,0.109760587,0,0,0.109760587,0,0.999999971,0,2.93111861e-08,0.109760587,0,0,0,3560428.07,0,0,3560428.07,0,3560428.07,0,0,0,299606107,32420435.5,0.109760591,3560428.17
590,-27,246,trailing,76,2.9404929,0.0335298193,0.000106675559,0.0335832228,0.892934135,0.107065862,0,0,0.107065862,0,0.999999971,0,2.87041742e-08,0.107065862,0,0,0,3635808.56,0,0,3635808.56,0,3635808.56,0,0,0,299914369,33940923.4,0.107065865,3635808.67
591,-27,258,trailing,77,2.94201362,0.0345606781,0.000109852685,0.0346152042,0.893929498,0.106070499,0,0,0.106070499,0,0.999999971,0,2.85243792e-08,0.106070499,0,0,0,3658783.67,0,0,3658783.67,0,3658783.67,0,0,0,299998359,34476192.4,0.106070502,3658783.77
592,-27,270,trailing,78,2.94246581,0.0348565925,0.000110788645,0.0349114779,0.894216096,0.105783901,0,0,0.105783901,0,0.999999972,0,2.84746561e-08,0.105783901,0,0,0,3665191.3,0,0,3665191.3,0,3665191.3,0,0,0,300020252,34630218.7,0.105783904,3665191.41
593,-27,282,trailing,77,2.94201362,0.0345606781,0.000109852685,0.0346152042,0.893929498,0.106070499,0,0,0.106070499,0,0.999999971,0,2.85243792e-08,0.106070499,0,0,0,3658783.67,0,0,3658783.67,0,3658783.67,0,0,0,299998359,34476192.4,0.106070502,3658783.77
594,-27,294,trailing,76,2.9404929,0.0335298193,0.000106675559,0.0335832228,0.892934135,0.107065862,0,0,0.107065862,0,0.999999971,0,2.87041742e-08,0.107065862,0,0,0,3635808.56,0,0,3635808.56,0,3635808.56,0,0,0,299914369,33940923.4,0.107065865,3635808.67
595,-27,306,trailing,74,2.9348014,0.0307014929,9.77633608e-05,0.0307514693,0.890239409,0.109760587,0,0,0.109760587,0,0.999999971,0,2.93111861e-08,0.109760587,0,0,0,3560428.07,0,0,3560428.07,0,3560428.07,0,0,0,299606107,32420435.5,0.109760591,3560428.17
596,-27,318,trailing,73,2.88955527,0.0211526881,6.67232275e-05,0.0211845961,0.881441998,0.118557998,0,0,0.118557998,0,0.999999967,0,3.30501201e-08,0.118557998,0,0,0,3157686.19,0,0,3157686.19,0,3157686.19,0,0,0,297270054,26616412.6,0.118558002,3157686.3
597,-27,330,trailing,66,2.58419513,0.00805887266,3.28633909e-05,0.00806605058,0.870315263,0.12968473,0,0,0.12968473,0,0.99999995,0,5.0195281e-08,0.12968473,0,0,0,2079128.17,0,0,2079128.17,0,2079128.17,0,0,0,283683024,16000123.9,0.129684737,2079128.28
598,-27,342,trailing,61,1.7584929,0.00311801487,2.00481398e-05,0.00311893478,0.865014029,0.13498596,0,0,0.13498596,0,0.999999918,0,8.18937565e-08,0.13498596,0,0,0,1274370.62,0,0,1274370.62,0,1274370.62,0,0,0,257192053,9408714.65,0.134985971,1274370.73
599,-27,354,trailing,43,0.0628841522,0.00126236346,1.4387509e-05,0.00126288546,0.861661865,0.138338116,0,0,0.138338116,0,0.999999866,0,1.33818791e-07,0.138338116,0,0,0,717430.198,0,0,717430.198,0,717430.198,0,0,0,212766338,5146989.31,0.138338135,717430.294
600,-33,6,leading,166,5.15509508e-06,45.5127563,0.00645981543,45.5493583,0.610860545,0.00606009407,0.295084368,0,0.00324107048,0.297903391,0.00832881487,0.765544041,0.226127144,0.00324107048,0.00281902359,0,0.295084368,216.777204,10555.5398,0,115.937177,10656.3798,115.937177,100.840027,0,10555.5398,404.634469,35886.3012,0.389139455,13920.0088
601,-33,18,leading,153,1.21487372e-05,41.7612688,0.00610642951,41.8025974,0.641645075,0.00737648854,0.269071266,0,0.00434933602,0.272098419,0.0121369506,0.759298674,0.228564376,0.00434933602,0.00302715252,0,0.269071266,592.220527,21602.3554,0,349.185938,21845.39,349.185938,243.034589,0,21602.3554,1026.5795,80399.9243,0.358354925,28770.4836
602,-33,30,leading,146,2.34403693e-05,38.7577688,0.00580399864,38.7961205,0.664591704,0.00771202896,0.250514202,0,0.00456897874,0.253657253,0.0136221399,0.756264098,0.230113762,0.00456897874,0.00314305022,0,0.250514202,962.289935,31258.6087,0,570.107073,31650.7916,570.107073,392.182862,0,31258.6087,1772.06956,124892.823,0.335408296,41851.5062
603,-33,42,leading,140,3.31374481e-05,36.45568,0.00578301313,36.4966915,0.680906162,0.0087975559,0.237052234,0,0.0057467483,0.240103041,0.0180095872,0.752452766,0.229537647,0.0057467483,0.00305080761,0,0.237052234,1435.02574,38667.1095,0,937.388956,39164.7463,937.388956,497.636787,0,38667.1095,2508.45178,163231.446,0.319093838,52049.4416
604,-33,54,leading,139,4.23125764e-05,34.8883099,0.00565217703,34.9269602,0.692850022,0.00955773331,0.22746975,0,0.00642168852,0.230605795,0.0209073383,0.750792157,0.228300505,0.00642168852,0.00313604479,0,0.22746975,1840.71031,43808.0766,0,1236.74389,44412.0431,1236.74389,603.966421,0,43808.0766,3131.42495,192703.621,0.307149978,59153.5789
605,-33,66,leading,136,4.82724401e-05,33.9578224,0.00546114129,33.9946759,0.699927415,0.0100802451,0.221564405,0,0.00694925272,0.224695397,0.0231585725,0.748803484,0.228037944,0.00694925272,0.00313099241,0,0.221564405,2148.3789,47221.4997,0,1481.07786,47888.8007,1481.07786,667.301036,0,47221.4997,3594.07804,213242.68,0.300072585,63953.7632
606,-33,78,leading,134,5.27602656e-05,33.3712181,0.00539018663,33.4086013,0.703502149,0.0102869979,0.218867049,0,0.00716372983,0.221990317,0.0241611526,0.748708014,0.227130834,0.00716372983,0.00312326805,0,0.218867049,2319.37639,49347.2511,0,1615.18317,50051.4443,1615.18317,704.193221,0,49347.2511,3883.036,225581.829,0.296497851,66850.4189
607,-33,90,leading,133,5.37117154e-05,33.2151333,0.00537242556,33.2523257,0.704436513,0.010358221,0.218131691,0,0.00722079,0.221269122,0.0244305887,0.748634832,0.226934579,0.00722079,0.00313743095,0,0.218131691,2367.81316,49863.3009,0,1650.61951,50580.4946,1650.61951,717.193652,0,49863.3009,3957.58972,228707.688,0.295563487,67563.6404
608,-33,102,leading,134,5.27602656e-05,33.3712181,0.00539018663,33.4086013,0.703502149,0.0102869979,0.218867049,0,0.00716372983,0.221990317,0.0241611526,0.748708014,0.227130834,0.00716372983,0.00312326805,0,0.218867049,2319.37639,49347.2511,0,1615.18317,50051.4443,1615.18317,704.193221,0,49347.2511,3883.036,225581.829,0.296497851,66850.4189
609,-33,114,leading,136,4.82724401e-05,33.9578224,0.00546114129,33.9946759,0.699927415,0.0100802451,0.221564405,0,0.00694925272,0.224695397,0.0231585725,0.748803484,0.228037944,0.00694925272,0.00313099241,0,0.221564405,2148.3789,47221.4997,0,1481.07786,47888.8007,1481.07786,667.301036,0,47221.4997,3594.07804,213242.68,0.300072585,63953.7632
610,-33,126,leading,139,4.23125764e-05,34.8883099,0.00565217703,34.9269602,0.692850022,0.00955773331,0.22746975,0,0.00642168852,0.230605795,0.0209073383,0.750792157,0.228300505,0.00642168852,0.00313604479,0,0.22746975,1840.71031,43808.0766,0,1236.74389,44412.0431,1236.74389,603.966421,0,43808.0766,3131.42495,192703.621,0.307149978,59153.5789
611,-33,138,leading,140,3.31374481e-05,36.45568,0.00578301313,36.4966915,0.680906162,0.0087975559,0.237052234,0,0.0057467483,0.240103041,0.0180095872,0.752452766,0.229537647,0.0057467483,0.00305080761,0,0.237052234,1435.02574,38667.1095,0,937.388956,39164.7463,937.388956,497.636787,0,38667.1095,2508.45178,163231.446,0.319093838,52049.4416
612,-33,150,leading,146,2.34403693e-05,38.7577688,0.00580399864,38.7961205,0.664591704,0.00771202896,0.250514202,0,0.00456897874,0.253657253,0.0136221399,0.756264098,0.230113762,0.00456897874,0.00314305022,0,0.250514202,962.289935,31258.6087,0,570.107073,31650.7916,570.107073,392.182862,0,31258.6087,1772.06956,124892.823,0.335408296,41851.5062
613,-33,162,leading,153,1.21487372e-05,41.7612688,0.00610642951,41.8025974,0.641645075,0.00737648854,0.269071266,0,0.00434933602,0.272098419,0.0121369506,0.759298674,0.228564376,0.00434933602,0.00302715252,0,0.269071266,592.220527,21602.3554,0,349.185938,21845.39,349.185938,243.034589,0,21602.3554,1026.5795,80399.9243,0.358354925,28770.4836
614,-33,174,leading,166,5.15509508e-06,45.5127563,0.00645981543,45.5493583,0.610860545,0.00606009407,0.295084368,0,0.00324107048,0.297903391,0.00832881487,0.765544041,0.226127144,0.00324107048,0.00281902359,0,0.295084368,216.777204,10555.5398,0,115.937177,10656.3798,115.937177,100.840027,0,10555.5398,404.634469,35886.3012,0.389139455,13920.0088
615,-33,186,trailing,33,0,0.000757185274,1.24535318e-05,0.000758061165,0.860477985,0.139521986,0,0,0.139521986,0,0.999999791,0,2.09022998e-07,0.139521986,0,0,0,459306.752,0,0,459306.752,0,459306.752,0,0,0,173746953,3292002.48,0.139522015,459306.848
616,-33,198,trailing,52,0.218813428,0.0014228932,1.49550291e-05,0.0014233661,0.862010568,0.137989415,0,0,0.137989415,0,0.999999877,0,1.22738541e-07,0.137989415,0,0,0,782196.257,0,0,782196.257,0,782196.257,0,0,0,220141993,5629449.78,0.137989432,782196.353
617,-33,210,trailing,58,1.51019555,0.00268234504,1.87311968e-05,0.00268323786,0.864572895,0.135427094,0,0,0.135427094,0,0.999999916,0,8.43961614e-08,0.135427094,0,0,0,1165532.95,0,0,1165532.95,0,1165532.95,0,0,0,251260019,8574299.83,0.135427105,1165533.05
618,-33,222,trailing,64,2.25070265,0.00483965749,2.5078273e-05,0.00484246866,0.867135881,0.132864111,0,0,0.132864111,0,0.999999935,0,6.46175779e-08,0.132864111,0,0,0,1615084.29,0,0,1615084.29,0,1615084.29,0,0,0,271443825,12123861,0.132864119,1615084.4
619,-33,234,trailing,67,2.59093814,0.00819535825,3.31282912e-05,0.00820278429,0.870497126,0.129502867,0,0,0.129502867,0,0.99999995,0,4.98300729e-08,0.129502867,0,0,0,2094365.92,0,0,2094365.92,0,2094365.92,0,0,0,284011338,16140301.5,0.129502874,2094366.02
620,-33,246,trailing,69,2.76979508,0.0126763322,4.38521184e-05,0.0126917126,0.873834724,0.126165271,0,0,0.126165271,0,0.999999959,0,4.06172978e-08,0.126165271,0,0,0,2569402.47,0,0,2569402.47,0,2569402.47,0,0,0,291469519,20333320,0.126165276,2569402.57
621,-33,258,trailing,71,2.84614893,0.016894146,5.43936294e-05,0.0169181738,0.87766322,0.122336775,0,0,0.122336775,0,0.999999964,0,3.60252206e-08,0.122336775,0,0,0,2896928.71,0,0,2896928.71,0,2896928.71,0,0,0,295097568,23647899.1,0.12233678,2896928.81
622,-33,270,trailing,72,2.86626353,0.0186850534,5.93205353e-05,0.0187124108,0.878971353,0.121028643,0,0,0.121028643,0,0.999999965,0,3.45495519e-08,0.121028643,0,0,0,3020658.58,0,0,3020658.58,0,3020658.58,0,0,0,296147097,24940519.1,0.121028647,3020658.68
623,-33,282,trailing,71,2.84614893,0.016894146,5.43936294e-05,0.0169181738,0.87766322,0.122336775,0,0,0.122336775,0,0.999999964,0,3.60252206e-08,0.122336775,0,0,0,2896928.71,0,0,2896928.71,0,2896928.71,0,0,0,295097568,23647899.1,0.12233678,2896928.81
624,-33,294,trailing,69,2.76979508,0.0126763322,4.38521184e-05,0.0126917126,0.873834724,0.126165271,0,0,0.126165271,0,0.999999959,0,4.06172978e-08,0.126165271,0,0,0,2569402.47,0,0,2569402.47,0,2569402.47,0,0,0,291469519,20333320,0.126165276,2569402.57
625,-33,306,trailing,67,2.59093814,0.00819535825,3.31282912e-05,0.00820278429,0.870497126,0.129502867,0,0,0.129502867,0,0.99999995,0,4.98300729e-08,0.129502867,0,0,0,2094365.92,0,0,2094365.92,0,2094365.92,0,0,0,284011338,16140301.5,0.129502874,2094366.02
626,-33,318,trailing,64,2.25070265,0.00483965749,2.5078273e-05,0.00484246866,0.867135881,0.132864111,0,0,0.132864111,0,0.999999935,0,6.46175779e-08,0.132864111,0,0,0,1615084.29,0,0,1615084.29,0,1615084.29,0,0,0,271443825,12123861,0.132864119,1615084.4
627,-33,330,trailing,58,1.51019555,0.00268234504,1.87311968e-05,0.00268323786,0.864572895,0.135427094,0,0,0.135427094,0,0.999999916,0,8.43961614e-08,0.135427094,0,0,0,1165532.95,0,0,1165532.95,0,1165532.95,0,0,0,251260019,8574299.83,0.135427105,1165533.05
628,-33,342,trailing,52,0.218813428,0.0014228932,1.49550291e-05,0.0014233661,0.862010568,0.137989415,0,0,0.137989415,0,0.999999877,0,1.22738541e-07,0.137989415,0,0,0,782196.257,0,0,782196.257,0,782196.257,0,0,0,220141993,5629449.78,0.137989432,782196.353
629,-33,354,trailing,33,0,0.000757185274,1.24535318e-05,0.000758061165,0.860477985,0.139521986,0,0,0.139521986,0,0.999999791,0,2.09022998e-07,0.139521986,0,0,0,459306.752,0,0,459306.752,0,459306.752,0,0,0,173746953,3292002.48,0.139522015,459306.848
630,-39,6,leading,174,1.46581933e-06,47.3354536,0.00637977825,47.3666741,0.591626143,0.00645190199,0.315934232,0,0.00389066418,0.318495469,0.00952721168,0.779911504,0.210561284,0.00389066418,0.00256123781,0,0.315934232,85.0968856,4166.99125,0,51.3156284,4200.77251,51.3156284,33.7812572,0,4166.99125,138.198275,13189.4267,0.408373857,5386.21688
631,-39,18,leading,161,6.04540242e-06,44.572866,0.00634932565,44.6133157,0.617739735,0.00675926411,0.289261389,0,0.00416254489,0.291858108,0.0108892953,0.763506269,0.225604436,0.00416254489,0.00259671923,0,0.289261389,301.973866,12922.9127,0,185.963997,13038.9226,185.963997,116.009869,0,12922.9127,518.716173,44790.5935,0.382260265,17077.6889
632,-39,30,leading,154,1.15890965e-05,41.9608101,0.00613319557,42.0018166,0.63934691,0.00733409797,0.270693798,0,0.00433478281,0.273693113,0.0120192587,0.758881928,0.229098813,0.00433478281,0.00299931516,0,0.270693798,564.753546,20844.456,0,333.794827,21075.4147,333.794827,230.958719,0,20844.456,976.398338,77118.8588,0.36065309,27771.665
633,-39,42,leading,149,1.78452399e-05,39.9136723,0.00592776575,39.9531275,0.655134079,0.00741463626,0.258686413,0,0.00431937753,0.261781672,0.0125248025,0.759082462,0.228392735,0.00431937753,0.00309525873,0,0.258686413,787.916284,27489.3104,0,458.998631,27818.228,458.998631,328.917653,0,27489.3104,1447.25955,106380.032,0.344865921,36647.1753
634,-39,54,leading,145,2.46779085e-05,38.4622069,0.00584007181,38.4993048,0.666486383,0.00795556574,0.248426272,0,0.00475666883,0.251625169,0.0142622927,0.754467453,0.231270255,0.00475666883,0.00319889692,0,0.248426272,1032.27534,32234.5791,0,617.202103,32649.6524,617.202103,415.073233,0,32234.5791,1862.78809,129870.144,0.333513617,43275.0972
635,-39,66,leading,143,2.91993755e-05,37.3229002,0.00585808402,37.3640335,0.674566318,0.00829701539,0.242425363,0,0.0052622356,0.245460142,0.0161699169,0.754255494,0.229574589,0.0052622356,0.00303477978,0,0.242425363,1222.38794,35716.1973,0,775.277978,36163.3073,775.277978,447.109958,0,35716.1973,2194.92442,147443.669,0.325433682,47945.6995
636,-39,78,leading,142,3.1738313e-05,36.7572765,0.00583720309,36.7984888,0.678691063,0.00856870756,0.238834113,0,0.00551938606,0.241883434,0.0171778168,0.752806432,0.230015751,0.00551938606,0.00304932151,0,0.238834113,1349.5932,37616.9793,0,869.317323,38097.2552,869.317323,480.275882,0,37616.9793,2395.28249,157617.571,0.321308937,50606.9736
637,-39,90,leading,141,3.25534227e-05,36.5749834,0.00579980664,36.6158374,0.680129847,0.0087286984,0.237626824,0,0.00567673923,0.240678783,0.0177470113,0.752426509,0.22982648,0.00567673923,0.00305195918,0,0.237626824,1406.33838,38285.6306,0,914.617037,38777.352,914.617037,491.721347,0,38285.6306,2467.85563,161231.654,0.319870153,51536.398
638,-39,102,leading,142,3.1738313e-05,36.7572765,0.00583720309,36.7984888,0.678691063,0.00856870756,0.238834113,0,0.00551938606,0.241883434,0.0171778168,0.752806432,0.230015751,0.00551938606,0.00304932151,0,0.238834113,1349.5932,37616.9793,0,869.317323,38097.2552,869.317323,480.275882,0,37616.9793,2395.28249,157617.571,0.321308937,50606.9736
639,-39,114,leading,143,2.91993755e-05,37.3229002,0.00585808402,37.3640335,0.674566318,0.00829701539,0.242425363,0,0.0052622356,0.245460142,0.0161699169,0.754255494,0.229574589,0.0052622356,0.00303477978,0,0.242425363,1222.38794,35716.1973,0,775.277978,36163.3073,775.277978,447.109958,0,35716.1973,2194.92442,147443.669,0.325433682,47945.6995
640,-39,126,leading,145,2.46779085e-05,38.4622069,0.00584007181,38.4993048,0.666486383,0.00795556574,0.248426272,0,0.00475666883,0.251625169,0.0142622927,0.754467453,0.231270255,0.00475666883,0.00319889692,0,0.248426272,1032.27534,32234.5791,0,617.202103,32649.6524,617.202103,415.073233,0,32234.5791,1862.78809,129870.144,0.333513617,43275.0972
641,-39,138,leading,149,1.78452399e-05,39.9136723,0.00592776575,39.9531275,0.655134079,0.00741463626,0.258686413,0,0.00431937753,0.261781672,0.0125248025,0.759082462,0.228392735,0.00431937753,0.00309525873,0,0.258686413,787.916284,27489.3104,0,458.998631,27818.228,458.998631,328.917653,0,27489.3104,1447.25955,106380.032,0.344865921,36647.1753
642,-39,150,leading,154,1.15890965e-05,41.9608101,0.00613319557,42.0018166,0.63934691,0.00733409797,0.270693798,0,0.00433478281,0.273693113,0.0120192587,0.758881928,0.229098813,0.00433478281,0.00299931516,0,0.270693798,564.753546,20844.456,0,333.794827,21075.4147,333.794827,230.958719,0,20844.456,976.398338,77118.8588,0.36065309,27771.665
643,-39,162,leading,161,6.04540242e-06,44.572866,0.00634932565,44.6133157,0.617739735,0.00675926411,0.289261389,0,0.00416254489,0.291858108,0.0108892953,0.763506269,0.225604436,0.00416254489,0.00259671923,0,0.289261389,301.973866,12922.9127,0,185.963997,13038.9226,185.963997,116.009869,0,12922.9127,518.716173,44790.5935,0.382260265,17077.6889
644,-39,174,leading,174,1.46581933e-06,47.3354536,0.00637977825,47.3666741,0.591626143,0.00645190199,0.315934232,0,0.00389066418,0.318495469,0.00952721168,0.779911504,0.210561284,0.00389066418,0.00256123781,0,0.315934232,85.0968856,4166.99125,0,51.3156284,4200.77251,51.3156284,33.7812572,0,4166.99125,138.198275,13189.4267,0.408373857,5386.21688
645,-39,186,trailing,25,0,0.000524433739,1.14923248e-05,0.000525725822,0.859207607,0.140792349,0,0,0.140792349,0,0.999999682,0,3.18193521e-07,0.140792349,0,0,0,301720.968,0,0,301720.968,0,301720.968,0,0,0,135961970,2143021.05,0.140792393,301721.064
646,-39,198,trailing,42,0,0.000833633257,1.27627205e-05,0.000834422698,0.860641289,0.139358684,0,0,0.139358684,0,0.99999981,0,1.9046467e-07,0.139358684,0,0,0,504060.274,0,0,504060.274,0,504060.274,0,0,0,182147876,3616999.27,0.139358711,504060.37
647,-39,210,trailing,51,0.151218808,0.00136184162,1.4741788e-05,0.00136233661,0.861907929,0.138092053,0,0,0.138092053,0,0.999999873,0,1.26687044e-07,0.138092053,0,0,0,757817.283,0,0,757817.283,0,757817.283,0,0,0,217479983,5448695.11,0.138092071,757817.379
648,-39,222,trailing,55,1.04682583,0.00210335718,1.70159444e-05,0.00210385534,0.863009371,0.136990616,0,0,0.136990616,0,0.999999903,0,9.69745602e-08,0.136990616,0,0,0,1014353.87,0,0,1014353.87,0,1014353.87,0,0,0,240846226,7372500.31,0.136990629,1014353.97
649,-39,234,trailing,60,1.70853081,0.0030134128,1.97501733e-05,0.00301430015,0.864992942,0.135007047,0,0,0.135007047,0,0.99999992,0,8.03185705e-08,0.135007047,0,0,0,1248252.71,0,0,1248252.71,0,1248252.71,0,0,0,255887181,9213784.09,0.135007058,1248252.81
650,-39,246,trailing,62,2.05122689,0.00394309367,2.23429491e-05,0.00394497363,0.866045994,0.133953996,0,0,0.133953996,0,0.999999928,0,7.19899398e-08,0.133953996,0,0,0,1449687.74,0,0,1449687.74,0,1449687.74,0,0,0,265253283,10790230.3,0.133954006,1449687.85
651,-39,258,trailing,63,2.21884295,0.00469559229,2.45739854e-05,0.00469808871,0.866657392,0.133342599,0,0,0.133342599,0,0.999999935,0,6.54853155e-08,0.133342599,0,0,0,1593683.23,0,0,1593683.23,0,1593683.23,0,0,0,270580249,11919743.5,0.133342608,1593683.33
652,-39,270,trailing,65,2.27708865,0.0050127454,2.55083883e-05,0.0050157277,0.867179088,0.132820904,0,0,0.132820904,0,0.999999937,0,6.34099689e-08,0.132820904,0,0,0,1645842.36,0,0,1645842.36,0,1645842.36,0,0,0,272406071,12359390.9,0.132820912,1645842.47
653,-39,282,trailing,63,2.21884295,0.00469559229,2.45739854e-05,0.00469808871,0.866657392,0.133342599,0,0,0.133342599,0,0.999999935,0,6.54853155e-08,0.133342599,0,0,0,1593683.23,0,0,1593683.23,0,1593683.23,0,0,0,270580249,11919743.5,0.133342608,1593683.33
654,-39,294,trailing,62,2.05122689,0.00394309367,2.23429491e-05,0.00394497363,0.866045994,0.133953996,0,0,0.133953996,0,0.999999928,0,7.19899398e-08,0.133953996,0,0,0,1449687.74,0,0,1449687.74,0,1449687.74,0,0,0,265253283,10790230.3,0.133954006,1449687.85
655,-39,306,trailing,60,1.70853081,0.0030134128,1.97501733e-05,0.00301430015,0.864992942,0.135007047,0,0,0.135007047,0,0.99999992,0,8.03185705e-08,0.135007047,0,0,0,1248252.71,0,0,1248252.71,0,1248252.71,0,0,0,255887181,9213784.09,0.135007058,1248252.81
656,-39,318,trailing,55,1.04682583,0.00210335718,1.70159444e-05,0.00210385534,0.863009371,0.136990616,0,0,0.136990616,0,0.999999903,0,9.69745602e-08,0.136990616,0,0,0,1014353.87,0,0,1014353.87,0,1014353.87,0,0,0,240846226,7372500.31,0.136990629,1014353.97
657,-39,330,trailing,51,0.151218808,0.00136184162,1.4741788e-05,0.00136233661,0.861907929,0.138092053,0,0,0.138092053,0,0.999999873,0,1.26687044e-07,0.138092053,0,0,0,757817.283,0,0,757817.283,0,757817.283,0,0,0,217479983,5448695.11,0.138092071,757817.379
658,-39,342,trailing,42,0,0.000833633257,1.27627205e-05,0.000834422698,0.860641289,0.139358684,0,0,0.139358684,0,0.99999981,0,1.9046467e-07,0.139358684,0,0,0,504060.274,0,0,504060.274,0,504060.274,0,0,0,182147876,3616999.27,0.139358711,504060.37
659,-39,354,trailing,25,0,0.000524433739,1.14923248e-05,0.000525725822,0.859207607,0.140792349,0,0,0.140792349,0,0.999999682,0,3.18193521e-07,0.140792349,0,0,0,301720.968,0,0,301720.968,0,301720.968,0,0,0,135961970,2143021.05,0.140792393,301721.064
660,-45,6,leading,-1,nan,nan,nan,nan,nan,nan,nan,nan,nan,nan,nan,nan,nan,nan,nan,nan,nan,nan,nan,nan,nan,nan,nan,nan,nan,nan,nan,nan,nan,nan
661,-45,18,leading,169,2.60550806e-06,46.1753159,0.00655044212,46.2143481,0.597397889,0.00589317684,0.312557214,0,0.00353203761,0.314918354,0.00877302308,0.782207408,0.209019569,0.00353203761,0.00236113923,0,0.312557214,120.817762,6407.82791,0,72.4113479,6456.23433,72.4113479,48.4064138,0,6407.82791,220.138242,20501.2965,0.402602111,8253.86497
662,-45,30,leading,162,5.88738895e-06,44.6324777,0.00633979725,44.6728317,0.617388315,0.00679258406,0.289832194,0,0.00417365379,0.292451124,0.0109083281,0.76435492,0.224736752,0.00417365379,0.00261893027,0,0.289832194,298.845045,12751.3939,0,183.623161,12866.6158,183.623161,115.221884,0,12751.3939,509.806472,44110.8217,0.382611685,16833.3002
663,-45,42,leading,158,9.81041736e-06,42.7147567,0.00614984885,42.7568176,0.630823069,0.00728798446,0.277965576,0,0.00433443934,0.280919122,0.0117408185,0.760933573,0.227325608,0.00433443934,0.00295354513,0,0.277965576,476.925049,18190.0424,0,283.645321,18383.3221,283.645321,193.279728,0,18190.0424,804.934377,65554.951,0.369176931,24158.9053
664,-45,54,leading,152,1.30381596e-05,41.4536436,0.00609659746,41.494128,0.643766682,0.00734696892,0.267555731,0,0.0043954682,0.270507232,0.0123387341,0.759354104,0.228307162,0.0043954682,0.00295150072,0,0.267555731,617.247439,22478.3978,0,369.280382,22726.3649,369.280382,247.967057,0,22478.3978,1084.39809,84128.9302,0.356233318,29928.5468
665,-45,66,leading,151,1.61611473e-05,40.4194852,0.00598446416,40.4591421,0.650401924,0.00749683484,0.262557517,0,0.00437495986,0.265679392,0.0125142561,0.759956678,0.227529066,0.00437495986,0.00312187497,0,0.262557517,731.958281,25634.9717,0,427.152014,25939.778,427.152014,304.806267,0,25634.9717,1302.98531,97750.6779,0.349598076,34133.2325
666,-45,78,leading,150,1.77663038e-05,39.9478897,0.00593283843,39.9872142,0.654702236,0.00743632353,0.25900351,0,0.0043377226,0.262102111,0.0125622667,0.759061129,0.228376604,0.0043377226,0.00309860092,0,0.25900351,785.496706,27358.4659,0,458.192386,27685.7703,458.192386,327.304321,0,27358.4659,1436.51835,105744.748,0.345297764,36473.7031
667,-45,90,leading,148,1.85671446e-05,39.7707943,0.00589248736,39.8095419,0.656741231,0.00743290295,0.257459355,0,0.00436230487,0.260529953,0.0127085024,0.758989943,0.228301555,0.00436230487,0.00307059807,0,0.257459355,808.728503,28012.5706,0,474.635592,28346.6635,474.635592,334.092911,0,28012.5706,1490.6245,108918.892,0.343258769,37347.8777
668,-45,102,leading,150,1.77663038e-05,39.9478897,0.00593283843,39.9872142,0.654702236,0.00743632353,0.25900351,0,0.0043377226,0.262102111,0.0125622667,0.759061129,0.228376604,0.0043377226,0.00309860092,0,0.25900351,785.496706,27358.4659,0,458.192386,27685.7703,458.192386,327.304321,0,27358.4659,1436.51835,105744.748,0.345297764,36473.7031
669,-45,114,leading,151,1.61611473e-05,40.4194852,0.00598446416,40.4591421,0.650401924,0.00749683484,0.262557517,0,0.00437495986,0.265679392,0.0125142561,0.759956678,0.227529066,0.00437495986,0.00312187497,0,0.262557517,731.958281,25634.9717,0,427.152014,25939.778,427.152014,304.806267,0,25634.9717,1302.98531,97750.6779,0.349598076,34133.2325
670,-45,126,leading,152,1.30381596e-05,41.4536436,0.00609659746,41.494128,0.643766682,0.00734696892,0.267555731,0,0.0043954682,0.270507232,0.0123387341,0.759354104,0.228307162,0.0043954682,0.00295150072,0,0.267555731,617.247439,22478.3978,0,369.280382,22726.3649,369.280382,247.967057,0,22478.3978,1084.39809,84128.9302,0.356233318,29928.5468
671,-45,138,leading,158,9.81041736e-06,42.7147567,0.00614984885,42.7568176,0.630823069,0.00728798446,0.277965576,0,0.00433443934,0.280919122,0.0117408185,0.760933573,0.227325608,0.00433443934,0.00295354513,0,0.277965576,476.925049,18190.0424,0,283.645321,18383.3221,283.645321,193.279728,0,18190.0424,804.934377,65554.951,0.369176931,24158.9053
672,-45,150,leading,162,5.88738895e-06,44.6324777,0.00633979725,44.6728317,0.617388315,0.00679258406,0.289832194,0,0.00417365379,0.292451124,0.0109083281,0.76435492,0.224736752,0.00417365379,0.00261893027,0,0.289832194,298.845045,12751.3939,0,183.623161,12866.6158,183.623161,115.221884,0,12751.3939,509.806472,44110.8217,0.382611685,16833.3002
673,-45,162,leading,169,2.60550806e-06,46.1753159,0.00655044212,46.2143481,0.597397889,0.00589317684,0.312557214,0,0.00353203761,0.314918354,0.00877302308,0.782207408,0.209019569,0.00353203761,0.00236113923,0,0.312557214,120.817762,6407.82791,0,72.4113479,6456.23433,72.4113479,48.4064138,0,6407.82791,220.138242,20501.2965,0.402602111,8253.86497
674,-45,174,leading,-1,nan,nan,nan,nan,nan,nan,nan,nan,nan,nan,nan,nan,nan,nan,nan,nan,nan,nan,nan,nan,nan,nan,nan,nan,nan,nan,nan,nan,nan,nan
675,-45,186,trailing,20,0,0.000398119997,1.097384e-05,0.000399720905,0.858883601,0.141116333,0,0,0.141116333,0,0.99999953,0,4.70407661e-07,0.141116333,0,0,0,193481.719,0,0,193481.719,0,193481.719,0,0,0,100402105,1371079.28,0.141116399,193481.81
676,-45,198,trailing,34,0,0.000569554429,1.16848815e-05,0.00057075107,0.859678969,0.140320991,0,0,0.140320991,0,0.999999713,0,2.86507972e-07,0.140320991,0,0,0,335088.976,0,0,335088.976,0,335088.976,0,0,0,145287811,2388017.54,0.140321031,335089.072
677,-45,210,trailing,44,0,0.00083250086,1.27579288e-05,0.000833290508,0.860638805,0.139361169,0,0,0.139361169,0,0.999999809,0,1.9070436e-07,0.139361169,0,0,0,503426.742,0,0,503426.742,0,503426.742,0,0,0,182034049,3612388.81,0.139361195,503426.838
678,-45,222,trailing,48,0.0141412498,0.0011679665,1.40466571e-05,0.00116852359,0.861469565,0.138530416,0,0,0.138530416,0,0.999999858,0,1.41911922e-07,0.138530416,0,0,0,676515.757,0,0,676515.757,0,676515.757,0,0,0,207664364,4844444.09,0.138530435,676515.853
679,-45,234,trailing,53,0.368125669,0.00154344941,1.5345422e-05,0.00154388745,0.862103371,0.137896613,0,0,0.137896613,0,0.999999884,0,1.15999342e-07,0.137896613,0,0,0,827639.33,0,0,827639.33,0,827639.33,0,0,0,224852470,5969833.13,0.137896629,827639.426
680,-45,246,trailing,54,0.822455619,0.00190142746,1.64409725e-05,0.00190189282,0.862726517,0.137273469,0,0,0.137273469,0,0.999999897,0,1.03457193e-07,0.137273469,0,0,0,950794.501,0,0,950794.501,0,950794.501,0,0,0,235934117,6894230.22,0.137273483,950794.6
681,-45,258,trailing,56,1.12290646,0.00216126453,1.71784136e-05,0.00216176869,0.863276862,0.136723125,0,0,0.136723125,0,0.999999905,0,9.54438295e-08,0.136723125,0,0,0,1030622.1,0,0,1030622.1,0,1030622.1,0,0,0,242130711,7505973.53,0.136723138,1030622.2
682,-45,270,trailing,57,1.21368318,0.00226677315,1.74904677e-05,0.00226727067,0.863817214,0.136182773,0,0,0.136182773,0,0.999999907,0,9.30395907e-08,0.136182773,0,0,0,1057254.39,0,0,1057254.39,0,1057254.39,0,0,0,244222880,7731446.03,0.136182786,1057254.48
683,-45,282,trailing,56,1.12290646,0.00216126453,1.71784136e-05,0.00216176869,0.863276862,0.136723125,0,0,0.136723125,0,0.999999905,0,9.54438295e-08,0.136723125,0,0,0,1030622.1,0,0,1030622.1,0,1030622.1,0,0,0,242130711,7505973.53,0.136723138,1030622.2
684,-45,294,trailing,54,0.822455619,0.00190142746,1.64409725e-05,0.00190189282,0.862726517,0.137273469,0,0,0.137273469,0,0.999999897,0,1.03457193e-07,0.137273469,0,0,0,950794.501,0,0,950794.501,0,950794.501,0,0,0,235934117,6894230.22,0.137273483,950794.6
685,-45,306,trailing,53,0.368125669,0.00154344941,1.5345422e-05,0.00154388745,0.862103371,0.137896613,0,0,0.137896613,0,0.999999884,0,1.15999342e-07,0.137896613,0,0,0,827639.33,0,0,827639.33,0,827639.33,0,0,0,224852470,5969833.13,0.137896629,827639.426
686,-45,318,trailing,48,0.0141412498,0.0011679665,1.40466571e-05,0.00116852359,0.861469565,0.138530416,0,0,0.138530416,0,0.999999858,0,1.41911922e-07,0.138530416,0,0,0,676515.757,0,0,676515.757,0,676515.757,0,0,0,207664364,4844444.09,0.138530435,676515.853
687,-45,330,trailing,44,0,0.00083250086,1.27579288e-05,0.000833290508,0.860638805,0.139361169,0,0,0.139361169,0,0.999999809,0,1.9070436e-07,0.139361169,0,0,0,503426.742,0,0,503426.742,0,503426.742,0,0,0,182034049,3612388.81,0.139361195,503426.838
688,-45,342,trailing,34,0,0.000569554429,1.16848815e-05,0.00057075107,0.859678969,0.140320991,0,0,0.140320991,0,0.999999713,0,2.86507972e-07,0.140320991,0,0,0,335088.976,0,0,335088.976,0,335088.976,0,0,0,145287811,2388017.54,0.140321031,335089.072
689,-45,354,trailing,20,0,0.000398119997,1.097384e-05,0.000399720905,0.858883601,0.141116333,0,0,0.141116333,0,0.99999953,0,4.70407661e-07,0.141116333,0,0,0,193481.719,0,0,193481.719,0,193481.719,0,0,0,100402105,1371079.28,0.141116399,193481.81
690,-51,6,leading,-1,nan,nan,nan,nan,nan,nan,nan,nan,nan,nan,nan,nan,nan,nan,nan,nan,nan,nan,nan,nan,nan,nan,nan,nan,nan,nan,nan,nan,nan,nan
691,-51,18,leading,177,2.78657909e-07,47.2159543,0.00730849778,47.254891,0.574242021,0.00785095355,0.327048233,0,0.00368160334,0.331217583,0.00864717401,0.777948033,0.213404793,0.00368160334,0.00416935021,0,0.327048233,19.15218,797.824951,0,8.98116763,807.995963,8.98116763,10.1710124,0,797.824951,24.6351061,2439.47184,0.425757979,1038.6246
692,-51,30,leading,170,2.4919966e-06,46.2689838,0.00652402113,46.3076909,0.596917417,0.00600887624,0.312833317,0,0.0036056799,0.315236513,0.00894526345,0.782064337,0.2089904,0.0036056799,0.00240319633,0,0.312833317,119.715719,6232.62387,0,71.8364874,6280.5031,71.8364874,47.8792316,0,6232.62387,213.538299,19923.1469,0.403082583,8030.67319
693,-51,42,leading,165,5.18063831e-06,45.4682102,0.00644573661,45.5046977,0.610999284,0.00610254248,0.294726243,0,0.00326148988,0.297567295,0.00838427733,0.764953079,0.226662643,0.00326148988,0.0028410526,0,0.294726243,220.490879,10648.7499,0,117.840847,10751.3999,117.840847,102.650033,0,10648.7499,409.137155,36246.0271,0.389000716,14054.9796
694,-51,54,leading,160,6.84715918e-06,44.0920016,0.00630943562,44.132986,0.620351649,0.00687583314,0.286466397,0,0.00423738342,0.289104847,0.0111613376,0.761506921,0.227331741,0.00423738342,0.00263844973,0,0.286466397,340.598448,14190.2819,0,209.901286,14320.979,209.901286,130.697163,0,14190.2819,583.199312,49650.6302,0.379648351,18806.1049
695,-51,66,leading,159,8.75075103e-06,43.2372062,0.0062959701,43.2818148,0.627397445,0.00730618118,0.280011806,0,0.00449465714,0.28282333,0.0120628726,0.759048285,0.228888842,0.00449465714,0.00281152404,0,0.280011806,438.387289,16801.3376,0,269.689529,16970.0353,269.689529,168.69776,0,16801.3376,727.288067,60117.2873,0.372602555,22356.9906
696,-51,78,leading,157,9.91082415e-06,42.6598382,0.00613933317,42.7016314,0.631205327,0.0073181223,0.277510048,0,0.00436232095,0.28046585,0.0118285899,0.760493222,0.227678188,0.00436232095,0.00295580135,0,0.277510048,483.781172,18345.4349,0,288.38118,18540.8349,288.38118,195.399992,0,18345.4349,814.636517,66222.3223,0.368794673,24380.0134
697,-51,90,leading,156,1.03049617e-05,42.4735637,0.0061125736,42.5148682,0.632795851,0.0073642937,0.275784825,0,0.00440629519,0.278742823,0.011999579,0.759094972,0.228905449,0.00440629519,0.00295799851,0,0.275784825,505.751104,18939.8312,0,302.607249,19142.975,302.607249,203.143855,0,18939.8312,852.090512,68791.1586,0.367204149,25218.1555
698,-51,102,leading,157,9.91082415e-06,42.6598382,0.00613933317,42.7016314,0.631205327,0.0073181223,0.277510048,0,0.00436232095,0.28046585,0.0118285899,0.760493222,0.227678188,0.00436232095,0.00295580135,0,0.277510048,483.781172,18345.4349,0,288.38118,18540.8349,288.38118,195.399992,0,18345.4349,814.636517,66222.3223,0.368794673,24380.0134
699,-51,114,leading,159,8.75075103e-06,43.2372062,0.0062959701,43.2818148,0.627397445,0.00730618118,0.280011806,0,0.00449465714,0.28282333,0.0120628726,0.759048285,0.228888842,0.00449465714,0.00281152404,0,0.280011806,438.387289,16801.3376,0,269.689529,16970.0353,269.689529,168.69776,0,16801.3376,727.288067,60117.2873,0.372602555,22356.9906
700,-51,126,leading,160,6.84715918e-06,44.0920016,0.00630943562,44.132986,0.620351649,0.00687583314,0.286466397,0,0.00423738342,0.289104847,0.0111613376,0.761506921,0.227331741,0.00423738342,0.00263844973,0,0.286466397,340.598448,14190.2819,0,209.901286,14320.979,209.901286,130.697163,0,14190.2819,583.199312,49650.6302,0.379648351,18806.1049
701,-51,138,leading,165,5.18063831e-06,45.4682102,0.00644573661,45.5046977,0.610999284,0.00610254248,0.294726243,0,0.00326148988,0.297567295,0.00838427733,0.764953079,0.226662643,0.00326148988,0.0028410526,0,0.294726243,220.490879,10648.7499,0,117.840847,10751.3999,117.840847,102.650033,0,10648.7499,409.137155,36246.0271,0.389000716,14054.9796
702,-51,150,leading,170,2.4919966e-06,46.2689838,0.00652402113,46.3076909,0.596917417,0.00600887624,0.312833317,0,0.0036056799,0.315236513,0.00894526345,0.782064337,0.2089904,0.0036056799,0.00240319633,0,0.312833317,119.715719,6232.62387,0,71.8364874,6280.5031,71.8364874,47.8792316,0,6232.62387,213.538299,19923.1469,0.403082583,8030.67319
703,-51,162,leading,177,2.78657909e-07,47.2159543,0.00730849778,47.254891,0.574242021,0.00785095355,0.327048233,0,0.00368160334,0.331217583,0.00864717401,0.777948033,0.213404793,0.00368160334,0.00416935021,0,0.327048233,19.15218,797.824951,0,8.98116763,807.995963,8.98116763,10.1710124,0,797.824951,24.6351061,2439.47184,0.425757979,1038.6246
704,-51,174,leading,-1,nan,nan,nan,nan,nan,nan,nan,nan,nan,nan,nan,nan,nan,nan,nan,nan,nan,nan,nan,nan,nan,nan,nan,nan,nan,nan,nan,nan,nan,nan
705,-51,186,trailing,13,0,0.000319603321,1.06508221e-05,0.000321558421,0.858832957,0.141166935,0,0,0.141166935,0,0.999999238,0,7.61968389e-07,0.141166935,0,0,0,114221.601,0,0,114221.601,0,114221.601,0,0,0,66634199.4,809124.437,0.141167043,114221.688
706,-51,198,trailing,26,0,0.000425509573,1.1064859e-05,0.000427007987,0.858923253,0.141076689,0,0,0.141076689,0,0.999999584,0,4.16144609e-07,0.141076689,0,0,0,218710.724,0,0,218710.724,0,218710.724,0,0,0,109623369,1550296.54,0.141076747,218710.815
707,-51,210,trailing,36,0,0.000574647202,1.1705185e-05,0.000575833219,0.859739635,0.140260326,0,0,0.140260326,0,0.999999717,0,2.8346827e-07,0.140260326,0,0,0,338682.219,0,0,338682.219,0,338682.219,0,0,0,146254869,2414668.78,0.140260365,338682.315
708,-51,222,trailing,40,0,0.000747343993,1.24152118e-05,0.00074823131,0.860543406,0.139456564,0,0,0.139456564,0,0.999999788,0,2.12014136e-07,0.139456564,0,0,0,452826.762,0,0,452826.762,0,452826.762,0,0,0,172519855,3247080.81,0.139456594,452826.858
709,-51,234,trailing,46,0,0.000932443792,1.31589413e-05,0.000933149002,0.860859462,0.139140514,0,0,0.139140514,0,0.99999983,0,1.70491834e-07,0.139140514,0,0,0,563110.087,0,0,563110.087,0,563110.087,0,0,0,191293204,4010339.94,0.139140538,563110.183
710,-51,246,trailing,47,0.00145729813,0.00109469336,1.37757139e-05,0.00109527706,0.861369519,0.13863046,0,0,0.13863046,0,0.999999851,0,1.49326992e-07,0.13863046,0,0,0,642922.335,0,0,642922.335,0,642922.335,0,0,0,203214688,4598596.36,0.138630481,642922.431
711,-51,258,trailing,49,0.0343897287,0.0012175979,1.42263917e-05,0.00121813271,0.861598331,0.13840165,0,0,0.13840165,0,0.999999862,0,1.37501578e-07,0.13840165,0,0,0,698214.866,0,0,698214.866,0,698214.866,0,0,0,210433854,5005771.19,0.138401669,698214.962
712,-51,270,trailing,50,0.0637982995,0.00126379201,1.43925242e-05,0.00126431319,0.861669652,0.138330329,0,0,0.138330329,0,0.999999866,0,1.33714027e-07,0.138330329,0,0,0,717992.301,0,0,717992.301,0,717992.301,0,0,0,212836709,5151344.73,0.138330348,717992.397
713,-51,282,trailing,49,0.0343897287,0.0012175979,1.42263917e-05,0.00121813271,0.861598331,0.13840165,0,0,0.13840165,0,0.999999862,0,1.37501578e-07,0.13840165,0,0,0,698214.866,0,0,698214.866,0,698214.866,0,0,0,210433854,5005771.19,0.138401669,698214.962
714,-51,294,trailing,47,0.00145729813,0.00109469336,1.37757139e-05,0.00109527706,0.861369519,0.13863046,0,0,0.13863046,0,0.999999851,0,1.49326992e-07,0.13863046,0,0,0,642922.335,0,0,642922.335,0,642922.335,0,0,0,203214688,4598596.36,0.138630481,642922.431
715,-51,306,trailing,46,0,0.000932443792,1.31589413e-05,0.000933149002,0.860859462,0.139140514,0,0,0.139140514,0,0.99999983,0,1.70491834e-07,0.139140514,0,0,0,563110.087,0,0,563110.087,0,563110.087,0,0,0,191293204,4010339.94,0.139140538,563110.183
716,-51,318,trailing,40,0,0.000747343993,1.24152118e-05,0.00074823131,0.860543406,0.139456564,0,0,0.139456564,0,0.999999788,0,2.12014136e-07,0.139456564,0,0,0,452826.762,0,0,452826.762,0,452826.762,0,0,0,172519855,3247080.81,0.139456594,452826.858
717,-51,330,trailing,36,0,0.000574647202,1.1705185e-05,0.000575833219,0.859739635,0.140260326,0,0,0.140260326,0,0.999999717,0,2.8346827e-07,0.140260326,0,0,0,338682.219,0,0,338682.219,0,338682.219,0,0,0,146254869,2414668.78,0.140260365,338682.315
718,-51,342,trailing,26,0,0.000425509573,1.1064859e-05,0.000427007987,0.858923253,0.141076689,0,0,0.141076689,0,0.999999584,0,4.16144609e-07,0.141076689,0,0,0,218710.724,0,0,218710.724,0,218710.724,0,0,0,109623369,1550296.54,0.141076747,218710.815
719,-51,354,trailing,13,0,0.000319603321,1.06508221e-05,0.000321558421,0.858832957,0.141166935,0,0,0.141166935,0,0.999999238,0,7.61968389e-07,0.141166935,0,0,0,114221.601,0,0,114221.601,0,114221.601,0,0,0,66634199.4,809124.437,0.141167043,114221.688
720,-57,6,leading,-1,nan,nan,nan,nan,nan,nan,nan,nan,nan,nan,nan,nan,nan,nan,nan,nan,nan,nan,nan,nan,nan,nan,nan,nan,nan,nan,nan,nan,nan,nan
721,-57,18,leading,-1,nan,nan,nan,nan,nan,nan,nan,nan,nan,nan,nan,nan,nan,nan,nan,nan,nan,nan,nan,nan,nan,nan,nan,nan,nan,nan,nan,nan,nan,nan
722,-57,30,leading,178,1.78344209e-07,47.9505146,0.00753357617,47.9971832,0.580787846,0.00750355557,0.321683006,0,0.00430660129,0.32487996,0.0102730831,0.774977436,0.214749481,0.00430660129,0.00319695428,0,0.321683006,14.2285206,609.987258,0,8.16633725,616.049441,8.16633725,6.06218338,0,609.987258,19.1081317,1896.2372,0.419212154,794.925649
723,-57,42,leading,172,1.54094205e-06,47.2630483,0.00636889767,47.2945257,0.592032065,0.00644316871,0.315321457,0,0.00390596465,0.317858661,0.00957419521,0.779126578,0.211299227,0.00390596465,0.00253720406,0,0.315321457,88.0553519,4309.33025,0,53.3807366,4344.00487,53.3807366,34.6746153,0,4309.33025,143.431013,13666.4672,0.407967935,5575.48028
724,-57,54,leading,168,3.17390757e-06,46.0530165,0.00639224227,46.0903386,0.601025562,0.00584878243,0.306999405,0,0.00340995521,0.309438233,0.00854680122,0.775584105,0.215869093,0.00340995521,0.00243882721,0,0.306999405,139.983036,7347.63334,0,81.6128637,7406.00351,81.6128637,58.3701722,0,7347.63334,261.246163,24048.7497,0.398974438,9548.93668
725,-57,66,leading,167,4.71008089e-06,45.8812651,0.0064720605,45.9177785,0.608249164,0.00588853183,0.298740211,0,0.00309696493,0.301531778,0.00790544562,0.769702959,0.222391596,0.00309696493,0.0027915669,0,0.298740211,186.23156,9448.00113,0,97.945061,9536.28762,97.945061,88.2864988,0,9448.00113,353.341778,31741.1856,0.391750836,12389.5686
726,-57,78,leading,164,5.193238e-06,45.4465961,0.00643889733,45.483028,0.611066708,0.00612317119,0.294552204,0,0.00327141312,0.297403963,0.00841124478,0.764665737,0.226923019,0.00327141312,0.00285175806,0,0.294552204,222.32272,10694.7275,0,118.779868,10798.2704,118.779868,103.542852,0,10694.7275,411.35819,36423.4686,0.388933292,14121.5564
727,-57,90,leading,163,5.27010246e-06,45.3007238,0.00638747267,45.3369762,0.612160141,0.00640059618,0.293453854,0,0.00358251896,0.296271932,0.00923710877,0.763902742,0.226860149,0.00358251896,0.00281807721,0,0.293453854,242.519648,11119.0151,0,135.742236,11225.7925,135.742236,106.777412,0,11119.0151,431.301374,38005.2059,0.387839859,14695.3164
728,-57,102,leading,164,5.193238e-06,45.4465961,0.00643889733,45.483028,0.611066708,0.00612317119,0.294552204,0,0.00327141312,0.297403963,0.00841124478,0.764665737,0.226923019,0.00327141312,0.00285175806,0,0.294552204,222.32272,10694.7275,0,118.779868,10798.2704,118.779868,103.542852,0,10694.7275,411.35819,36423.4686,0.388933292,14121.5564
729,-57,114,leading,167,4.71008089e-06,45.8812651,0.0064720605,45.9177785,0.608249164,0.00588853183,0.298740211,0,0.00309696493,0.301531778,0.00790544562,0.769702959,0.222391596,0.00309696493,0.0027915669,0,0.298740211,186.23156,9448.00113,0,97.945061,9536.28762,97.945061,88.2864988,0,9448.00113,353.341778,31741.1856,0.391750836,12389.5686
730,-57,126,leading,168,3.17390757e-06,46.0530165,0.00639224227,46.0903386,0.601025562,0.00584878243,0.306999405,0,0.00340995521,0.309438233,0.00854680122,0.775584105,0.215869093,0.00340995521,0.00243882721,0,0.306999405,139.983036,7347.63334,0,81.6128637,7406.00351,81.6128637,58.3701722,0,7347.63334,261.246163,24048.7497,0.398974438,9548.93668
731,-57,138,leading,172,1.54094205e-06,47.2630483,0.00636889767,47.2945257,0.592032065,0.00644316871,0.315321457,0,0.00390596465,0.317858661,0.00957419521,0.779126578,0.211299227,0.00390596465,0.00253720406,0,0.315321457,88.0553519,4309.33025,0,53.3807366,4344.00487,53.3807366,34.6746153,0,4309.33025,143.431013,13666.4672,0.407967935,5575.48028
732,-57,150,leading,178,1.78344209e-07,47.9505146,0.00753357617,47.9971832,0.580787846,0.00750355557,0.321683006,0,0.00430660129,0.32487996,0.0102730831,0.774977436,0.214749481,0.00430660129,0.00319695428,0,0.321683006,14.2285206,609.987258,0,8.16633725,616.049441,8.16633725,6.06218338,0,609.987258,19.1081317,1896.2372,0.419212154,794.925649
733,-57,162,leading,-1,nan,nan,nan,nan,nan,nan,nan,nan,nan,nan,nan,nan,nan,nan,nan,nan,nan,nan,nan,nan,nan,nan,nan,nan,nan,nan,nan,nan,nan,nan
734,-57,174,leading,-1,nan,nan,nan,nan,nan,nan,nan,nan,nan,nan,nan,nan,nan,nan,nan,nan,nan,nan,nan,nan,nan,nan,nan,nan,nan,nan,nan,nan,nan,nan
735,-57,186,trailing,9,0,0.000270052108,1.03358348e-05,0.000272207181,0.858727745,0.141272255,0,0,0.141272255,0,1,0,3.16347493e-14,0.141272255,0,0,0,57039.7278,0,0,57039.7278,0,57039.7278,0,0,0,36492020.3,403757.511,0.141272255,57039.7278
736,-57,198,trailing,22,0,0.000337942101,1.07335357e-05,0.00033980529,0.858596591,0.141403313,0,0,0.141403313,0,0.999999321,0,6.791232e-07,0.141403313,0,0,0,134018.778,0,0,134018.778,0,134018.778,0,0,0,75734475.2,947776.795,0.141403409,134018.869
737,-57,210,trailing,30,0,0.000425509573,1.1064859e-05,0.000427007987,0.858923253,0.141076689,0,0,0.141076689,0,0.999999584,0,4.16144609e-07,0.141076689,0,0,0,218710.724,0,0,218710.724,0,218710.724,0,0,0,109623369,1550296.54,0.141076747,218710.815
738,-57,222,trailing,32,0,0.000523855331,1.14900179e-05,0.000525148565,0.859215232,0.140784723,0,0,0.140784723,0,0.999999681,0,3.18701314e-07,0.140784723,0,0,0,301240.228,0,0,301240.228,0,301240.228,0,0,0,135831403,2139722.42,0.140784768,301240.324
739,-57,234,trailing,37,0,0.000625175043,1.19081206e-05,0.000626277679,0.859952204,0.14004776,0,0,0.14004776,0,0.999999744,0,2.56470949e-07,0.14004776,0,0,0,374333.494,0,0,374333.494,0,374333.494,0,0,0,155185328,2672898.79,0.140047796,374333.59
740,-57,246,trailing,39,0,0.000711520339,1.2260308e-05,0.000712471771,0.860341571,0.139658398,0,0,0.139658398,0,0.999999777,0,2.22836653e-07,0.139658398,0,0,0,430834.299,0,0,430834.299,0,430834.299,0,0,0,167940574,3084914.99,0.139658429,430834.395
741,-57,258,trailing,38,0,0.000770611291,1.25089373e-05,0.000771471296,0.860523167,0.139476804,0,0,0.139476804,0,0.999999795,0,2.05349839e-07,0.139476804,0,0,0,467522.523,0,0,467522.523,0,467522.523,0,0,0,175360412,3351973.07,0.139476833,467522.619
742,-57,270,trailing,45,0,0.000795364517,1.26089025e-05,0.000796181034,0.860539556,0.139460416,0,0,0.139460416,0,0.999999801,0,1.99064535e-07,0.139460416,0,0,0,482284.173,0,0,482284.173,0,482284.173,0,0,0,178146050,3458215.33,0.139460444,482284.269
743,-57,282,trailing,38,0,0.000770611291,1.25089373e-05,0.000771471296,0.860523167,0.139476804,0,0,0.139476804,0,0.999999795,0,2.05349839e-07,0.139476804,0,0,0,467522.523,0,0,467522.523,0,467522.523,0,0,0,175360412,3351973.07,0.139476833,467522.619
744,-57,294,trailing,39,0,0.000711520339,1.2260308e-05,0.000712471771,0.860341571,0.139658398,0,0,0.139658398,0,0.999999777,0,2.22836653e-07,0.139658398,0,0,0,430834.299,0,0,430834.299,0,430834.299,0,0,0,167940574,3084914.99,0.139658429,430834.395
745,-57,306,trailing,37,0,0.000625175043,1.19081206e-05,0.000626277679,0.859952204,0.14004776,0,0,0.14004776,0,0.999999744,0,2.56470949e-07,0.14004776,0,0,0,374333.494,0,0,374333.494,0,374333.494,0,0,0,155185328,2672898.79,0.140047796,374333.59
746,-57,318,trailing,32,0,0.000523855331,1.14900179e-05,0.000525148565,0.859215232,0.140784723,0,0,0.140784723,0,0.999999681,0,3.18701314e-07,0.140784723,0,0,0,301240.228,0,0,301240.228,0,301240.228,0,0,0,135831403,2139722.42,0.140784768,301240.324
747,-57,330,trailing,30,0,0.000425509573,1.1064859e-05,0.000427007987,0.858923253,0.141076689,0,0,0.141076689,0,0.999999584,0,4.16144609e-07,0.141076689,0,0,0,218710.724,0,0,218710.724,0,218710.724,0,0,0,109623369,1550296.54,0.141076747,218710.815
748,-57,342,trailing,22,0,0.000337942101,1.07335357e-05,0.00033980529,0.858596591,0.141403313,0,0,0.141403313,0,0.999999321,0,6.791232e-07,0.141403313,0,0,0,134018.778,0,0,134018.778,0,134018.778,0,0,0,75734475.2,947776.795,0.141403409,134018.869
749,-57,354,trailing,9,0,0.000270052108,1.03358348e-05,0.000272207181,0.858727745,0.141272255,0,0,0.141272255,0,1,0,3.16347493e-14,0.141272255,0,0,0,57039.7278,0,0,57039.7278,0,57039.7278,0,0,0,36492020.3,403757.511,0.141272255,57039.7278
750,-63,6,leading,-1,nan,nan,nan,nan,nan,nan,nan,nan,nan,nan,nan,nan,nan,nan,nan,nan,nan,nan,nan,nan,nan,nan,nan,nan,nan,nan,nan,nan,nan,nan
751,-63,18,leading,-1,nan,nan,nan,nan,nan,nan,nan,nan,nan,nan,nan,nan,nan,nan,nan,nan,nan,nan,nan,nan,nan,nan,nan,nan,nan,nan,nan,nan,nan,nan
752,-63,30,leading,-1,nan,nan,nan,nan,nan,nan,nan,nan,nan,nan,nan,nan,nan,nan,nan,nan,nan,nan,nan,nan,nan,nan,nan,nan,nan,nan,nan,nan,nan,nan
753,-63,42,leading,-1,nan,nan,nan,nan,nan,nan,nan,nan,nan,nan,nan,nan,nan,nan,nan,nan,nan,nan,nan,nan,nan,nan,nan,nan,nan,nan,nan,nan,nan,nan
754,-63,54,leading,176,4.9993259e-07,46.6507746,0.00658170023,46.6850995,0.574094026,0.00631428923,0.330002419,0,0.00251147212,0.333805236,0.00589677599,0.783753355,0.210349869,0.00251147212,0.00380281711,0,0.330002419,27.2420056,1423.74342,0,10.8353506,1440.15008,10.8353506,16.406655,0,1423.74342,43.8423036,4314.34223,0.425905974,1837.50419
755,-63,66,leading,175,1.18934489e-06,47.8454265,0.00632821636,47.8734325,0.589421131,0.00573808309,0.317238535,0,0.00302206526,0.319954553,0.00736049876,0.779276715,0.213362786,0.00302206526,0.00271601784,0,0.317238535,57.14731,3159.47479,0,30.0976645,3186.52444,30.0976645,27.0496455,0,3159.47479,103.193806,9959.30294,0.410578869,4089.0795
756,-63,78,leading,173,1.5352048e-06,47.269693,0.0063706798,47.3011681,0.592003691,0.00644869184,0.315363954,0,0.00391128354,0.317901363,0.00958656598,0.779177055,0.211236379,0.00391128354,0.0025374083,0,0.315363954,87.9390467,4300.53199,0,53.3371038,4335.13393,53.3371038,34.601943,0,4300.53199,143.103034,13636.7268,0.407996309,5563.73408
757,-63,90,leading,171,1.69489099e-06,47.0954424,0.00632389196,47.1269761,0.59274986,0.00630344679,0.314246383,0,0.00377140946,0.31677842,0.00926067074,0.777847296,0.212892033,0.00377140946,0.00253203734,0,0.314246383,91.1761952,4545.41626,0,54.5515455,4582.04091,54.5515455,36.6246497,0,4545.41626,152.231769,14464.4986,0.40725014,5890.66894
758,-63,102,leading,173,1.5352048e-06,47.269693,0.0063706798,47.3011681,0.592003691,0.00644869184,0.315363954,0,0.00391128354,0.317901363,0.00958656598,0.779177055,0.211236379,0.00391128354,0.0025374083,0,0.315363954,87.9390467,4300.53199,0,53.3371038,4335.13393,53.3371038,34.601943,0,4300.53199,143.103034,13636.7268,0.407996309,5563.73408
759,-63,114,leading,175,1.18934489e-06,47.8454265,0.00632821636,47.8734325,0.589421131,0.00573808309,0.317238535,0,0.00302206526,0.319954553,0.00736049876,0.779276715,0.213362786,0.00302206526,0.00271601784,0,0.317238535,57.14731,3159.47479,0,30.0976645,3186.52444,30.0976645,27.0496455,0,3159.47479,103.193806,9959.30294,0.410578869,4089.0795
760,-63,126,leading,176,4.9993259e-07,46.6507746,0.00658170023,46.6850995,0.574094026,0.00631428923,0.330002419,0,0.00251147212,0.333805236,0.00589677599,0.783753355,0.210349869,0.00251147212,0.00380281711,0,0.330002419,27.2420056,1423.74342,0,10.8353506,1440.15008,10.8353506,16.406655,0,1423.74342,43.8423036,4314.34223,0.425905974,1837.50419
761,-63,138,leading,-1,nan,nan,nan,nan,nan,nan,nan,nan,nan,nan,nan,nan,nan,nan,nan,nan,nan,nan,nan,nan,nan,nan,nan,nan,nan,nan,nan,nan,nan,nan
762,-63,150,leading,-1,nan,nan,nan,nan,nan,nan,nan,nan,nan,nan,nan,nan,nan,nan,nan,nan,nan,nan,nan,nan,nan,nan,nan,nan,nan,nan,nan,nan,nan,nan
763,-63,162,leading,-1,nan,nan,nan,nan,nan,nan,nan,nan,nan,nan,nan,nan,nan,nan,nan,nan,nan,nan,nan,nan,nan,nan,nan,nan,nan,nan,nan,nan,nan,nan
764,-63,174,leading,-1,nan,nan,nan,nan,nan,nan,nan,nan,nan,nan,nan,nan,nan,nan,nan,nan,nan,nan,nan,nan,nan,nan,nan,nan,nan,nan,nan,nan,nan,nan
765,-63,186,trailing,5,0,0.000237008275,1.01334461e-05,0.000239398983,0.860758023,0.139241977,0,0,0.139241977,0,1,0,2.77007724e-14,0.139241977,0,0,0,12673.4717,0,0,12673.4717,0,12673.4717,0,0,0,8888488.36,91017.6402,0.139241977,12673.4717
766,-63,198,trailing,14,0,0.000279678511,1.0429029e-05,0.000281795128,0.858205367,0.141794633,0,0,0.141794633,0,1,0,3.34689997e-14,0.141794633,0,0,0,69566.0598,0,0,69566.0598,0,69566.0598,0,0,0,43439132.1,490611.447,0.141794633,69566.0598
767,-63,210,trailing,23,0,0.000335002639,1.07203882e-05,0.000336882915,0.858539578,0.141460324,0,0,0.141460324,0,0.999999306,0,6.94354148e-07,0.141460324,0,0,0,131079.018,0,0,131079.018,0,131079.018,0,0,0,74380151.4,926613.343,0.141460422,131079.109
768,-63,222,trailing,24,0,0.000393699172,1.09590822e-05,0.000395323651,0.858777227,0.141222706,0,0,0.141222706,0,0.99999952,0,4.80026079e-07,0.141222706,0,0,0,189604.869,0,0,189604.869,0,189604.869,0,0,0,98874605.1,1342594.55,0.141222773,189604.96
769,-63,234,trailing,29,0,0.000449904286,1.11491544e-05,0.00045136818,0.85851435,0.141485597,0,0,0.141485597,0,0.999999623,0,3.77349437e-07,0.141485597,0,0,0,241196.315,0,0,241196.315,0,241196.315,0,0,0,117065216,1704740.9,0.14148565,241196.406
770,-63,246,trailing,31,0,0.000497061781,1.13665872e-05,0.000498409618,0.858787039,0.141212913,0,0,0.141212913,0,0.999999658,0,3.42095949e-07,0.141212913,0,0,0,280639.551,0,0,280639.551,0,280639.551,0,0,0,129596944,1987350.46,0.141212961,280639.647
771,-63,258,trailing,27,0,0.000530635472,1.15171924e-05,0.000531913975,0.859145106,0.140854849,0,0,0.140854849,0,0.999999687,0,3.12896663e-07,0.140854849,0,0,0,306828.64,0,0,306828.64,0,306828.64,0,0,0,137356152,2178332.07,0.140854894,306828.736
772,-63,270,trailing,41,0,0.000542580018,1.15702348e-05,0.000543825717,0.859414193,0.140585764,0,0,0.140585764,0,0.999999696,0,3.04431378e-07,0.140585764,0,0,0,315360.591,0,0,315360.591,0,315360.591,0,0,0,139872469,2243190.13,0.140585807,315360.687
773,-63,282,trailing,27,0,0.000530635472,1.15171924e-05,0.000531913975,0.859145106,0.140854849,0,0,0.140854849,0,0.999999687,0,3.12896663e-07,0.140854849,0,0,0,306828.64,0,0,306828.64,0,306828.64,0,0,0,137356152,2178332.07,0.140854894,306828.736
774,-63,294,trailing,31,0,0.000497061781,1.13665872e-05,0.000498409618,0.858787039,0.141212913,0,0,0.141212913,0,0.999999658,0,3.42095949e-07,0.141212913,0,0,0,280639.551,0,0,280639.551,0,280639.551,0,0,0,129596944,1987350.46,0.141212961,280639.647
775,-63,306,trailing,29,0,0.000449904286,1.11491544e-05,0.00045136818,0.85851435,0.141485597,0,0,0.141485597,0,0.999999623,0,3.77349437e-07,0.141485597,0,0,0,241196.315,0,0,241196.315,0,241196.315,0,0,0,117065216,1704740.9,0.14148565,241196.406
776,-63,318,trailing,24,0,0.000393699172,1.09590822e-05,0.000395323651,0.858777227,0.141222706,0,0,0.141222706,0,0.99999952,0,4.80026079e-07,0.141222706,0,0,0,189604.869,0,0,189604.869,0,189604.869,0,0,0,98874605.1,1342594.55,0.141222773,189604.96
777,-63,330,trailing,23,0,0.000335002639,1.07203882e-05,0.000336882915,0.858539578,0.141460324,0,0,0.141460324,0,0.999999306,0,6.94354148e-07,0.141460324,0,0,0,131079.018,0,0,131079.018,0,131079.018,0,0,0,74380151.4,926613.343,0.141460422,131079.109
778,-63,342,trailing,14,0,0.000279678511,1.0429029e-05,0.000281795128,0.858205367,0.141794633,0,0,0.141794633,0,1,0,3.34689997e-14,0.141794633,0,0,0,69566.0598,0,0,69566.0598,0,69566.0598,0,0,0,43439132.1,490611.447,0.141794633,69566.0598
779,-63,354,trailing,5,0,0.000237008275,1.01334461e-05,0.000239398983,0.860758023,0.139241977,0,0,0.139241977,0,1,0,2.77007724e-14,0.139241977,0,0,0,12673.4717,0,0,12673.4717,0,12673.4717,0,0,0,8888488.36,91017.6402,0.139241977,12673.4717
780,-69,6,leading,-1,nan,nan,nan,nan,nan,nan,nan,nan,nan,nan,nan,nan,nan,nan,nan,nan,nan,nan,nan,nan,nan,nan,nan,nan,nan,nan,nan,nan,nan,nan
781,-69,18,leading,-1,nan,nan,nan,nan,nan,nan,nan,nan,nan,nan,nan,nan,nan,nan,nan,nan,nan,nan,nan,nan,nan,nan,nan,nan,nan,nan,nan,nan,nan,nan
782,-69,30,leading,-1,nan,nan,nan,nan,nan,nan,nan,nan,nan,nan,nan,nan,nan,nan,nan,nan,nan,nan,nan,nan,nan,nan,nan,nan,nan,nan,nan,nan,nan,nan
783,-69,42,leading,-1,nan,nan,nan,nan,nan,nan,nan,nan,nan,nan,nan,nan,nan,nan,nan,nan,nan,nan,nan,nan,nan,nan,nan,nan,nan,nan,nan,nan,nan,nan
784,-69,54,leading,-1,nan,nan,nan,nan,nan,nan,nan,nan,nan,nan,nan,nan,nan,nan,nan,nan,nan,nan,nan,nan,nan,nan,nan,nan,nan,nan,nan,nan,nan,nan
785,-69,66,leading,-1,nan,nan,nan,nan,nan,nan,nan,nan,nan,nan,nan,nan,nan,nan,nan,nan,nan,nan,nan,nan,nan,nan,nan,nan,nan,nan,nan,nan,nan,nan
786,-69,78,leading,-1,nan,nan,nan,nan,nan,nan,nan,nan,nan,nan,nan,nan,nan,nan,nan,nan,nan,nan,nan,nan,nan,nan,nan,nan,nan,nan,nan,nan,nan,nan
787,-69,90,leading,-1,nan,nan,nan,nan,nan,nan,nan,nan,nan,nan,nan,nan,nan,nan,nan,nan,nan,nan,nan,nan,nan,nan,nan,nan,nan,nan,nan,nan,nan,nan
788,-69,102,leading,-1,nan,nan,nan,nan,nan,nan,nan,nan,nan,nan,nan,nan,nan,nan,nan,nan,nan,nan,nan,nan,nan,nan,nan,nan,nan,nan,nan,nan,nan,nan
789,-69,114,leading,-1,nan,nan,nan,nan,nan,nan,nan,nan,nan,nan,nan,nan,nan,nan,nan,nan,nan,nan,nan,nan,nan,nan,nan,nan,nan,nan,nan,nan,nan,nan
790,-69,126,leading,-1,nan,nan,nan,nan,nan,nan,nan,nan,nan,nan,nan,nan,nan,nan,nan,nan,nan,nan,nan,nan,nan,nan,nan,nan,nan,nan,nan,nan,nan,nan
791,-69,138,leading,-1,nan,nan,nan,nan,nan,nan,nan,nan,nan,nan,nan,nan,nan,nan,nan,nan,nan,nan,nan,nan,nan,nan,nan,nan,nan,nan,nan,nan,nan,nan
792,-69,150,leading,-1,nan,nan,nan,nan,nan,nan,nan,nan,nan,nan,nan,nan,nan,nan,nan,nan,nan,nan,nan,nan,nan,nan,nan,nan,nan,nan,nan,nan,nan,nan
793,-69,162,leading,-1,nan,nan,nan,nan,nan,nan,nan,nan,nan,nan,nan,nan,nan,nan,nan,nan,nan,nan,nan,nan,nan,nan,nan,nan,nan,nan,nan,nan,nan,nan
794,-69,174,leading,-1,nan,nan,nan,nan,nan,nan,nan,nan,nan,nan,nan,nan,nan,nan,nan,nan,nan,nan,nan,nan,nan,nan,nan,nan,nan,nan,nan,nan,nan,nan
795,-69,186,trailing,-1,nan,nan,nan,nan,nan,nan,nan,nan,nan,nan,nan,nan,nan,nan,nan,nan,nan,nan,nan,nan,nan,nan,nan,nan,nan,nan,nan,nan,nan,nan
796,-69,198,trailing,12,0,0.000242806709,1.01641038e-05,0.000245108757,0.860410029,0.139589971,0,0,0.139589971,0,1,0,2.84629105e-14,0.139589971,0,0,0,21217.2427,0,0,21217.2427,0,21217.2427,0,0,0,14614680.6,151996.898,0.139589971,21217.2427
797,-69,210,trailing,15,0,0.000275287307,1.03861661e-05,0.000277408753,0.858457197,0.141542803,0,0,0.141542803,0,1,0,3.28797529e-14,0.141542803,0,0,0,63952.7845,0,0,63952.7845,0,63952.7845,0,0,0,40371995.8,451826.501,0.141542803,63952.7845
798,-69,222,trailing,17,0,0.000310701568,1.06107695e-05,0.000312686695,0.858973723,0.141026159,0,0,0.141026159,0,0.999999166,0,8.34236184e-07,0.141026159,0,0,0,104326.861,0,0,104326.861,0,104326.861,0,0,0,61866205.1,739769.589,0.141026277,104326.948
799,-69,234,trailing,19,0,0.000342339351,1.07542366e-05,0.00034418777,0.858571779,0.141428128,0,0,0.141428128,0,0.999999343,0,6.5690824e-07,0.141428128,0,0,0,138550.954,0,0,138550.954,0,138550.954,0,0,0,77749439.3,979656.251,0.141428221,138551.045
800,-69,246,trailing,18,0,0.000369297207,1.08688779e-05,0.000371041387,0.858622356,0.141377566,0,0,0.141377566,0,0.999999452,0,5.479783e-07,0.141377566,0,0,0,166092.845,0,0,166092.845,0,166092.845,0,0,0,89506976.6,1174817.44,0.141377644,166092.936
801,-69,258,trailing,16,0,0.000386896354,1.09382833e-05,0.000388558168,0.858577766,0.141422164,0,0,0.141422164,0,0.999999504,0,4.96043654e-07,0.141422164,0,0,0,183482.4,0,0,183482.4,0,183482.4,0,0,0,96416804.6,1297408.91,0.141422234,183482.491
802,-69,270,trailing,35,0,0.000393699172,1.09590822e-05,0.000395323651,0.858777227,0.141222706,0,0,0.141222706,0,0.99999952,0,4.80026079e-07,0.141222706,0,0,0,189604.869,0,0,189604.869,0,189604.869,0,0,0,98874605.1,1342594.55,0.141222773,189604.96
803,-69,282,trailing,16,0,0.000386896354,1.09382833e-05,0.000388558168,0.858577766,0.141422164,0,0,0.141422164,0,0.999999504,0,4.96043654e-07,0.141422164,0,0,0,183482.4,0,0,183482.4,0,183482.4,0,0,0,96416804.6,1297408.91,0.141422234,183482.491
804,-69,294,trailing,18,0,0.000369297207,1.08688779e-05,0.000371041387,0.858622356,0.141377566,0,0,0.141377566,0,0.999999452,0,5.479783e-07,0.141377566,0,0,0,166092.845,0,0,166092.845,0,166092.845,0,0,0,89506976.6,1174817.44,0.141377644,166092.936
805,-69,306,trailing,19,0,0.000342339351,1.07542366e-05,0.00034418777,0.858571779,0.141428128,0,0,0.141428128,0,0.999999343,0,6.5690824e-07,0.141428128,0,0,0,138550.954,0,0,138550.954,0,138550.954,0,0,0,77749439.3,979656.251,0.141428221,138551.045
806,-69,318,trailing,17,0,0.000310701568,1.06107695e-05,0.000312686695,0.858973723,0.141026159,0,0,0.141026159,0,0.999999166,0,8.34236184e-07,0.141026159,0,0,0,104326.861,0,0,104326.861,0,104326.861,0,0,0,61866205.1,739769.589,0.141026277,104326.948
807,-69,330,trailing,15,0,0.000275287307,1.03861661e-05,0.000277408753,0.858457197,0.141542803,0,0,0.141542803,0,1,0,3.28797529e-14,0.141542803,0,0,0,63952.7845,0,0,63952.7845,0,63952.7845,0,0,0,40371995.8,451826.501,0.141542803,63952.7845
808,-69,342,trailing,12,0,0.000242806709,1.01641038e-05,0.000245108757,0.860410029,0.139589971,0,0,0.139589971,0,1,0,2.84629105e-14,0.139589971,0,0,0,21217.2427,0,0,21217.2427,0,21217.2427,0,0,0,14614680.6,151996.898,0.139589971,21217.2427
809,-69,354,trailing,-1,nan,nan,nan,nan,nan,nan,nan,nan,nan,nan,nan,nan,nan,nan,nan,nan,nan,nan,nan,nan,nan,nan,nan,nan,nan,nan,nan,nan,nan,nan
810,-75,6,leading,-1,nan,nan,nan,nan,nan,nan,nan,nan,nan,nan,nan,nan,nan,nan,nan,nan,nan,nan,nan,nan,nan,nan,nan,nan,nan,nan,nan,nan,nan,nan
811,-75,18,leading,-1,nan,nan,nan,nan,nan,nan,nan,nan,nan,nan,nan,nan,nan,nan,nan,nan,nan,nan,nan,nan,nan,nan,nan,nan,nan,nan,nan,nan,nan,nan
812,-75,30,leading,-1,nan,nan,nan,nan,nan,nan,nan,nan,nan,nan,nan,nan,nan,nan,nan,nan,nan,nan,nan,nan,nan,nan,nan,nan,nan,nan,nan,nan,nan,nan
813,-75,42,leading,-1,nan,nan,nan,nan,nan,nan,nan,nan,nan,nan,nan,nan,nan,nan,nan,nan,nan,nan,nan,nan,nan,nan,nan,nan,nan,nan,nan,nan,nan,nan
814,-75,54,leading,-1,nan,nan,nan,nan,nan,nan,nan,nan,nan,nan,nan,nan,nan,nan,nan,nan,nan,nan,nan,nan,nan,nan,nan,nan,nan,nan,nan,nan,nan,nan
815,-75,66,leading,-1,nan,nan,nan,nan,nan,nan,nan,nan,nan,nan,nan,nan,nan,nan,nan,nan,nan,nan,nan,nan,nan,nan,nan,nan,nan,nan,nan,nan,nan,nan
816,-75,78,leading,-1,nan,nan,nan,nan,nan,nan,nan,nan,nan,nan,nan,nan,nan,nan,nan,nan,nan,nan,nan,nan,nan,nan,nan,nan,nan,nan,nan,nan,nan,nan
817,-75,90,leading,-1,nan,nan,nan,nan,nan,nan,nan,nan,nan,nan,nan,nan,nan,nan,nan,nan,nan,nan,nan,nan,nan,nan,nan,nan,nan,nan,nan,nan,nan,nan
818,-75,102,leading,-1,nan,nan,nan,nan,nan,nan,nan,nan,nan,nan,nan,nan,nan,nan,nan,nan,nan,nan,nan,nan,nan,nan,nan,nan,nan,nan,nan,nan,nan,nan
819,-75,114,leading,-1,nan,nan,nan,nan,nan,nan,nan,nan,nan,nan,nan,nan,nan,nan,nan,nan,nan,nan,nan,nan,nan,nan,nan,nan,nan,nan,nan,nan,nan,nan
820,-75,126,leading,-1,nan,nan,nan,nan,nan,nan,nan,nan,nan,nan,nan,nan,nan,nan,nan,nan,nan,nan,nan,nan,nan,nan,nan,nan,nan,nan,nan,nan,nan,nan
821,-75,138,leading,-1,nan,nan,nan,nan,nan,nan,nan,nan,nan,nan,nan,nan,nan,nan,nan,nan,nan,nan,nan,nan,nan,nan,nan,nan,nan,nan,nan,nan,nan,nan
822,-75,150,leading,-1,nan,nan,nan,nan,nan,nan,nan,nan,nan,nan,nan,nan,nan,nan,nan,nan,nan,nan,nan,nan,nan,nan,nan,nan,nan,nan,nan,nan,nan,nan
823,-75,162,leading,-1,nan,nan,nan,nan,nan,nan,nan,nan,nan,nan,nan,nan,nan,nan,nan,nan,nan,nan,nan,nan,nan,nan,nan,nan,nan,nan,nan,nan,nan,nan
824,-75,174,leading,-1,nan,nan,nan,nan,nan,nan,nan,nan,nan,nan,nan,nan,nan,nan,nan,nan,nan,nan,nan,nan,nan,nan,nan,nan,nan,nan,nan,nan,nan,nan
825,-75,186,trailing,-1,nan,nan,nan,nan,nan,nan,nan,nan,nan,nan,nan,nan,nan,nan,nan,nan,nan,nan,nan,nan,nan,nan,nan,nan,nan,nan,nan,nan,nan,nan
826,-75,198,trailing,6,nan,nan,nan,nan,nan,nan,nan,nan,nan,nan,nan,nan,nan,nan,nan,nan,nan,0,nan,nan,nan,nan,nan,nan,nan,nan,0,0,nan,0
827,-75,210,trailing,8,0,0.000236746486,1.01348519e-05,0.000239140937,0.860842389,0.139157611,0,0,0.139157611,0,1,0,2.81091303e-14,0.139157611,0,0,0,12359.9333,0,0,12359.9333,0,12359.9333,0,0,0,8679791.15,88819.696,0.139157611,12359.9333
828,-75,222,trailing,11,0,0.0002545636,1.02370307e-05,0.000256786134,0.857968128,0.142031872,0,0,0.142031872,0,1,0,2.99875529e-14,0.142031872,0,0,0,38578.5817,0,0,38578.5817,0,38578.5817,0,0,0,25351495.9,271619.169,0.142031872,38578.5817
829,-75,234,trailing,10,0,0.000272182755,1.03536572e-05,0.000274327792,0.858679916,0.141320084,0,0,0.141320084,0,1,0,3.18943823e-14,0.141320084,0,0,0,59769.1743,0,0,59769.1743,0,59769.1743,0,0,0,38050644.6,422934.779,0.141320084,59769.1743
830,-75,246,trailing,7,0,0.000285679888,1.04617119e-05,0.000287759024,0.858465798,0.141534168,0,0,0.141534168,0,0.99999976,0,2.4009643e-07,0.141534168,0,0,0,76357.9146,0,0,76357.9146,0,76357.9146,0,0,0,47225054.9,539501.568,0.141534202,76357.9329
831,-75,258,trailing,4,0,0.000295589464,1.05137516e-05,0.000297596355,0.858586077,0.141413783,0,0,0.141413783,0,0.999999005,0,9.94761815e-07,0.141413783,0,0,0,87491.5251,0,0,87491.5251,0,87491.5251,0,0,0,53175638.5,618691.528,0.141413923,87491.6121
832,-75,270,trailing,28,0,0.000299315915,1.05393133e-05,0.000301317168,0.858694269,0.141305597,0,0,0.141305597,0,0.999999051,0,9.49468231e-07,0.141305597,0,0,0,91665.239,0,0,91665.239,0,91665.239,0,0,0,55374631.3,648702.015,0.141305731,91665.326
833,-75,282,trailing,4,0,0.000295589464,1.05137516e-05,0.000297596355,0.858586077,0.141413783,0,0,0.141413783,0,0.999999005,0,9.94761815e-07,0.141413783,0,0,0,87491.5251,0,0,87491.5251,0,87491.5251,0,0,0,53175638.5,618691.528,0.141413923,87491.6121
834,-75,294,trailing,7,0,0.000285679888,1.04617119e-05,0.000287759024,0.858465798,0.141534168,0,0,0.141534168,0,0.99999976,0,2.4009643e-07,0.141534168,0,0,0,76357.9146,0,0,76357.9146,0,76357.9146,0,0,0,47225054.9,539501.568,0.141534202,76357.9329
835,-75,306,trailing,10,0,0.000272182755,1.03536572e-05,0.000274327792,0.858679916,0.141320084,0,0,0.141320084,0,1,0,3.18943823e-14,0.141320084,0,0,0,59769.1743,0,0,59769.1743,0,59769.1743,0,0,0,38050644.6,422934.779,0.141320084,59769.1743
836,-75,318,trailing,11,0,0.0002545636,1.02370307e-05,0.000256786134,0.857968128,0.142031872,0,0,0.142031872,0,1,0,2.99875529e-14,0.142031872,0,0,0,38578.5817,0,0,38578.5817,0,38578.5817,0,0,0,25351495.9,271619.169,0.142031872,38578.5817
837,-75,330,trailing,8,0,0.000236746486,1.01348519e-05,0.000239140937,0.860842389,0.139157611,0,0,0.139157611,0,1,0,2.81091303e-14,0.139157611,0,0,0,12359.9333,0,0,12359.9333,0,12359.9333,0,0,0,8679791.15,88819.696,0.139157611,12359.9333
838,-75,342,trailing,6,nan,nan,nan,nan,nan,nan,nan,nan,nan,nan,nan,nan,nan,nan,nan,nan,nan,0,nan,nan,nan,nan,nan,nan,nan,nan,0,0,nan,0
839,-75,354,trailing,-1,nan,nan,nan,nan,nan,nan,nan,nan,nan,nan,nan,nan,nan,nan,nan,nan,nan,nan,nan,nan,nan,nan,nan,nan,nan,nan,nan,nan,nan,nan
840,-81,6,leading,-1,nan,nan,nan,nan,nan,nan,nan,nan,nan,nan,nan,nan,nan,nan,nan,nan,nan,nan,nan,nan,nan,nan,nan,nan,nan,nan,nan,nan,nan,nan
841,-81,18,leading,-1,nan,nan,nan,nan,nan,nan,nan,nan,nan,nan,nan,nan,nan,nan,nan,nan,nan,nan,nan,nan,nan,nan,nan,nan,nan,nan,nan,nan,nan,nan
842,-81,30,leading,-1,nan,nan,nan,nan,nan,nan,nan,nan,nan,nan,nan,nan,nan,nan,nan,nan,nan,nan,nan,nan,nan,nan,nan,nan,nan,nan,nan,nan,nan,nan
843,-81,42,leading,-1,nan,nan,nan,nan,nan,nan,nan,nan,nan,nan,nan,nan,nan,nan,nan,nan,nan,nan,nan,nan,nan,nan,nan,nan,nan,nan,nan,nan,nan,nan
844,-81,54,leading,-1,nan,nan,nan,nan,nan,nan,nan,nan,nan,nan,nan,nan,nan,nan,nan,nan,nan,nan,nan,nan,nan,nan,nan,nan,nan,nan,nan,nan,nan,nan
845,-81,66,leading,-1,nan,nan,nan,nan,nan,nan,nan,nan,nan,nan,nan,nan,nan,nan,nan,nan,nan,nan,nan,nan,nan,nan,nan,nan,nan,nan,nan,nan,nan,nan
846,-81,78,leading,-1,nan,nan,nan,nan,nan,nan,nan,nan,nan,nan,nan,nan,nan,nan,nan,nan,nan,nan,nan,nan,nan,nan,nan,nan,nan,nan,nan,nan,nan,nan
847,-81,90,leading,-1,nan,nan,nan,nan,nan,nan,nan,nan,nan,nan,nan,nan,nan,nan,nan,nan,nan,nan,nan,nan,nan,nan,nan,nan,nan,nan,nan,nan,nan,nan
848,-81,102,leading,-1,nan,nan,nan,nan,nan,nan,nan,nan,nan,nan,nan,nan,nan,nan,nan,nan,nan,nan,nan,nan,nan,nan,nan,nan,nan,nan,nan,nan,nan,nan
849,-81,114,leading,-1,nan,nan,nan,nan,nan,nan,nan,nan,nan,nan,nan,nan,nan,nan,nan,nan,nan,nan,nan,nan,nan,nan,nan,nan,nan,nan,nan,nan,nan,nan
850,-81,126,leading,-1,nan,nan,nan,nan,nan,nan,nan,nan,nan,nan,nan,nan,nan,nan,nan,nan,nan,nan,nan,nan,nan,nan,nan,nan,nan,nan,nan,nan,nan,nan
851,-81,138,leading,-1,nan,nan,nan,nan,nan,nan,nan,nan,nan,nan,nan,nan,nan,nan,nan,nan,nan,nan,nan,nan,nan,nan,nan,nan,nan,nan,nan,nan,nan,nan
852,-81,150,leading,-1,nan,nan,nan,nan,nan,nan,nan,nan,nan,nan,nan,nan,nan,nan,nan,nan,nan,nan,nan,nan,nan,nan,nan,nan,nan,nan,nan,nan,nan,nan
853,-81,162,leading,-1,nan,nan,nan,nan,nan,nan,nan,nan,nan,nan,nan,nan,nan,nan,nan,nan,nan,nan,nan,nan,nan,nan,nan,nan,nan,nan,nan,nan,nan,nan
854,-81,174,leading,-1,nan,nan,nan,nan,nan,nan,nan,nan,nan,nan,nan,nan,nan,nan,nan,nan,nan,nan,nan,nan,nan,nan,nan,nan,nan,nan,nan,nan,nan,nan
855,-81,186,trailing,-1,nan,nan,nan,nan,nan,nan,nan,nan,nan,nan,nan,nan,nan,nan,nan,nan,nan,nan,nan,nan,nan,nan,nan,nan,nan,nan,nan,nan,nan,nan
856,-81,198,trailing,-1,nan,nan,nan,nan,nan,nan,nan,nan,nan,nan,nan,nan,nan,nan,nan,nan,nan,nan,nan,nan,nan,nan,nan,nan,nan,nan,nan,nan,nan,nan
857,-81,210,trailing,-1,nan,nan,nan,nan,nan,nan,nan,nan,nan,nan,nan,nan,nan,nan,nan,nan,nan,nan,nan,nan,nan,nan,nan,nan,nan,nan,nan,nan,nan,nan
858,-81,222,trailing,3,nan,nan,nan,nan,nan,nan,nan,nan,nan,nan,nan,nan,nan,nan,nan,nan,nan,0,nan,nan,nan,nan,nan,nan,nan,nan,0,0,nan,0
859,-81,234,trailing,2,nan,nan,nan,nan,nan,nan,nan,nan,nan,nan,nan,nan,nan,nan,nan,nan,nan,0,nan,nan,nan,nan,nan,nan,nan,nan,0,0,nan,0
860,-81,246,trailing,1,0,0.000231463629,1.01108649e-05,0.000233953088,0.857517127,0.142482873,0,0,0.142482873,0,1,0,2.59960114e-14,0.142482873,0,0,0,6297.46787,0,0,6297.46787,0,6297.46787,0,0,0,4369194.06,44198.1224,0.142482873,6297.46787
861,-81,258,trailing,0,0,0.000235716037,1.01239014e-05,0.000238163117,0.859387633,0.140612367,0,0,0.140612367,0,1,0,2.62472033e-14,0.140612367,0,0,0,11226.9593,0,0,11226.9593,0,11226.9593,0,0,0,7817658.77,79843.3683,0.140612367,11226.9593
862,-81,270,trailing,21,0,0.000237741522,1.01295163e-05,0.000240121747,0.860522335,0.139477665,0,0,0.139477665,0,1,0,2.88099337e-14,0.139477665,0,0,0,13637.7166,0,0,13637.7166,0,13637.7166,0,0,0,9530308.42,97777.1202,0.139477665,13637.7166
863,-81,282,trailing,0,0,0.000235716037,1.01239014e-05,0.000238163117,0.859387633,0.140612367,0,0,0.140612367,0,1,0,2.62472033e-14,0.140612367,0,0,0,11226.9593,0,0,11226.9593,0,11226.9593,0,0,0,7817658.77,79843.3683,0.140612367,11226.9593
864,-81,294,trailing,1,0,0.000231463629,1.01108649e-05,0.000233953088,0.857517127,0.142482873,0,0,0.142482873,0,1,0,2.59960114e-14,0.142482873,0,0,0,6297.46787,0,0,6297.46787,0,6297.46787,0,0,0,4369194.06,44198.1224,0.142482873,6297.46787
865,-81,306,trailing,2,nan,nan,nan,nan,nan,nan,nan,nan,nan,nan,nan,nan,nan,nan,nan,nan,nan,0,nan,nan,nan,nan,nan,nan,nan,nan,0,0,nan,0
866,-81,318,trailing,3,nan,nan,nan,nan,nan,nan,nan,nan,nan,nan,nan,nan,nan,nan,nan,nan,nan,0,nan,nan,nan,nan,nan,nan,nan,nan,0,0,nan,0
867,-81,330,trailing,-1,nan,nan,nan,nan,nan,nan,nan,nan,nan,nan,nan,nan,nan,nan,nan,nan,nan,nan,nan,nan,nan,nan,nan,nan,nan,nan,nan,nan,nan,nan
868,-81,342,trailing,-1,nan,nan,nan,nan,nan,nan,nan,nan,nan,nan,nan,nan,nan,nan,nan,nan,nan,nan,nan,nan,nan,nan,nan,nan,nan,nan,nan,nan,nan,nan
869,-81,354,trailing,-1,nan,nan,nan,nan,nan,nan,nan,nan,nan,nan,nan,nan,nan,nan,nan,nan,nan,nan,nan,nan,nan,nan,nan,nan,nan,nan,nan,nan,nan,nan
870,-87,6,leading,-1,nan,nan,nan,nan,nan,nan,nan,nan,nan,nan,nan,nan,nan,nan,nan,nan,nan,nan,nan,nan,nan,nan,nan,nan,nan,nan,nan,nan,nan,nan
871,-87,18,leading,-1,nan,nan,nan,nan,nan,nan,nan,nan,nan,nan,nan,nan,nan,nan,nan,nan,nan,nan,nan,nan,nan,nan,nan,nan,nan,nan,nan,nan,nan,nan
872,-87,30,leading,-1,nan,nan,nan,nan,nan,nan,nan,nan,nan,nan,nan,nan,nan,nan,nan,nan,nan,nan,nan,nan,nan,nan,nan,nan,nan,nan,nan,nan,nan,nan
873,-87,42,leading,-1,nan,nan,nan,nan,nan,nan,nan,nan,nan,nan,nan,nan,nan,nan,nan,nan,nan,nan,nan,nan,nan,nan,nan,nan,nan,nan,nan,nan,nan,nan
874,-87,54,leading,-1,nan,nan,nan,nan,nan,nan,nan,nan,nan,nan,nan,nan,nan,nan,nan,nan,nan,nan,nan,nan,nan,nan,nan,nan,nan,nan,nan,nan,nan,nan
875,-87,66,leading,-1,nan,nan,nan,nan,nan,nan,nan,nan,nan,nan,nan,nan,nan,nan,nan,nan,nan,nan,nan,nan,nan,nan,nan,nan,nan,nan,nan,nan,nan,nan
876,-87,78,leading,-1,nan,nan,nan,nan,nan,nan,nan,nan,nan,nan,nan,nan,nan,nan,nan,nan,nan,nan,nan,nan,nan,nan,nan,nan,nan,nan,nan,nan,nan,nan
877,-87,90,leading,-1,nan,nan,nan,nan,nan,nan,nan,nan,nan,nan,nan,nan,nan,nan,nan,nan,nan,nan,nan,nan,nan,nan,nan,nan,nan,nan,nan,nan,nan,nan
878,-87,102,leading,-1,nan,nan,nan,nan,nan,nan,nan,nan,nan,nan,nan,nan,nan,nan,nan,nan,nan,nan,nan,nan,nan,nan,nan,nan,nan,nan,nan,nan,nan,nan
879,-87,114,leading,-1,nan,nan,nan,nan,nan,nan,nan,nan,nan,nan,nan,nan,nan,nan,nan,nan,nan,nan,nan,nan,nan,nan,nan,nan,nan,nan,nan,nan,nan,nan
880,-87,126,leading,-1,nan,nan,nan,nan,nan,nan,nan,nan,nan,nan,nan,nan,nan,nan,nan,nan,nan,nan,nan,nan,nan,nan,nan,nan,nan,nan,nan,nan,nan,nan
881,-87,138,leading,-1,nan,nan,nan,nan,nan,nan,nan,nan,nan,nan,nan,nan,nan,nan,nan,nan,nan,nan,nan,nan,nan,nan,nan,nan,nan,nan,nan,nan,nan,nan
882,-87,150,leading,-1,nan,nan,nan,nan,nan,nan,nan,nan,nan,nan,nan,nan,nan,nan,nan,nan,nan,nan,nan,nan,nan,nan,nan,nan,nan,nan,nan,nan,nan,nan
883,-87,162,leading,-1,nan,nan,nan,nan,nan,nan,nan,nan,nan,nan,nan,nan,nan,nan,nan,nan,nan,nan,nan,nan,nan,nan,nan,nan,nan,nan,nan,nan,nan,nan
884,-87,174,leading,-1,nan,nan,nan,nan,nan,nan,nan,nan,nan,nan,nan,nan,nan,nan,nan,nan,nan,nan,nan,nan,nan,nan,nan,nan,nan,nan,nan,nan,nan,nan
885,-87,186,trailing,-1,nan,nan,nan,nan,nan,nan,nan,nan,nan,nan,nan,nan,nan,nan,nan,nan,nan,nan,nan,nan,nan,nan,nan,nan,nan,nan,nan,nan,nan,nan
886,-87,198,trailing,-1,nan,nan,nan,nan,nan,nan,nan,nan,nan,nan,nan,nan,nan,nan,nan,nan,nan,nan,nan,nan,nan,nan,nan,nan,nan,nan,nan,nan,nan,nan
887,-87,210,trailing,-1,nan,nan,nan,nan,nan,nan,nan,nan,nan,nan,nan,nan,nan,nan,nan,nan,nan,nan,nan,nan,nan,nan,nan,nan,nan,nan,nan,nan,nan,nan
888,-87,222,trailing,-1,nan,nan,nan,nan,nan,nan,nan,nan,nan,nan,nan,nan,nan,nan,nan,nan,nan,nan,nan,nan,nan,nan,nan,nan,nan,nan,nan,nan,nan,nan
889,-87,234,trailing,-1,nan,nan,nan,nan,nan,nan,nan,nan,nan,nan,nan,nan,nan,nan,nan,nan,nan,nan,nan,nan,nan,nan,nan,nan,nan,nan,nan,nan,nan,nan
890,-87,246,trailing,-1,nan,nan,nan,nan,nan,nan,nan,nan,nan,nan,nan,nan,nan,nan,nan,nan,nan,nan,nan,nan,nan,nan,nan,nan,nan,nan,nan,nan,nan,nan
891,-87,258,trailing,-1,nan,nan,nan,nan,nan,nan,nan,nan,nan,nan,nan,nan,nan,nan,nan,nan,nan,nan,nan,nan,nan,nan,nan,nan,nan,nan,nan,nan,nan,nan
892,-87,270,trailing,-1,nan,nan,nan,nan,nan,nan,nan,nan,nan,nan,nan,nan,nan,nan,nan,nan,nan,nan,nan,nan,nan,nan,nan,nan,nan,nan,nan,nan,nan,nan
893,-87,282,trailing,-1,nan,nan,nan,nan,nan,nan,nan,nan,nan,nan,nan,nan,nan,nan,nan,nan,nan,nan,nan,nan,nan,nan,nan,nan,nan,nan,nan,nan,nan,nan
894,-87,294,trailing,-1,nan,nan,nan,nan,nan,nan,nan,nan,nan,nan,nan,nan,nan,nan,nan,nan,nan,nan,nan,nan,nan,nan,nan,nan,nan,nan,nan,nan,nan,nan
895,-87,306,trailing,-1,nan,nan,nan,nan,nan,nan,nan,nan,nan,nan,nan,nan,nan,nan,nan,nan,nan,nan,nan,nan,nan,nan,nan,nan,nan,nan,nan,nan,nan,nan
896,-87,318,trailing,-1,nan,nan,nan,nan,nan,nan,nan,nan,nan,nan,nan,nan,nan,nan,nan,nan,nan,nan,nan,nan,nan,nan,nan,nan,nan,nan,nan,nan,nan,nan
897,-87,330,trailing,-1,nan,nan,nan,nan,nan,nan,nan,nan,nan,nan,nan,nan,nan,nan,nan,nan,nan,nan,nan,nan,nan,nan,nan,nan,nan,nan,nan,nan,nan,nan
898,-87,342,trailing,-1,nan,nan,nan,nan,nan,nan,nan,nan,nan,nan,nan,nan,nan,nan,nan,nan,nan,nan,nan,nan,nan,nan,nan,nan,nan,nan,nan,nan,nan,nan
899,-87,354,trailing,-1,nan,nan,nan,nan,nan,nan,nan,nan,nan,nan,nan,nan,nan,nan,nan,nan,nan,nan,nan,nan,nan,nan,nan,nan,nan,nan,nan,nan,nan,nan
